# Blender 3.6.5
# www.blender.org
o Engine
v 0.036803 1.129960 -0.054721
v 0.036170 1.076300 -0.095159
v 0.037381 1.128425 -0.055872
v 0.036769 1.135527 -0.050526
v 0.035357 1.208282 0.004281
v 0.036636 1.157101 -0.034272
v 0.037195 1.158636 -0.033110
v -0.018718 1.128438 -0.056349
v -0.016865 1.076312 -0.095609
v -0.018159 1.129974 -0.055188
v -0.017678 1.208295 0.003831
v -0.018193 1.135541 -0.050993
v -0.018905 1.158650 -0.033587
v -0.018326 1.157115 -0.034739
v 0.048393 1.327345 0.070388
v 0.049009 1.326350 0.070211
v 0.049988 1.325517 0.070498
v -0.033376 1.325537 0.069790
v -0.032392 1.326370 0.069520
v -0.031779 1.327365 0.069706
v 0.026999 1.043454 0.293102
v 0.030116 1.050797 0.301309
v 0.028982 1.048124 0.298322
v 0.045631 1.220823 0.099464
v 0.047514 1.225258 0.104420
v 0.042340 1.213073 0.090802
v 0.026925 1.252062 0.307620
v 0.030043 1.259404 0.315826
v 0.028909 1.256732 0.312839
v 0.045557 1.429431 0.113981
v 0.047441 1.433866 0.118937
v 0.042266 1.421681 0.105319
v 0.036845 1.211000 -0.170773
v 0.035388 1.236623 -0.173904
v -0.014668 1.236634 -0.174329
v 0.026070 1.037231 -0.173562
v 0.031742 1.037230 -0.173514
v -0.014720 1.038539 -0.173888
v 0.007721 1.114470 0.133098
v 0.023482 1.114466 0.133232
v 0.007712 1.110389 0.133983
v 0.023473 1.110385 0.134116
v 0.007706 1.051563 0.133069
v 0.034238 1.114464 0.133323
v 0.023467 1.051559 0.133203
v 0.007705 1.036909 0.132842
v 0.034230 1.110383 0.134208
v 0.042397 1.114462 0.133393
v 0.034223 1.051557 0.133295
v 0.023466 1.036906 0.132976
v 0.007716 1.033798 0.131337
v 0.023477 1.033794 0.131471
v 0.034222 1.036903 0.133067
v 0.034234 1.033791 0.131562
v 0.042381 1.036901 0.133136
v 0.042393 1.033790 0.131631
v 0.043919 1.034348 0.131037
v 0.042389 1.110381 0.134277
v 0.043923 1.114232 0.132786
v 0.042382 1.051555 0.133364
v 0.043907 1.037460 0.132542
v 0.043909 1.051564 0.132760
v 0.043915 1.110152 0.133670
v 0.044549 1.040411 0.131105
v 0.044551 1.051587 0.131279
v 0.044557 1.109256 0.132174
v 0.044566 1.036174 0.129056
v 0.044566 1.113652 0.131221
v 0.043949 1.033104 0.127501
v 0.044607 1.034481 0.124243
v 0.043946 1.117667 0.130153
v 0.044591 1.117353 0.128385
v 0.042422 1.032546 0.128096
v 0.044834 1.034721 0.023359
v 0.045464 1.036047 0.023384
v 0.046401 1.037757 -0.086796
v 0.043313 1.034172 0.023337
v 0.034264 1.032548 0.128026
v 0.045798 1.036483 -0.090106
v 0.046441 1.039599 -0.091554
v 0.023507 1.032551 0.127935
v 0.035154 1.034174 0.023268
v 0.044282 1.035943 -0.090743
v 0.045828 1.037836 -0.093601
v 0.007747 1.032554 0.127801
v 0.008637 1.034181 0.023042
v 0.024398 1.034177 0.023176
v 0.009649 1.036029 -0.096009
v 0.025409 1.036025 -0.095875
v 0.036124 1.035945 -0.090813
v 0.045841 1.040992 -0.095008
v 0.046459 1.043897 -0.093470
v 0.033603 1.035984 -0.093320
v 0.031082 1.036023 -0.095827
v 0.035032 1.037032 -0.094677
v 0.034486 1.037526 -0.097432
v 0.036166 1.040455 -0.095715
v 0.037847 1.037474 -0.094089
v 0.044312 1.037296 -0.094238
v 0.044325 1.040453 -0.095646
v 0.044329 1.076298 -0.095089
v 0.045844 1.076125 -0.094463
v 0.046462 1.075708 -0.092976
v 0.045535 1.126413 -0.056574
v 0.046154 1.125630 -0.055364
v 0.041278 1.126738 -0.057110
v 0.044018 1.126738 -0.057086
v 0.045294 1.127223 -0.055690
v 0.039151 1.127151 -0.056818
v 0.038735 1.128667 -0.054932
v 0.039926 1.127807 -0.055568
v 0.041466 1.127508 -0.055779
v 0.045518 1.126731 -0.054541
v 0.045800 1.099075 -0.014434
v 0.044007 1.127507 -0.055758
v 0.045164 1.100250 -0.013726
v 0.045783 1.098385 -0.012425
v 0.043994 1.127187 -0.054211
v 0.041537 1.127187 -0.054232
v 0.040242 1.127438 -0.054054
v 0.039291 1.128123 -0.053546
v 0.043641 1.100737 -0.013443
v 0.045152 1.099750 -0.012273
v 0.038318 1.129780 -0.054099
v 0.045138 1.099976 -0.010653
v 0.045763 1.098721 -0.010019
v 0.045128 1.100847 -0.009446
v 0.045749 1.099924 -0.008350
v 0.045094 1.105989 -0.005259
v 0.045713 1.105348 -0.003934
v 0.045089 1.107283 -0.004704
v 0.045706 1.107137 -0.003166
v 0.045710 1.109284 -0.003552
v 0.045092 1.108728 -0.004963
v 0.045722 1.110776 -0.004907
v 0.043574 1.107344 -0.005351
v 0.043578 1.106255 -0.005819
v 0.043612 1.101230 -0.009910
v 0.045101 1.109808 -0.005944
v 0.046080 1.137640 -0.046315
v 0.043576 1.108498 -0.005558
v 0.043620 1.100497 -0.010926
v 0.043631 1.100316 -0.012220
v 0.041184 1.100738 -0.013464
v 0.041174 1.100317 -0.012241
v 0.041163 1.100497 -0.010947
v 0.039889 1.100982 -0.013277
v 0.038937 1.101649 -0.012742
v 0.040058 1.100650 -0.012763
v 0.040528 1.100406 -0.012384
v 0.039230 1.101074 -0.011851
v 0.040045 1.100652 -0.011195
v 0.041154 1.101230 -0.009931
v 0.038585 1.102560 -0.012002
v 0.038922 1.101896 -0.010975
v 0.039863 1.101409 -0.010216
v 0.041121 1.106256 -0.005839
v 0.039830 1.106434 -0.006125
v 0.038889 1.106921 -0.006883
v 0.041117 1.107345 -0.005372
v 0.039999 1.107499 -0.005619
v 0.038552 1.107586 -0.007911
v 0.039184 1.107921 -0.006276
v 0.038892 1.108497 -0.007166
v 0.038906 1.134216 -0.048957
v 0.038938 1.129058 -0.052843
v 0.038287 1.135059 -0.050123
v 0.040473 1.108588 -0.005721
v 0.040004 1.108831 -0.006101
v 0.041127 1.109408 -0.006405
v 0.041119 1.108499 -0.005579
v 0.039834 1.109164 -0.006614
v 0.043583 1.109407 -0.006384
v 0.039247 1.135152 -0.048250
v 0.038693 1.136170 -0.049285
v 0.045457 1.136542 -0.047149
v 0.040190 1.135837 -0.047726
v 0.043939 1.136087 -0.047506
v 0.037328 1.137063 -0.049365
v 0.039874 1.137026 -0.048632
v 0.041482 1.136087 -0.047527
v 0.041407 1.137323 -0.048395
v 0.039082 1.138336 -0.048390
v 0.036670 1.151534 -0.038466
v 0.043947 1.137323 -0.048374
v 0.041204 1.138747 -0.048062
v 0.045232 1.137372 -0.048047
v 0.043944 1.138746 -0.048038
v 0.045461 1.138422 -0.047526
v 0.041145 1.148313 -0.040855
v 0.043885 1.148312 -0.040832
v 0.045402 1.147987 -0.040320
v 0.046022 1.147204 -0.039109
v 0.045162 1.148796 -0.039435
v 0.045385 1.148305 -0.038287
v 0.045665 1.120457 0.002117
v 0.045029 1.121631 0.002825
v 0.045648 1.119766 0.004126
v 0.043861 1.148761 -0.037957
v 0.043874 1.149081 -0.039503
v 0.041334 1.149082 -0.039525
v 0.041404 1.148761 -0.037978
v 0.043506 1.122118 0.003108
v 0.045017 1.121132 0.004279
v 0.045003 1.121358 0.005898
v 0.045627 1.120102 0.006532
v 0.044993 1.122228 0.007106
v 0.045613 1.121306 0.008201
v 0.044958 1.127370 0.011292
v 0.045577 1.126730 0.012617
v 0.044954 1.128665 0.011848
v 0.045571 1.128519 0.013385
v 0.045575 1.130665 0.013000
v 0.044956 1.130109 0.011588
v 0.045587 1.132158 0.011643
v 0.043438 1.128726 0.011200
v 0.043442 1.127636 0.010733
v 0.043476 1.122611 0.006641
v 0.043484 1.121878 0.005625
v 0.044965 1.131189 0.010607
v 0.045948 1.159215 -0.030060
v 0.043441 1.129879 0.010994
v 0.043495 1.121698 0.004332
v 0.041049 1.122119 0.003087
v 0.041038 1.121698 0.004311
v 0.041027 1.121879 0.005604
v 0.041018 1.122612 0.006621
v 0.040985 1.127637 0.010712
v 0.040982 1.128727 0.011179
v 0.039909 1.122033 0.005357
v 0.039727 1.122790 0.006335
v 0.039694 1.127815 0.010426
v 0.040392 1.121787 0.004167
v 0.039864 1.128881 0.010932
v 0.040984 1.129880 0.010973
v 0.040338 1.129969 0.010830
v 0.040991 1.130789 0.010147
v 0.043448 1.130789 0.010167
v 0.039868 1.130213 0.010450
v 0.039049 1.129303 0.010275
v 0.045324 1.158116 -0.030895
v 0.043806 1.157661 -0.031251
v 0.045328 1.159996 -0.031272
v 0.045657 1.206387 0.005481
v 0.038754 1.128302 0.009668
v 0.039699 1.130545 0.009937
v 0.045099 1.158945 -0.031792
v 0.045034 1.207726 0.004689
v 0.045534 1.206163 0.019903
v 0.043811 1.160321 -0.031784
v 0.043814 1.158897 -0.032119
v 0.041349 1.157661 -0.031272
v 0.040057 1.157411 -0.031472
v 0.041274 1.158897 -0.032141
v 0.038756 1.129878 0.009385
v 0.039114 1.156726 -0.031995
v 0.039741 1.158600 -0.032377
v 0.041071 1.160321 -0.031807
v 0.043516 1.208280 0.004350
v 0.043374 1.208021 0.021063
v 0.038949 1.159910 -0.032135
v 0.038560 1.157744 -0.033030
v 0.035215 1.208023 0.020994
v 0.038774 1.155790 -0.032703
v 0.038154 1.156633 -0.033869
v 0.038185 1.151354 -0.037845
v 0.038416 1.128967 0.008641
v 0.038805 1.150632 -0.036589
v 0.038787 1.123277 0.005576
v 0.038449 1.123942 0.004549
v 0.039094 1.122455 0.004700
v 0.039157 1.149697 -0.037291
v 0.038602 1.150241 -0.038677
v 0.038802 1.123030 0.003810
v 0.039922 1.122031 0.003789
v 0.039754 1.122363 0.003275
v 0.040109 1.149012 -0.037800
v 0.039793 1.149381 -0.039313
v 0.039018 1.148725 -0.040563
v 0.037249 1.149999 -0.039618
v 0.036847 1.237064 -0.170368
v 0.036663 1.226441 -0.148961
v 0.036747 1.238517 -0.158542
v 0.036503 1.251220 -0.129385
v 0.036414 1.234390 -0.119412
v 0.036309 1.271350 -0.106089
v 0.036322 1.224406 -0.108853
v 0.036120 1.256123 -0.084141
v 0.036187 1.296935 -0.090936
v 0.035932 1.228219 -0.062796
v 0.035961 1.290221 -0.064556
v 0.036147 1.325470 -0.085409
v 0.035963 1.335335 -0.063468
v 0.036193 1.354164 -0.090048
v 0.035241 1.446494 0.024696
v 0.033696 1.211103 0.024545
v 0.036120 1.385055 -0.080583
v 0.036321 1.380207 -0.104399
v 0.036285 1.404261 -0.099403
v 0.036830 1.077505 -0.172845
v 0.035924 1.445126 -0.054943
v 0.035950 1.448067 -0.058037
v 0.035977 1.451008 -0.061131
v 0.034693 1.450655 -0.054929
v 0.034727 1.454159 -0.056813
v 0.031487 1.455327 -0.053685
v 0.031346 1.451394 -0.052411
v 0.023590 1.455261 -0.049416
v 0.023570 1.451405 -0.048322
v 0.009302 1.455158 -0.042655
v 0.009291 1.451251 -0.041463
v 0.034536 1.447585 -0.051880
v 0.030961 1.448328 -0.048808
v 0.033879 1.450314 0.025218
v 0.023515 1.448547 -0.045213
v 0.009262 1.448255 -0.038088
v 0.030330 1.452613 0.025395
v 0.022291 1.454661 0.025378
v 0.008719 1.458315 0.025269
v 0.008692 1.455386 0.028414
v 0.022248 1.451746 0.028486
v 0.030272 1.449662 0.028518
v 0.033225 1.448585 0.027842
v 0.033691 1.445469 0.028153
v 0.030089 1.212379 0.025991
v 0.030114 1.445683 0.029613
v 0.024376 1.212381 0.025942
v 0.022258 1.447733 0.029578
v 0.008656 1.212384 0.025809
v 0.008681 1.451370 0.029519
v 0.008647 1.208304 0.026693
v 0.024398 1.208300 0.026827
v 0.008624 1.204869 0.029325
v 0.024385 1.204865 0.029459
v 0.007744 1.117904 0.130466
v 0.031446 1.208309 0.026915
v 0.034059 1.208169 0.025652
v 0.035142 1.204863 0.029551
v 0.037193 1.207039 0.025564
v 0.023505 1.117901 0.130600
v 0.034261 1.117898 0.130691
v 0.042420 1.117896 0.130760
v 0.043300 1.204861 0.029620
v 0.043334 1.207165 0.025675
v 0.044823 1.204315 0.029381
v 0.045456 1.202799 0.029010
v 0.045492 1.205252 0.024812
v 0.044857 1.206619 0.025437
v 0.044897 1.207475 0.020824
v 0.009774 1.350981 -0.101928
v 0.033769 1.378353 -0.107382
v 0.009887 1.373873 -0.106634
v 0.033645 1.353219 -0.093532
v 0.035628 1.379073 -0.106216
v 0.009733 1.325666 -0.097836
v 0.035503 1.353586 -0.092171
v 0.033601 1.325527 -0.089055
v 0.035457 1.325505 -0.087631
v 0.033640 1.297988 -0.094389
v 0.009769 1.300491 -0.102712
v 0.035496 1.297579 -0.093041
v 0.035617 1.272540 -0.107870
v 0.033758 1.273297 -0.109013
v 0.009877 1.277919 -0.116081
v 0.035806 1.252840 -0.130669
v 0.033945 1.253870 -0.131495
v 0.010047 1.260160 -0.136633
v 0.036041 1.240400 -0.159201
v 0.034170 1.241585 -0.159626
v 0.010263 1.248953 -0.162356
v 0.036140 1.239013 -0.170394
v 0.034275 1.240248 -0.170522
v 0.010347 1.247705 -0.172309
v 0.034688 1.238586 -0.173923
v 0.032834 1.239855 -0.174033
v 0.010374 1.247304 -0.175501
v -0.012111 1.239866 -0.174415
v -0.013967 1.238598 -0.174336
v -0.008040 1.114473 0.132964
v -0.008049 1.110393 0.133848
v -0.018797 1.114476 0.132873
v -0.008055 1.051567 0.132935
v -0.018805 1.110396 0.133757
v -0.026955 1.114478 0.132803
v -0.008057 1.036914 0.132708
v -0.008044 1.033802 0.131203
v -0.018811 1.051570 0.132844
v -0.018813 1.036916 0.132616
v -0.018801 1.033804 0.131111
v -0.026972 1.036918 0.132547
v -0.026960 1.033806 0.131042
v -0.028475 1.034365 0.130422
v -0.026964 1.110398 0.133688
v -0.028471 1.114250 0.132171
v -0.026970 1.051571 0.132774
v -0.028487 1.037477 0.131926
v -0.028486 1.051582 0.132145
v -0.028479 1.110169 0.133055
v -0.029105 1.040428 0.130479
v -0.029103 1.051605 0.130653
v -0.029097 1.109273 0.131548
v -0.029088 1.036192 0.128430
v -0.029088 1.113670 0.130595
v -0.028446 1.033122 0.126886
v -0.029047 1.034498 0.123617
v -0.028448 1.117684 0.129538
v -0.029063 1.117371 0.127759
v -0.026930 1.032562 0.127507
v -0.027561 1.034739 0.022743
v -0.028190 1.036065 0.022759
v -0.027254 1.037775 -0.087421
v -0.018772 1.032561 0.127576
v -0.026040 1.034189 0.022748
v -0.026596 1.036500 -0.090721
v -0.027213 1.039617 -0.092180
v -0.008014 1.032558 0.127667
v -0.017881 1.034187 0.022817
v -0.025070 1.035960 -0.091332
v -0.026566 1.037853 -0.094216
v -0.007124 1.034184 0.022908
v -0.006112 1.036033 -0.096143
v -0.016911 1.035958 -0.091263
v -0.026553 1.041010 -0.095623
v -0.027195 1.043915 -0.094096
v -0.014348 1.035996 -0.093727
v -0.011785 1.036034 -0.096191
v -0.015754 1.037044 -0.095109
v -0.015160 1.037538 -0.097855
v -0.016869 1.040467 -0.096166
v -0.018578 1.037487 -0.094569
v -0.025040 1.037313 -0.094828
v -0.025027 1.040469 -0.096235
v -0.025023 1.076314 -0.095678
v -0.026550 1.076142 -0.095078
v -0.027192 1.075726 -0.093602
v -0.026859 1.126431 -0.057189
v -0.027500 1.125648 -0.055989
v -0.022594 1.126754 -0.057652
v -0.025334 1.126754 -0.057675
v -0.026634 1.127240 -0.056301
v -0.020472 1.127165 -0.057324
v -0.020088 1.128682 -0.055432
v -0.021268 1.127822 -0.056088
v -0.022805 1.127523 -0.056325
v -0.026877 1.126748 -0.055156
v -0.027854 1.099093 -0.015060
v -0.025345 1.127524 -0.056347
v -0.027230 1.100267 -0.014341
v -0.027871 1.098403 -0.013052
v -0.025358 1.127203 -0.054801
v -0.022902 1.127203 -0.054780
v -0.021610 1.127453 -0.054579
v -0.020667 1.128137 -0.054055
v -0.025711 1.100753 -0.014032
v -0.027242 1.099768 -0.012888
v -0.019684 1.129794 -0.054592
v -0.027256 1.099993 -0.011268
v -0.027891 1.098738 -0.010645
v -0.027266 1.100864 -0.010061
v -0.027905 1.099942 -0.008976
v -0.027300 1.106006 -0.005874
v -0.027942 1.105366 -0.004560
v -0.027305 1.107301 -0.005319
v -0.027948 1.107154 -0.003792
v -0.027944 1.109301 -0.004177
v -0.027302 1.108745 -0.005578
v -0.027932 1.110794 -0.005533
v -0.025779 1.107361 -0.005940
v -0.025775 1.106272 -0.006408
v -0.025741 1.101246 -0.010499
v -0.027293 1.109825 -0.006559
v -0.027574 1.137658 -0.046940
v -0.025777 1.108515 -0.006147
v -0.025733 1.100513 -0.011515
v -0.025721 1.100333 -0.012809
v -0.023255 1.100753 -0.014012
v -0.023265 1.100332 -0.012788
v -0.023276 1.100513 -0.011495
v -0.021962 1.100997 -0.013802
v -0.021020 1.101664 -0.013251
v -0.022140 1.100664 -0.013291
v -0.022617 1.100421 -0.012920
v -0.021327 1.101088 -0.012366
v -0.022153 1.100666 -0.011723
v -0.023284 1.101246 -0.010478
v -0.020679 1.102575 -0.012506
v -0.021035 1.101910 -0.011484
v -0.021988 1.101423 -0.010742
v -0.023318 1.106271 -0.006387
v -0.022022 1.106449 -0.006650
v -0.021068 1.106935 -0.007392
v -0.023322 1.107360 -0.005919
v -0.022199 1.107514 -0.006148
v -0.020713 1.107600 -0.008414
v -0.021373 1.107936 -0.006790
v -0.021065 1.108511 -0.007675
v -0.020358 1.134231 -0.049461
v -0.020326 1.129072 -0.053347
v -0.019718 1.135073 -0.050616
v -0.022671 1.108603 -0.006258
v -0.022195 1.108846 -0.006629
v -0.023312 1.109423 -0.006952
v -0.023319 1.108514 -0.006126
v -0.022017 1.109179 -0.007140
v -0.025769 1.109424 -0.006973
v -0.020710 1.135166 -0.048759
v -0.020138 1.136184 -0.049784
v -0.026937 1.136559 -0.047764
v -0.021661 1.135852 -0.048252
v -0.025413 1.136104 -0.048095
v -0.018771 1.137076 -0.049842
v -0.021329 1.137041 -0.049152
v -0.022956 1.136103 -0.048074
v -0.022866 1.137338 -0.048941
v -0.020541 1.138350 -0.048897
v -0.018292 1.151547 -0.038933
v -0.025406 1.137339 -0.048963
v -0.022668 1.138762 -0.048604
v -0.026696 1.137389 -0.048658
v -0.025408 1.138763 -0.048627
v -0.026933 1.138440 -0.048141
v -0.022727 1.148328 -0.041398
v -0.025467 1.148328 -0.041421
v -0.026992 1.148005 -0.040935
v -0.027632 1.147222 -0.039735
v -0.026766 1.148814 -0.040046
v -0.027010 1.148322 -0.038902
v -0.027990 1.120475 0.001491
v -0.027365 1.121649 0.002210
v -0.028006 1.119784 0.003500
v -0.025491 1.148777 -0.038546
v -0.025479 1.149098 -0.040092
v -0.022937 1.149097 -0.040071
v -0.023035 1.148777 -0.038525
v -0.025847 1.122135 0.002519
v -0.027378 1.121149 0.003664
v -0.027391 1.121375 0.005283
v -0.028027 1.120119 0.005906
v -0.027401 1.122246 0.006491
v -0.028041 1.121323 0.007575
v -0.027436 1.127388 0.010677
v -0.028077 1.126747 0.011992
v -0.027440 1.128682 0.011233
v -0.028083 1.128536 0.012759
v -0.028080 1.130683 0.012374
v -0.027438 1.130126 0.010974
v -0.028067 1.132175 0.011018
v -0.025914 1.128742 0.010611
v -0.025910 1.127653 0.010143
v -0.025876 1.122628 0.006052
v -0.025868 1.121895 0.005036
v -0.027429 1.131206 0.009992
v -0.027707 1.159232 -0.030686
v -0.025912 1.129896 0.010404
v -0.025857 1.121714 0.003742
v -0.023390 1.122134 0.002539
v -0.023400 1.121714 0.003763
v -0.023411 1.121894 0.005056
v -0.023419 1.122627 0.006073
v -0.023453 1.127652 0.010165
v -0.023457 1.128742 0.010632
v -0.025904 1.130805 0.009578
v -0.023455 1.129896 0.010425
v -0.023447 1.130804 0.009599
v -0.027070 1.158133 -0.031510
v -0.022807 1.129984 0.010293
v -0.022335 1.128896 0.010404
v -0.022157 1.127830 0.009901
v -0.022330 1.130228 0.009922
v -0.021509 1.129317 0.009761
v -0.022124 1.122805 0.005810
v -0.025546 1.157677 -0.031841
v -0.022152 1.130560 0.009411
v -0.021204 1.128316 0.009159
v -0.022289 1.122048 0.004828
v -0.021201 1.129893 0.008876
v -0.021170 1.123291 0.005067
v -0.022752 1.121802 0.003631
v -0.021463 1.122469 0.004185
v -0.020848 1.128981 0.008137
v -0.022275 1.122045 0.003260
v -0.020815 1.123956 0.004046
v -0.020490 1.155805 -0.033206
v -0.020843 1.156741 -0.032505
v -0.022098 1.122378 0.002750
v -0.021155 1.123045 0.003301
v -0.021742 1.149027 -0.038325
v -0.020799 1.149711 -0.037801
v -0.021401 1.149395 -0.039833
v -0.020605 1.148739 -0.041069
v -0.020221 1.150255 -0.039177
v -0.018851 1.150012 -0.040095
v -0.019817 1.151368 -0.038338
v -0.020459 1.150646 -0.037092
v -0.019851 1.156647 -0.034362
v -0.020271 1.157758 -0.033530
v -0.020674 1.159924 -0.032642
v -0.021462 1.158614 -0.032897
v -0.022801 1.160336 -0.032350
v -0.021794 1.157425 -0.031997
v -0.022999 1.158913 -0.032687
v -0.023089 1.157677 -0.031819
v -0.025539 1.158913 -0.032709
v -0.025541 1.160337 -0.032373
v -0.026829 1.158963 -0.032403
v -0.027066 1.160013 -0.031887
v -0.027998 1.206404 0.004855
v -0.027361 1.207743 0.004074
v -0.028120 1.206180 0.019277
v -0.025837 1.208297 0.003761
v -0.025979 1.208038 0.020474
v -0.017820 1.208035 0.020543
v -0.027497 1.207492 0.020209
v -0.028162 1.205270 0.024186
v -0.027537 1.206636 0.024822
v -0.027571 1.204332 0.028766
v -0.028198 1.202817 0.028384
v -0.026052 1.204878 0.029031
v -0.026018 1.207181 0.025086
v -0.019876 1.207052 0.025079
v -0.026932 1.117913 0.130171
v -0.016744 1.208180 0.025220
v -0.016360 1.211115 0.024120
v -0.017894 1.204875 0.029100
v -0.018774 1.117911 0.130240
v -0.014152 1.208320 0.026528
v -0.012778 1.212390 0.025627
v -0.007137 1.204873 0.029191
v -0.008017 1.117908 0.130332
v -0.007103 1.208308 0.026559
v -0.007065 1.212388 0.025675
v 0.010472 1.037482 -0.174436
v -0.005452 1.037239 -0.173830
v -0.011125 1.037240 -0.173878
v -0.016209 1.041673 -0.173852
v -0.016204 1.077518 -0.173296
v -0.014685 1.077573 -0.176798
v -0.016190 1.211012 -0.171223
v -0.014671 1.211066 -0.174726
v -0.016187 1.237076 -0.170818
v -0.016371 1.226454 -0.149412
v -0.016287 1.238530 -0.158993
v -0.016532 1.251233 -0.129836
v -0.016621 1.234403 -0.119863
v -0.016725 1.271363 -0.106540
v -0.016713 1.224418 -0.109303
v -0.016915 1.256135 -0.084591
v -0.016848 1.296947 -0.091387
v -0.017103 1.228232 -0.063247
v -0.017074 1.290233 -0.065006
v -0.016888 1.325483 -0.085859
v -0.017072 1.335347 -0.063918
v -0.017794 1.446507 0.024245
v -0.016842 1.354177 -0.090498
v -0.016915 1.385068 -0.081034
v -0.016714 1.380220 -0.104850
v -0.016750 1.404274 -0.099853
v -0.017112 1.445138 -0.055393
v -0.017085 1.448079 -0.058487
v -0.017058 1.451021 -0.061581
v -0.015879 1.450667 -0.055358
v -0.015880 1.454171 -0.057243
v -0.012692 1.455337 -0.054061
v -0.012575 1.451404 -0.052784
v -0.004870 1.455268 -0.049658
v -0.004869 1.451412 -0.048563
v -0.015776 1.447597 -0.052307
v -0.012253 1.448338 -0.049175
v -0.016440 1.450326 0.024790
v -0.004869 1.448554 -0.045455
v -0.012894 1.452623 0.025028
v -0.004855 1.454667 0.025148
v -0.004866 1.451752 0.028255
v -0.012890 1.449673 0.028152
v -0.015832 1.448598 0.027425
v -0.016304 1.445481 0.027728
v -0.012753 1.445693 0.029249
v -0.004896 1.447740 0.029347
v -0.013611 1.240260 -0.170929
v -0.013690 1.241597 -0.160033
v -0.015478 1.239025 -0.170832
v -0.015569 1.240412 -0.159640
v -0.013937 1.253882 -0.131902
v -0.015813 1.252852 -0.131107
v -0.014123 1.273308 -0.109420
v -0.016001 1.272552 -0.108309
v -0.014241 1.297999 -0.094796
v -0.016121 1.297591 -0.093479
v -0.016161 1.325518 -0.088070
v -0.014280 1.325539 -0.089461
v -0.016115 1.353599 -0.092610
v -0.015990 1.379086 -0.106655
v -0.014235 1.353230 -0.093938
v -0.014112 1.378364 -0.107789
v 0.045722 1.110777 -0.004908
v 0.045710 1.109284 -0.003552
v 0.045647 1.119766 0.004125
v 0.045707 1.107137 -0.003167
v 0.044606 1.034481 0.124243
v 0.044550 1.040411 0.131105
v 0.045712 1.105349 -0.003934
v 0.044557 1.109255 0.132174
v 0.044566 1.113652 0.131221
v 0.045571 1.128518 0.013384
v 0.045464 1.036047 0.023384
v 0.045534 1.206163 0.019902
v 0.045705 1.064425 -0.004222
v 0.045846 1.065010 -0.020784
v 0.046013 1.069790 -0.040315
v -0.028007 1.119784 0.003499
v -0.029048 1.034499 0.123617
v -0.029103 1.051605 0.130653
v -0.028077 1.126748 0.011991
v -0.028083 1.128536 0.012758
v -0.028190 1.036065 0.022758
v -0.027707 1.159232 -0.030686
v -0.027949 1.064443 -0.004848
v -0.027808 1.065028 -0.021409
v -0.027253 1.037775 -0.087421
v -0.027641 1.069808 -0.040941
v -0.027213 1.039617 -0.092180
v 0.008842 1.556991 0.013589
v 0.008846 1.461006 0.010412
v 0.038601 1.556984 0.013843
v 0.038605 1.460999 0.010664
v 0.041811 1.555790 0.015136
v 0.038623 1.457678 0.008387
v 0.008865 1.457685 0.008134
v 0.041815 1.460652 0.011986
v 0.041838 1.456502 0.009141
v 0.043123 1.459814 0.015122
v 0.043118 1.552909 0.018204
v 0.043157 1.453666 0.010907
v 0.043166 1.391796 0.008330
v 0.043215 1.397278 0.002492
v 0.043226 1.453788 0.002814
v 0.041884 1.456584 0.003679
v 0.038660 1.457743 0.004014
v 0.008901 1.457750 0.003762
v 0.009460 1.491881 -0.060966
v 0.043784 1.487924 -0.061928
v 0.042443 1.490716 -0.061053
v 0.039218 1.491873 -0.060713
v 0.039256 1.491966 -0.065164
v 0.009498 1.491973 -0.065417
v 0.042471 1.490786 -0.064429
v 0.043790 1.487941 -0.062711
v 0.043769 1.432711 -0.061765
v 0.043794 1.487353 -0.063132
v 0.043808 1.440061 -0.066071
v 0.042486 1.488252 -0.066244
v 0.042500 1.439847 -0.069251
v 0.039276 1.488625 -0.067555
v 0.009517 1.488632 -0.067808
v 0.009531 1.439767 -0.070844
v 0.039290 1.439760 -0.070591
v 0.039276 1.433964 -0.069184
v 0.009518 1.433971 -0.069437
v 0.042488 1.434520 -0.067958
v 0.043798 1.435861 -0.065051
v 0.042452 1.430524 -0.063790
v 0.041897 1.395083 0.000482
v 0.039237 1.429619 -0.064651
v 0.009478 1.429626 -0.064904
v 0.008924 1.394181 -0.000626
v 0.038682 1.394175 -0.000373
v 0.038642 1.389830 0.004253
v 0.008883 1.389837 0.004000
v 0.041854 1.390405 0.005463
v 0.041837 1.384152 0.007211
v 0.038627 1.384023 0.005877
v 0.008868 1.384030 0.005624
v 0.008863 1.334113 0.004849
v 0.038621 1.334106 0.005101
v 0.038639 1.330936 0.002927
v 0.008881 1.330944 0.002675
v 0.041832 1.333766 0.006429
v 0.041855 1.329740 0.003667
v 0.043144 1.384468 0.010379
v 0.043139 1.332949 0.009579
v 0.043177 1.326852 0.005397
v 0.042047 1.333254 0.130384
v 0.041967 1.353745 0.139148
v 0.042142 1.313615 0.126594
v 0.040780 1.313405 0.129740
v 0.040686 1.332500 0.133426
v 0.042202 1.290689 0.127316
v 0.042583 1.202128 0.072130
v 0.040842 1.291025 0.130446
v 0.037547 1.313319 0.131021
v 0.037609 1.291165 0.131719
v 0.007788 1.313326 0.130768
v 0.007777 1.291172 0.131466
v 0.037454 1.332188 0.134663
v 0.007762 1.332195 0.134411
v 0.042153 1.269661 0.132527
v 0.040792 1.270536 0.135523
v 0.037560 1.270899 0.136741
v 0.007729 1.270906 0.136488
v 0.042071 1.259690 0.137503
v 0.040688 1.258252 0.141654
v 0.037449 1.257998 0.143180
v 0.007672 1.258005 0.142927
v 0.007666 1.253757 0.143502
v 0.037430 1.253750 0.143756
v 0.040669 1.254004 0.142230
v 0.042049 1.254671 0.138185
v 0.042064 1.250192 0.135583
v 0.042493 1.202449 0.082821
v 0.040682 1.250213 0.140026
v 0.037442 1.249959 0.141551
v 0.041162 1.197434 0.081699
v 0.007684 1.249966 0.141298
v 0.037937 1.195834 0.081738
v 0.008179 1.195841 0.081485
v 0.008212 1.194292 0.077518
v 0.037971 1.194285 0.077771
v 0.041195 1.195884 0.077731
v 0.042536 1.200392 0.077555
v 0.041230 1.197192 0.073645
v 0.038006 1.195593 0.073684
v 0.042394 1.302602 -0.060569
v 0.008247 1.195600 0.073431
v 0.039180 1.301824 -0.061575
v 0.009422 1.301831 -0.061828
v 0.009456 1.306818 -0.065733
v 0.039215 1.306811 -0.065480
v 0.042426 1.307240 -0.064200
v 0.043734 1.308278 -0.061166
v 0.043709 1.304483 -0.058194
v 0.043241 1.327203 -0.002623
v 0.041899 1.329972 -0.001630
v 0.043695 1.357984 -0.055077
v 0.043742 1.312862 -0.061842
v 0.038674 1.331119 -0.001242
v 0.008916 1.331126 -0.001494
v 0.009368 1.361879 -0.053900
v 0.042434 1.312842 -0.065026
v 0.042352 1.360733 -0.054050
v 0.039127 1.361872 -0.053648
v 0.039165 1.362162 -0.058106
v 0.009407 1.362169 -0.058359
v 0.042381 1.360953 -0.057440
v 0.043701 1.358037 -0.055887
v 0.043705 1.357448 -0.056359
v 0.042397 1.358493 -0.059413
v 0.039224 1.312835 -0.066368
v 0.039187 1.358926 -0.060700
v 0.009428 1.358933 -0.060953
v 0.009465 1.312842 -0.066621
v 0.008088 1.554942 0.102332
v 0.037846 1.554935 0.102585
v 0.041072 1.553783 0.102015
v 0.042418 1.551007 0.100583
v 0.041689 1.435113 0.183159
v 0.041553 1.451350 0.199688
v 0.041888 1.380148 0.158242
v 0.040169 1.449752 0.205470
v 0.041900 1.375047 0.153667
v 0.040606 1.352498 0.141980
v 0.040542 1.373429 0.156245
v 0.037374 1.351982 0.143129
v 0.037310 1.372759 0.157290
v 0.007579 1.372766 0.157038
v 0.007694 1.351989 0.142877
v 0.040530 1.378709 0.160981
v 0.036930 1.449547 0.207388
v 0.007172 1.449554 0.207135
v 0.007164 1.447213 0.207965
v 0.036923 1.447206 0.208217
v 0.040161 1.447411 0.206300
v 0.041542 1.447984 0.200881
v 0.041558 1.444956 0.198864
v 0.040332 1.433288 0.185722
v 0.040172 1.445305 0.204897
v 0.037102 1.432532 0.186761
v 0.036934 1.445101 0.206815
v 0.037298 1.378113 0.162093
v 0.007343 1.432539 0.186508
v 0.007539 1.378120 0.161840
v 0.007176 1.445108 0.206562
v -0.020917 1.556998 0.013337
v -0.020913 1.461014 0.010159
v -0.024149 1.555806 0.014576
v -0.020894 1.457692 0.007881
v -0.024145 1.460667 0.011425
v -0.024122 1.456518 0.008581
v -0.025506 1.459831 0.014539
v -0.025510 1.552926 0.017621
v -0.025472 1.453683 0.010324
v -0.025467 1.391813 0.007747
v -0.025414 1.397295 0.001909
v -0.025403 1.453804 0.002231
v -0.024075 1.456600 0.003119
v -0.020857 1.457758 0.003509
v -0.024845 1.487941 -0.062510
v -0.023518 1.490732 -0.061613
v -0.020299 1.491887 -0.061219
v -0.020261 1.491980 -0.065670
v -0.023489 1.490802 -0.064990
v -0.024838 1.487957 -0.063294
v -0.024860 1.432728 -0.062348
v -0.024835 1.487369 -0.063715
v -0.024822 1.440077 -0.066654
v -0.023474 1.488268 -0.066804
v -0.023460 1.439863 -0.069812
v -0.020242 1.488639 -0.068061
v -0.020227 1.439774 -0.071097
v -0.020241 1.433979 -0.069689
v -0.023472 1.434535 -0.068518
v -0.024831 1.435878 -0.065634
v -0.023509 1.430540 -0.064350
v -0.024063 1.395099 -0.000078
v -0.020280 1.429633 -0.065156
v -0.020835 1.394188 -0.000879
v -0.020875 1.389844 0.003747
v -0.024107 1.390421 0.004903
v -0.024123 1.384169 0.006651
v -0.020891 1.384037 0.005371
v -0.020896 1.334120 0.004596
v -0.020878 1.330951 0.002422
v -0.024128 1.333782 0.005869
v -0.024107 1.329756 0.003106
v -0.025483 1.384485 0.009795
v -0.025490 1.332965 0.008996
v -0.025459 1.326868 0.004813
v -0.026449 1.333270 0.129802
v -0.026509 1.353762 0.138566
v -0.026490 1.313631 0.126011
v -0.025181 1.313421 0.129180
v -0.025141 1.332515 0.132867
v -0.026573 1.290706 0.126731
v -0.026058 1.202145 0.071546
v -0.025265 1.291041 0.129884
v -0.021970 1.313333 0.130516
v -0.022055 1.291179 0.131213
v -0.021930 1.332202 0.134158
v -0.026622 1.269677 0.131943
v -0.025313 1.270552 0.134962
v -0.022101 1.270913 0.136235
v -0.026630 1.259706 0.136920
v -0.025319 1.258268 0.141093
v -0.022105 1.258012 0.142674
v -0.022098 1.253764 0.143250
v -0.025311 1.254020 0.141669
v -0.026622 1.254687 0.137601
v -0.026595 1.250208 0.134999
v -0.026150 1.202465 0.082238
v -0.025289 1.250229 0.139466
v -0.022075 1.249973 0.141046
v -0.024803 1.197450 0.081139
v -0.021579 1.195849 0.081233
v -0.021546 1.194299 0.077265
v -0.024769 1.195900 0.077171
v -0.026105 1.200408 0.076971
v -0.024734 1.197208 0.073084
v -0.021512 1.195607 0.073178
v -0.023567 1.302618 -0.061129
v -0.020337 1.301838 -0.062080
v -0.020302 1.306825 -0.065986
v -0.023534 1.307256 -0.064761
v -0.024895 1.308295 -0.061749
v -0.024921 1.304499 -0.058777
v -0.025387 1.327219 -0.003206
v -0.024060 1.329987 -0.002191
v -0.024934 1.358000 -0.055660
v -0.024887 1.312879 -0.062425
v -0.020842 1.331133 -0.001747
v -0.023526 1.312858 -0.065587
v -0.023608 1.360748 -0.054611
v -0.020390 1.361886 -0.054153
v -0.020352 1.362176 -0.058612
v -0.023579 1.360969 -0.058001
v -0.024927 1.358053 -0.056471
v -0.024923 1.357465 -0.056942
v -0.023563 1.358509 -0.059973
v -0.020294 1.312848 -0.066874
v -0.020331 1.358940 -0.061206
v -0.021671 1.554949 0.102079
v -0.024888 1.553799 0.101454
v -0.026211 1.551023 0.100000
v -0.026940 1.435130 0.182575
v -0.026741 1.380165 0.157660
v -0.027076 1.451366 0.199105
v -0.026679 1.375063 0.153084
v -0.025197 1.352514 0.141421
v -0.025365 1.373444 0.155685
v -0.021985 1.351997 0.142625
v -0.022152 1.372773 0.156785
v -0.025430 1.378725 0.160421
v -0.025792 1.449767 0.204910
v -0.025628 1.433303 0.185161
v -0.027071 1.444972 0.198281
v -0.027087 1.448000 0.200298
v -0.022586 1.449561 0.206882
v -0.022594 1.447220 0.207712
v -0.025799 1.447426 0.205739
v -0.025788 1.445321 0.204336
v -0.022416 1.432546 0.186255
v -0.022583 1.445115 0.206309
v -0.022219 1.378128 0.161587
v 0.026033 0.965067 0.067580
v 0.008864 0.956906 0.063945
v 0.008845 0.961652 0.066359
v 0.028505 0.960684 0.065227
v 0.038355 0.972644 0.067271
v 0.029570 0.959046 0.059765
v 0.008911 0.955095 0.058470
v 0.042064 0.969496 0.064267
v 0.045126 0.993870 0.052754
v 0.041945 0.967795 0.058608
v 0.028609 0.961103 0.054400
v 0.008956 0.957271 0.053144
v 0.048677 0.991021 0.049294
v 0.038080 0.968531 0.053613
v 0.032725 0.971281 0.052214
v 0.026180 0.965660 0.052277
v 0.008975 0.962168 0.051094
v 0.023709 0.970043 0.054630
v 0.008955 0.966914 0.053508
v 0.008909 0.968725 0.058983
v 0.047851 0.988162 0.044452
v 0.052731 1.010846 0.031469
v 0.049314 1.014850 0.033770
v 0.049427 1.018930 0.008502
v 0.022643 0.971681 0.060092
v 0.008863 0.966549 0.064309
v 0.051667 1.006136 0.028289
v 0.052983 1.014730 0.008125
v 0.049510 1.019102 -0.016318
v 0.043144 0.986965 0.041065
v 0.046757 1.003474 0.026091
v 0.029016 0.974428 0.055219
v 0.023604 0.969624 0.065457
v 0.029135 0.976130 0.060878
v 0.033000 0.975393 0.065872
v 0.039288 0.995042 0.052813
v 0.034582 0.993846 0.049426
v 0.033756 0.990987 0.044584
v 0.043428 1.015805 0.033846
v 0.038518 1.013143 0.031648
v 0.043507 1.019717 0.008524
v 0.037453 1.008433 0.028467
v 0.037306 0.988138 0.041123
v 0.040870 1.004429 0.026167
v 0.038689 1.016621 0.008178
v 0.043585 1.019854 -0.016434
v 0.049366 1.016068 -0.034877
v 0.037788 1.011462 0.007666
v 0.038789 1.016725 -0.016129
v 0.041344 1.007262 0.007289
v 0.037924 1.011555 -0.015583
v 0.041509 1.007371 -0.015116
v 0.043413 1.016601 -0.035065
v 0.038749 1.013608 -0.032999
v 0.041598 0.996269 -0.054704
v 0.047554 0.995691 -0.054802
v 0.038100 1.008849 -0.029892
v 0.041858 1.005111 -0.027565
v 0.047434 1.006619 -0.014999
v 0.037156 0.994480 -0.051286
v 0.037977 0.977037 -0.068444
v 0.043605 0.974796 -0.069485
v 0.037783 0.968874 -0.070475
v 0.033786 0.977241 -0.063788
v 0.034284 0.973143 -0.069430
v 0.024839 0.963741 -0.069988
v 0.036825 0.991375 -0.046554
v 0.023174 0.968735 -0.069089
v 0.010003 0.961656 -0.069968
v 0.009996 0.966805 -0.069068
v 0.032060 0.975544 -0.064602
v 0.022256 0.971710 -0.064358
v 0.009957 0.969858 -0.064335
v 0.009908 0.969035 -0.058549
v 0.033480 0.975294 -0.058250
v 0.032409 0.974678 -0.058827
v 0.022621 0.970930 -0.058570
v 0.009877 0.964807 -0.055101
v 0.024056 0.966842 -0.055120
v 0.009884 0.959657 -0.056001
v 0.035132 0.971045 -0.055489
v 0.025721 0.961847 -0.056020
v 0.009924 0.956604 -0.060734
v 0.037249 0.972333 -0.055076
v 0.038631 0.966776 -0.056535
v 0.026639 0.958872 -0.060751
v 0.009972 0.957428 -0.066520
v 0.040807 0.988773 -0.043283
v 0.047812 1.004577 -0.027377
v 0.046764 0.988195 -0.043380
v 0.042877 0.970092 -0.056117
v 0.040855 0.964375 -0.061362
v 0.026275 0.959653 -0.066538
v 0.051205 0.989985 -0.046799
v 0.040506 0.965241 -0.067137
v 0.047068 0.969888 -0.060773
v 0.047374 0.971835 -0.066311
v 0.051536 0.993090 -0.051531
v 0.052475 1.007571 -0.029443
v 0.053124 1.012330 -0.032550
v 0.053095 1.014919 -0.015850
v 0.052230 1.009748 -0.015304
v 0.052082 1.009571 0.007613
v 0.047264 1.006475 0.007267
v -0.008360 0.965075 0.067288
v -0.010794 0.960693 0.064893
v -0.020671 0.972658 0.066770
v -0.011766 0.959056 0.059414
v -0.024330 0.969512 0.063703
v -0.027185 0.993887 0.052140
v -0.024116 0.967810 0.058047
v -0.010713 0.961112 0.054065
v -0.030677 0.991040 0.048620
v -0.020166 0.968546 0.053118
v -0.014787 0.971292 0.051810
v -0.008247 0.965668 0.051984
v -0.005813 0.970050 0.054379
v -0.029771 0.988180 0.043792
v -0.034418 1.010867 0.030729
v -0.031040 1.014869 0.033087
v -0.030721 1.018949 0.007821
v -0.004841 0.971688 0.059858
v -0.033303 1.006156 0.027567
v -0.034272 1.014751 0.007384
v -0.030383 1.019121 -0.016996
v -0.025007 0.986982 0.040485
v -0.028357 1.003492 0.025453
v -0.011129 0.974438 0.054878
v -0.005894 0.969631 0.065207
v -0.011342 0.976139 0.060533
v -0.015292 0.975405 0.065462
v -0.021348 0.995057 0.052298
v -0.016585 0.993858 0.048991
v -0.015679 0.990998 0.044164
v -0.025155 1.015821 0.033263
v -0.020209 1.013157 0.031149
v -0.024802 1.019734 0.007944
v -0.019093 1.008446 0.027987
v -0.019171 0.988151 0.040643
v -0.022472 1.004445 0.025629
v -0.019980 1.016635 0.007679
v -0.024456 1.019871 -0.017011
v -0.029925 1.016087 -0.035551
v -0.019074 1.011476 0.007183
v -0.019667 1.016739 -0.016626
v -0.022625 1.007277 0.006746
v -0.018814 1.011568 -0.016065
v -0.022408 1.007386 -0.015659
v -0.023968 1.016618 -0.035638
v -0.019342 1.013622 -0.033492
v -0.021830 0.996285 -0.055243
v -0.027784 0.995710 -0.055442
v -0.018749 1.008862 -0.030375
v -0.022547 1.005126 -0.028112
v -0.028335 1.006637 -0.015643
v -0.017448 0.994493 -0.051749
v -0.017985 0.977050 -0.068919
v -0.023596 0.974812 -0.070055
v -0.017761 0.968888 -0.070947
v -0.013874 0.977252 -0.064193
v -0.014278 0.973154 -0.069842
v -0.004829 0.963747 -0.070240
v -0.017198 0.991388 -0.047013
v -0.003178 0.968741 -0.069313
v -0.012136 0.975554 -0.064977
v -0.002339 0.971716 -0.064566
v -0.013663 0.975305 -0.058651
v -0.012583 0.974689 -0.059209
v -0.002802 0.970935 -0.058787
v -0.004298 0.966848 -0.055361
v -0.015364 0.971057 -0.055918
v -0.005950 0.961855 -0.056288
v -0.017487 0.972346 -0.055542
v -0.006788 0.958880 -0.061035
v -0.018847 0.966790 -0.057023
v -0.021238 0.988788 -0.043810
v -0.028503 1.004596 -0.028025
v -0.027191 0.988212 -0.044009
v -0.023098 0.970108 -0.056678
v -0.020990 0.964390 -0.061887
v -0.006325 0.959660 -0.066815
v -0.031573 0.990005 -0.047502
v -0.020542 0.965255 -0.067656
v -0.027209 0.969906 -0.061404
v -0.027420 0.971853 -0.066946
v -0.031823 0.993110 -0.052239
v -0.033130 1.007591 -0.030171
v -0.033724 1.012351 -0.033287
v -0.033977 1.014939 -0.016590
v -0.033124 1.009769 -0.016029
v -0.033365 1.009591 0.006888
v -0.028544 1.006493 0.006623
v 0.055336 1.457994 0.073083
v 0.056168 1.463783 0.056305
v 0.055487 1.462499 0.055439
v 0.056024 1.459491 0.073112
v 0.057824 1.464314 0.056675
v 0.057683 1.460111 0.073136
v 0.059986 1.464314 0.056694
v 0.059845 1.460111 0.073154
v 0.061215 1.464708 0.056969
v 0.061076 1.460570 0.073172
v 0.061719 1.465660 0.057611
v 0.061585 1.461681 0.073194
v 0.061817 1.476046 0.046319
v 0.061317 1.475508 0.045227
v 0.060090 1.475285 0.044766
v 0.057928 1.475286 0.044748
v 0.056274 1.474975 0.044132
v 0.055599 1.474227 0.042675
v 0.061667 1.475267 0.064046
v 0.061725 1.481480 0.057290
v 0.061854 1.490057 0.042345
v 0.061748 1.489862 0.054913
v 0.061355 1.490076 0.041095
v 0.060129 1.490084 0.040568
v 0.057967 1.490085 0.040550
v 0.056314 1.490096 0.039839
v 0.055641 1.490122 0.038154
v 0.061320 1.504509 0.045678
v 0.060093 1.504746 0.045224
v 0.057931 1.504747 0.045206
v 0.056277 1.505067 0.044594
v 0.055602 1.505839 0.043144
v 0.061820 1.503937 0.046752
v 0.061220 1.514940 0.057748
v 0.059991 1.515342 0.057486
v 0.057830 1.515343 0.057468
v 0.056173 1.515886 0.057114
v 0.055493 1.517196 0.056288
v 0.061724 1.513968 0.058361
v 0.061727 1.498165 0.057549
v 0.061221 1.489842 0.056168
v 0.061201 1.482025 0.058385
v 0.061202 1.497587 0.058627
v 0.061669 1.504166 0.064494
v 0.059973 1.489834 0.056679
v 0.061146 1.476230 0.064686
v 0.059952 1.482251 0.058831
v 0.061587 1.472886 0.073368
v 0.061591 1.517461 0.074060
v 0.061082 1.518572 0.074073
v 0.059851 1.519032 0.074070
v 0.057689 1.519033 0.074051
v 0.056031 1.519654 0.074046
v 0.055343 1.521152 0.074064
v 0.061507 1.474976 0.082760
v 0.061453 1.465174 0.088893
v 0.060938 1.464203 0.089497
v 0.059705 1.463801 0.089738
v 0.057543 1.463801 0.089720
v 0.055881 1.463260 0.090045
v 0.055186 1.461950 0.090859
v 0.060998 1.475959 0.082140
v 0.061071 1.474009 0.073381
v 0.059899 1.476629 0.064943
v 0.060944 1.481555 0.088618
v 0.061450 1.480977 0.089705
v 0.061357 1.475205 0.100502
v 0.060838 1.474633 0.101567
v 0.059603 1.474397 0.102000
v 0.057442 1.474397 0.101982
v 0.055777 1.474078 0.102566
v 0.055077 1.473307 0.104003
v 0.061429 1.489281 0.092341
v 0.060925 1.489300 0.091077
v 0.061323 1.489086 0.104909
v 0.059685 1.489309 0.090545
v 0.059703 1.481795 0.088159
v 0.059755 1.476366 0.081875
v 0.059827 1.474475 0.073377
v 0.061452 1.497662 0.089963
v 0.061360 1.503096 0.100935
v 0.060946 1.497117 0.088859
v 0.060803 1.489066 0.106151
v 0.059567 1.489059 0.106656
v 0.057405 1.489059 0.106638
v 0.055740 1.489049 0.107319
v 0.055039 1.489023 0.108994
v 0.060841 1.503634 0.102018
v 0.059607 1.503858 0.102458
v 0.057445 1.503858 0.102439
v 0.055780 1.504160 0.103033
v 0.055081 1.504886 0.104493
v 0.060943 1.514435 0.090277
v 0.059711 1.514829 0.090530
v 0.057548 1.514830 0.090512
v 0.055887 1.515362 0.090854
v 0.055192 1.516646 0.091708
v 0.061458 1.513482 0.089643
v 0.061511 1.503876 0.083208
v 0.061590 1.506256 0.073886
v 0.061000 1.502913 0.082559
v 0.061148 1.503184 0.065104
v 0.059705 1.496892 0.088393
v 0.061075 1.505133 0.073864
v 0.059954 1.497348 0.059065
v 0.059758 1.502514 0.082281
v 0.059902 1.502777 0.065348
v 0.059830 1.504668 0.073846
v 0.053955 1.489310 0.090496
v 0.053975 1.496893 0.088344
v 0.054028 1.502515 0.082233
v 0.054101 1.504670 0.073798
v 0.054099 1.489573 0.073563
v 0.053974 1.481797 0.088110
v 0.054172 1.502778 0.065300
v 0.054225 1.497349 0.059016
v 0.054026 1.476367 0.081827
v 0.054243 1.489836 0.056630
v 0.054097 1.474476 0.073329
v 0.054223 1.482252 0.058782
v 0.054170 1.476630 0.064894
v -0.038553 1.462522 0.054640
v -0.039248 1.463805 0.055495
v -0.038704 1.458016 0.072284
v -0.039392 1.459514 0.072302
v -0.040910 1.464338 0.055837
v -0.041050 1.460134 0.072297
v -0.043072 1.464339 0.055818
v -0.043212 1.460135 0.072279
v -0.044304 1.464734 0.056072
v -0.044443 1.460595 0.072276
v -0.044820 1.465686 0.056705
v -0.044953 1.461706 0.072288
v -0.044721 1.476072 0.045414
v -0.044202 1.475533 0.044331
v -0.042968 1.475310 0.043891
v -0.040806 1.475309 0.043909
v -0.039141 1.474999 0.043322
v -0.038442 1.474249 0.041876
v -0.044871 1.475292 0.063140
v -0.044813 1.481506 0.056385
v -0.044683 1.490082 0.041440
v -0.044790 1.489887 0.054007
v -0.044163 1.490102 0.040198
v -0.042928 1.490109 0.039692
v -0.040766 1.490108 0.039710
v -0.039101 1.490119 0.039029
v -0.038400 1.490145 0.037355
v -0.044199 1.504534 0.044781
v -0.042964 1.504771 0.044348
v -0.040802 1.504771 0.044366
v -0.039138 1.505090 0.043783
v -0.038438 1.505861 0.042345
v -0.044718 1.503962 0.045847
v -0.044299 1.514964 0.056852
v -0.043066 1.515367 0.056611
v -0.040904 1.515366 0.056629
v -0.039242 1.515909 0.056303
v -0.038548 1.517218 0.055490
v -0.044814 1.513993 0.057455
v -0.044811 1.498191 0.056644
v -0.044286 1.489867 0.055272
v -0.044307 1.482050 0.057489
v -0.044305 1.497612 0.057731
v -0.044868 1.504191 0.063589
v -0.043045 1.489859 0.055804
v -0.044361 1.476255 0.063790
v -0.043066 1.482275 0.057955
v -0.044951 1.472912 0.072463
v -0.044947 1.517487 0.073154
v -0.044436 1.518597 0.073176
v -0.043206 1.519057 0.073194
v -0.041044 1.519057 0.073212
v -0.039385 1.519677 0.073236
v -0.038698 1.521174 0.073265
v -0.045031 1.475001 0.081854
v -0.045085 1.465200 0.087988
v -0.044581 1.464228 0.088601
v -0.043352 1.463825 0.088863
v -0.041190 1.463825 0.088881
v -0.039534 1.463282 0.089234
v -0.038854 1.461972 0.090061
v -0.044510 1.475984 0.081244
v -0.044436 1.474035 0.072484
v -0.043119 1.476654 0.064068
v -0.044563 1.481581 0.087721
v -0.045088 1.481002 0.088799
v -0.045181 1.475230 0.099597
v -0.044681 1.474659 0.100671
v -0.043454 1.474421 0.101125
v -0.041292 1.474421 0.101143
v -0.039638 1.474101 0.101755
v -0.038963 1.473329 0.103204
v -0.045108 1.489306 0.091436
v -0.044582 1.489326 0.090180
v -0.045215 1.489111 0.104004
v -0.043334 1.489333 0.089669
v -0.043315 1.481820 0.087283
v -0.043263 1.476391 0.081000
v -0.043191 1.474500 0.072502
v -0.045086 1.497687 0.089058
v -0.045178 1.503121 0.100030
v -0.044562 1.497143 0.087963
v -0.044716 1.489091 0.105255
v -0.043490 1.489083 0.105781
v -0.041328 1.489083 0.105799
v -0.039675 1.489071 0.106509
v -0.039002 1.489045 0.108195
v -0.044678 1.503659 0.101121
v -0.043451 1.503883 0.101582
v -0.041289 1.503882 0.101600
v -0.039635 1.504182 0.102222
v -0.038960 1.504908 0.103694
v -0.044576 1.514460 0.089380
v -0.043347 1.514854 0.089655
v -0.041185 1.514853 0.089673
v -0.039529 1.515385 0.090044
v -0.038848 1.516669 0.090909
v -0.045080 1.513508 0.088738
v -0.045027 1.503901 0.082303
v -0.044948 1.506282 0.072981
v -0.044507 1.502938 0.081663
v -0.044359 1.503209 0.064208
v -0.043313 1.496917 0.087518
v -0.044432 1.505158 0.072968
v -0.043064 1.497372 0.058190
v -0.043260 1.502539 0.081406
v -0.043117 1.502802 0.064473
v -0.043188 1.504693 0.072971
v -0.037604 1.489332 0.089718
v -0.037584 1.496916 0.087567
v -0.037531 1.502538 0.081455
v -0.037458 1.504691 0.073020
v -0.037460 1.489595 0.072785
v -0.037586 1.481819 0.087332
v -0.037387 1.502800 0.064522
v -0.037334 1.497371 0.058238
v -0.037533 1.476389 0.081049
v -0.037316 1.489858 0.055853
v -0.037461 1.474498 0.072551
v -0.037336 1.482274 0.058004
v -0.037389 1.476652 0.064116
v 0.055496 1.292581 0.049616
v 0.055523 1.281876 0.046216
v 0.055887 1.281862 0.047129
v 0.055862 1.292164 0.050400
v 0.056758 1.291990 0.050732
v 0.056783 1.281856 0.047514
v 0.060484 1.291989 0.050763
v 0.060509 1.281855 0.047545
v 0.061366 1.291819 0.051090
v 0.061391 1.281849 0.047924
v 0.061750 1.281835 0.048823
v 0.061726 1.291407 0.051862
v 0.061364 1.271785 0.050779
v 0.060482 1.271625 0.050447
v 0.056756 1.271626 0.050416
v 0.055860 1.271463 0.050079
v 0.055494 1.271070 0.049281
v 0.060410 1.264042 0.058692
v 0.056684 1.264042 0.058660
v 0.055787 1.263755 0.058460
v 0.055418 1.263059 0.057991
v 0.061293 1.264325 0.058889
v 0.061724 1.272173 0.051563
v 0.061656 1.265010 0.059351
v 0.061709 1.281761 0.053586
v 0.061689 1.274232 0.055722
v 0.061691 1.289220 0.055955
v 0.061241 1.281744 0.054702
v 0.061636 1.268650 0.061790
v 0.061223 1.274716 0.056695
v 0.061660 1.298325 0.059868
v 0.061297 1.299024 0.059428
v 0.060414 1.299314 0.059239
v 0.056688 1.299314 0.059208
v 0.055790 1.299609 0.059016
v 0.055422 1.300318 0.058569
v 0.061639 1.294610 0.062193
v 0.061224 1.288706 0.056913
v 0.060132 1.281737 0.055156
v 0.061568 1.300734 0.070695
v 0.061202 1.301533 0.070704
v 0.060317 1.301864 0.070702
v 0.056591 1.301865 0.070670
v 0.055692 1.302202 0.070668
v 0.055320 1.303012 0.070677
v 0.060114 1.274917 0.057091
v 0.061173 1.269506 0.062359
v 0.061565 1.266512 0.070164
v 0.061564 1.262265 0.070098
v 0.061198 1.261467 0.070083
v 0.060313 1.261136 0.070070
v 0.056586 1.261137 0.070038
v 0.055688 1.260801 0.070025
v 0.055316 1.259990 0.070010
v 0.061107 1.267510 0.070175
v 0.060066 1.269861 0.062587
v 0.061040 1.269263 0.078050
v 0.061493 1.268389 0.078600
v 0.061473 1.264675 0.080925
v 0.060001 1.267924 0.070173
v 0.059936 1.269625 0.077815
v 0.052367 1.274919 0.057025
v 0.052319 1.269863 0.062522
v 0.052385 1.281739 0.055090
v 0.052254 1.267926 0.070107
v 0.052255 1.281502 0.070318
v 0.052368 1.288495 0.057236
v 0.052189 1.269627 0.077749
v 0.059889 1.274508 0.083465
v 0.060115 1.288493 0.057302
v 0.052143 1.274509 0.083399
v 0.060992 1.274294 0.083873
v 0.059873 1.281264 0.085611
v 0.061442 1.273780 0.084839
v 0.052321 1.293378 0.062887
v 0.061176 1.293737 0.062735
v 0.060068 1.293376 0.062952
v 0.061568 1.296488 0.070630
v 0.060975 1.281257 0.086084
v 0.052257 1.295079 0.070528
v 0.061109 1.295490 0.070610
v 0.060004 1.295076 0.070594
v 0.052192 1.293141 0.078114
v 0.059938 1.293139 0.078179
v 0.061043 1.293494 0.078426
v 0.061496 1.294349 0.079004
v 0.052144 1.288085 0.083610
v 0.059891 1.288084 0.083676
v 0.052126 1.281266 0.085545
v 0.060993 1.288284 0.084090
v 0.061476 1.297990 0.081442
v 0.061443 1.288768 0.085072
v 0.061106 1.298675 0.081898
v 0.060220 1.298959 0.082080
v 0.056494 1.298960 0.082049
v 0.055593 1.299248 0.082234
v 0.055217 1.299944 0.082697
v 0.061424 1.281239 0.087208
v 0.061409 1.290827 0.089230
v 0.061035 1.291215 0.090009
v 0.060148 1.291375 0.090325
v 0.056421 1.291376 0.090293
v 0.055520 1.291539 0.090615
v 0.055141 1.291933 0.091406
v 0.061406 1.271593 0.088931
v 0.061383 1.281165 0.091970
v 0.061009 1.281151 0.092863
v 0.060121 1.281146 0.093226
v 0.056394 1.281146 0.093196
v 0.055493 1.281141 0.093565
v 0.055113 1.281127 0.094471
v 0.061103 1.263976 0.081359
v 0.061034 1.271181 0.089698
v 0.060146 1.271011 0.090009
v 0.056419 1.271012 0.089977
v 0.055518 1.270839 0.090293
v 0.055139 1.270421 0.091072
v 0.060216 1.263687 0.081533
v 0.056490 1.263687 0.081501
v 0.055589 1.263394 0.081677
v 0.055213 1.262684 0.082118
v -0.038898 1.281884 0.046324
v -0.038518 1.281899 0.045417
v -0.038544 1.292604 0.048817
v -0.038923 1.292186 0.049595
v -0.039825 1.292013 0.049911
v -0.039800 1.281879 0.046693
v -0.043551 1.292014 0.049879
v -0.043526 1.281880 0.046661
v -0.044439 1.291844 0.050191
v -0.044414 1.281874 0.047025
v -0.044788 1.281860 0.047917
v -0.044812 1.291433 0.050958
v -0.044441 1.271811 0.049880
v -0.043553 1.271650 0.049563
v -0.039827 1.271649 0.049595
v -0.038925 1.271486 0.049274
v -0.038547 1.271092 0.048482
v -0.043625 1.264067 0.057808
v -0.039899 1.264066 0.057840
v -0.038998 1.263777 0.057654
v -0.038623 1.263082 0.057192
v -0.044512 1.264350 0.057990
v -0.044814 1.272198 0.050659
v -0.044882 1.265035 0.058446
v -0.044829 1.281786 0.052680
v -0.044849 1.274257 0.054817
v -0.044847 1.289245 0.055049
v -0.044380 1.281769 0.053805
v -0.044902 1.268676 0.060885
v -0.044399 1.274742 0.055798
v -0.044878 1.298351 0.058963
v -0.044508 1.299049 0.058529
v -0.043621 1.299338 0.058355
v -0.039895 1.299338 0.058387
v -0.038995 1.299631 0.058211
v -0.038618 1.300341 0.057770
v -0.044899 1.294636 0.061287
v -0.044398 1.288731 0.056015
v -0.043278 1.281761 0.054278
v -0.044970 1.300760 0.069790
v -0.044603 1.301559 0.069805
v -0.043718 1.301889 0.069818
v -0.039992 1.301888 0.069850
v -0.039093 1.302225 0.069863
v -0.038721 1.303035 0.069879
v -0.043296 1.274942 0.056212
v -0.044448 1.269531 0.061462
v -0.044973 1.266538 0.069259
v -0.044974 1.262291 0.069193
v -0.044607 1.261492 0.069184
v -0.043722 1.261161 0.069186
v -0.039996 1.261160 0.069218
v -0.039097 1.260824 0.069220
v -0.038725 1.260013 0.069211
v -0.044515 1.267535 0.069278
v -0.043344 1.269886 0.061709
v -0.044582 1.269288 0.077153
v -0.045045 1.268415 0.077696
v -0.045065 1.264700 0.080020
v -0.035550 1.274940 0.056278
v -0.035531 1.281760 0.054343
v -0.043409 1.267949 0.069294
v -0.035597 1.269884 0.061774
v -0.035661 1.281523 0.069571
v -0.035548 1.288516 0.056489
v -0.035662 1.267947 0.069359
v -0.035595 1.293399 0.062140
v -0.043473 1.269650 0.076936
v -0.043295 1.288518 0.056423
v -0.035726 1.269648 0.077002
v -0.043520 1.274532 0.082587
v -0.044445 1.293763 0.061838
v -0.043341 1.293401 0.062074
v -0.044970 1.296513 0.069724
v -0.035774 1.274531 0.082652
v -0.044630 1.274320 0.082976
v -0.043537 1.281289 0.084732
v -0.045096 1.273805 0.083934
v -0.044512 1.295515 0.069713
v -0.035790 1.281287 0.084798
v -0.044647 1.281281 0.085186
v -0.045132 1.271618 0.088026
v -0.045114 1.281265 0.086302
v -0.044703 1.264002 0.080461
v -0.043819 1.263712 0.080649
v -0.040093 1.263711 0.080681
v -0.039196 1.263417 0.080872
v -0.038828 1.262707 0.081319
v -0.044772 1.271206 0.088799
v -0.043890 1.271036 0.089125
v -0.040163 1.271035 0.089157
v -0.039267 1.270862 0.089488
v -0.038902 1.270444 0.090273
v -0.045155 1.281191 0.091065
v -0.044796 1.281176 0.091964
v -0.043915 1.281170 0.092343
v -0.040188 1.281170 0.092375
v -0.039293 1.281163 0.092759
v -0.038928 1.281149 0.093672
v -0.045130 1.290853 0.088324
v -0.044770 1.291240 0.089110
v -0.043888 1.291400 0.089441
v -0.040161 1.291399 0.089473
v -0.039265 1.291562 0.089809
v -0.038899 1.291956 0.090606
v -0.045095 1.288794 0.084166
v -0.044629 1.288309 0.083193
v -0.043519 1.288108 0.082798
v -0.035772 1.288107 0.082863
v -0.045061 1.298016 0.080537
v -0.045042 1.294375 0.078098
v -0.044579 1.293519 0.077529
v -0.043471 1.293164 0.077301
v -0.035725 1.293162 0.077367
v -0.044699 1.298700 0.080999
v -0.043816 1.298984 0.081196
v -0.040089 1.298983 0.081228
v -0.039192 1.299271 0.081429
v -0.038824 1.299966 0.081898
v -0.035659 1.295099 0.069782
v -0.043406 1.295101 0.069716
v 0.041275 1.246587 0.046834
v 0.041080 1.240776 0.069590
v 0.053161 1.246585 0.046935
v 0.052956 1.240774 0.069691
v 0.054818 1.247116 0.047305
v 0.054631 1.241287 0.070124
v 0.055498 1.248400 0.048171
v 0.055335 1.242533 0.071146
v 0.055634 1.262779 0.032540
v 0.054959 1.262052 0.031067
v 0.053305 1.261752 0.030446
v 0.041419 1.261755 0.030345
v 0.055053 1.260339 0.107144
v 0.055686 1.282428 0.026965
v 0.055013 1.282274 0.025330
v 0.053359 1.282211 0.024642
v 0.041473 1.282214 0.024541
v 0.055685 1.310426 0.027916
v 0.055012 1.310415 0.026286
v 0.055341 1.325100 0.067776
v 0.053358 1.310293 0.025595
v 0.041472 1.309269 0.025459
v 0.041470 1.345283 0.026682
v 0.053356 1.345656 0.026796
v 0.041468 1.376944 0.027757
v 0.053355 1.376941 0.027858
v 0.055008 1.376925 0.028544
v 0.055010 1.345688 0.027484
v 0.055682 1.376885 0.030172
v 0.055683 1.345661 0.029112
v 0.055578 1.347293 0.046226
v 0.055541 1.378302 0.046705
v 0.055508 1.342320 0.048491
v 0.055541 1.344603 0.046792
v 0.054841 1.378277 0.048322
v 0.054851 1.347268 0.047843
v 0.054909 1.345178 0.048388
v 0.054818 1.343340 0.049630
v 0.054858 1.412014 0.048849
v 0.055585 1.412039 0.047231
v 0.055553 1.414896 0.048787
v 0.054911 1.413597 0.049969
v 0.055514 1.415672 0.052262
v 0.053179 1.412004 0.049503
v 0.053175 1.378267 0.048980
v 0.053172 1.347258 0.048498
v 0.053168 1.345367 0.048897
v 0.054801 1.414253 0.051937
v 0.055401 1.415161 0.055299
v 0.054710 1.413702 0.055219
v 0.054679 1.414877 0.056906
v 0.053127 1.413669 0.051791
v 0.053163 1.413312 0.050211
v 0.051376 1.412004 0.049488
v 0.054425 1.413700 0.056579
v 0.053002 1.414760 0.057561
v 0.053048 1.413098 0.055174
v 0.051370 1.413312 0.050196
v 0.053013 1.413447 0.056790
v 0.051357 1.413669 0.051776
v 0.051315 1.413448 0.056771
v 0.051308 1.414761 0.057533
v 0.051328 1.413099 0.055159
v 0.049581 1.413149 0.057020
v 0.049641 1.414726 0.058195
v 0.049963 1.413061 0.050415
v 0.049698 1.413060 0.051762
v 0.049711 1.411883 0.050144
v 0.049672 1.412510 0.055023
v 0.048953 1.411835 0.058172
v 0.048937 1.414642 0.059812
v 0.048875 1.410241 0.069992
v 0.048854 1.402860 0.069877
v 0.048161 1.410213 0.071610
v 0.048990 1.411089 0.054721
v 0.049010 1.411589 0.051757
v 0.051372 1.378267 0.048964
v 0.049708 1.378257 0.049622
v 0.051369 1.347259 0.048483
v 0.049009 1.378232 0.051239
v 0.051369 1.345368 0.048882
v 0.049706 1.346903 0.049136
v 0.051368 1.343763 0.050075
v 0.049961 1.345495 0.049222
v 0.049009 1.346043 0.050739
v 0.048848 1.378554 0.069500
v 0.053158 1.343762 0.050091
v 0.049705 1.344430 0.050261
v 0.052990 1.326542 0.069376
v 0.051365 1.326543 0.069362
v 0.054650 1.326119 0.068915
v 0.052975 1.325254 0.071123
v 0.054702 1.324813 0.070805
v 0.055321 1.323561 0.069861
v 0.049706 1.327545 0.069174
v 0.049020 1.329965 0.068747
v 0.055279 1.322405 0.072236
v 0.048149 1.378528 0.071117
v 0.054607 1.323733 0.072863
v 0.055138 1.314701 0.092409
v 0.052958 1.324285 0.073113
v 0.046672 1.325093 0.070947
v 0.054443 1.315916 0.093339
v 0.052781 1.316419 0.093712
v 0.055001 1.300224 0.108148
v 0.041041 1.322936 0.076552
v 0.041090 1.325094 0.070899
v 0.040894 1.316422 0.093611
v 0.054950 1.280829 0.113650
v 0.054302 1.300951 0.109608
v 0.052637 1.301252 0.110201
v 0.040751 1.301255 0.110100
v 0.054248 1.280803 0.115324
v 0.052583 1.280793 0.116005
v 0.040696 1.280796 0.115904
v 0.054310 1.260469 0.108870
v 0.052612 1.260524 0.109569
v 0.040747 1.260527 0.109468
v 0.047598 1.229415 0.123969
v 0.046658 1.229113 0.125946
v 0.044862 1.228993 0.126726
v 0.032997 1.228996 0.126625
v 0.047752 1.215653 0.108048
v 0.046812 1.214716 0.109292
v 0.047801 1.204528 0.099608
v 0.046875 1.201935 0.099588
v 0.045096 1.200886 0.099567
v 0.033221 1.200889 0.099467
v 0.045024 1.214345 0.109774
v 0.033138 1.214348 0.109673
v 0.041472 1.423913 0.028637
v 0.053358 1.423910 0.028738
v 0.055012 1.423926 0.029425
v 0.055685 1.423967 0.031054
v 0.055727 1.465115 0.027350
v 0.055504 1.445748 0.057143
v 0.055053 1.465128 0.025716
v 0.053400 1.465134 0.025027
v 0.041514 1.465137 0.024925
v 0.054776 1.445671 0.058761
v 0.053096 1.445637 0.059419
v 0.051299 1.445635 0.059428
v 0.049626 1.445450 0.060078
v 0.048912 1.445004 0.061673
v 0.048432 1.442750 0.070493
v 0.047683 1.443013 0.072091
v 0.046489 1.410194 0.072266
v 0.046014 1.444285 0.072791
v 0.041099 1.410208 0.072221
v 0.041102 1.444286 0.072750
v 0.048387 1.444431 0.072239
v 0.048386 1.444105 0.071919
v 0.049137 1.444234 0.070578
v 0.050807 1.444848 0.070624
v 0.049562 1.446492 0.061726
v 0.051202 1.447114 0.061753
v 0.049867 1.446604 0.060398
v 0.051269 1.446875 0.060189
v 0.053095 1.446878 0.060188
v 0.053083 1.447116 0.061758
v 0.054841 1.447168 0.059965
v 0.053008 1.444847 0.070642
v 0.055482 1.448544 0.058868
v 0.054755 1.447691 0.061949
v 0.052907 1.444093 0.072738
v 0.052647 1.442971 0.074613
v 0.043396 1.411127 0.117357
v 0.044850 1.411127 0.117370
v 0.046613 1.411917 0.117350
v 0.054308 1.443380 0.075114
v 0.047499 1.413875 0.117272
v 0.055465 1.449081 0.062402
v 0.054680 1.445420 0.070839
v 0.054642 1.444534 0.073061
v 0.055388 1.446812 0.071287
v 0.055267 1.445853 0.073881
v 0.054975 1.444351 0.076314
v 0.055711 1.490149 0.029911
v 0.055021 1.466094 0.114780
v 0.047454 1.420187 0.124462
v 0.055037 1.490233 0.028283
v 0.055698 1.511954 0.032141
v 0.046556 1.419149 0.125592
v 0.053384 1.490162 0.027587
v 0.055024 1.512624 0.030574
v 0.053370 1.512901 0.029913
v 0.041483 1.512904 0.029812
v 0.041499 1.489254 0.027393
v 0.055550 1.527336 0.049943
v 0.044788 1.418734 0.126032
v 0.043324 1.418735 0.126020
v 0.043237 1.427816 0.136530
v 0.044685 1.427816 0.136542
v 0.046438 1.427950 0.135764
v 0.054870 1.528647 0.049117
v 0.055344 1.532745 0.074244
v 0.053213 1.529190 0.048764
v 0.041327 1.529193 0.048663
v 0.054657 1.534243 0.074261
v 0.052998 1.534863 0.074257
v 0.041112 1.534866 0.074156
v 0.055138 1.526585 0.098366
v 0.054444 1.527869 0.099220
v 0.052782 1.528401 0.099562
v 0.040895 1.528404 0.099461
v 0.054986 1.510508 0.115844
v 0.054286 1.511234 0.117305
v 0.054928 1.488821 0.121997
v 0.052622 1.511535 0.117898
v 0.040736 1.511538 0.117797
v 0.054227 1.488795 0.123670
v 0.054291 1.466201 0.116498
v 0.052562 1.488785 0.124352
v 0.040675 1.488788 0.124251
v 0.047294 1.428281 0.133815
v 0.052602 1.466245 0.117194
v 0.040731 1.466248 0.117094
v 0.041098 1.403325 0.072114
v 0.046488 1.402825 0.072152
v 0.041095 1.378520 0.071729
v 0.048153 1.402835 0.071494
v 0.046485 1.378516 0.071775
v -0.036187 1.246606 0.046176
v -0.024495 1.240792 0.069033
v -0.024300 1.246603 0.046277
v -0.036370 1.240795 0.068932
v -0.037849 1.247138 0.046518
v -0.038052 1.241310 0.069337
v -0.038543 1.248422 0.047373
v -0.038772 1.242556 0.070346
v -0.038406 1.262801 0.031740
v -0.037707 1.262074 0.030280
v -0.036043 1.261773 0.029687
v -0.024156 1.261770 0.029788
v -0.039093 1.260361 0.106345
v -0.038354 1.282450 0.026166
v -0.037653 1.282296 0.024544
v -0.035989 1.282233 0.023883
v -0.024102 1.282230 0.023984
v -0.038356 1.310448 0.027117
v -0.037654 1.310437 0.025499
v -0.038681 1.325122 0.066978
v -0.035990 1.310314 0.024836
v -0.024104 1.309285 0.024902
v -0.024105 1.345298 0.026125
v -0.035991 1.345677 0.026037
v -0.024107 1.376960 0.027200
v -0.035993 1.376963 0.027099
v -0.037658 1.376947 0.027756
v -0.037656 1.345710 0.026696
v -0.038359 1.376908 0.029373
v -0.038357 1.345683 0.028313
v -0.038542 1.347316 0.045426
v -0.038499 1.378324 0.045906
v -0.038514 1.342342 0.047692
v -0.038516 1.344626 0.045994
v -0.037826 1.378299 0.047534
v -0.037843 1.347290 0.047056
v -0.037911 1.345200 0.047599
v -0.037841 1.343362 0.048842
v -0.037836 1.412036 0.048060
v -0.038535 1.412061 0.046431
v -0.038529 1.414918 0.047987
v -0.037907 1.413619 0.049180
v -0.038548 1.415694 0.051463
v -0.036169 1.412025 0.048744
v -0.036172 1.378288 0.048220
v -0.036175 1.347280 0.047739
v -0.036179 1.345389 0.048138
v -0.037830 1.414275 0.051150
v -0.038487 1.415183 0.054501
v -0.037795 1.413723 0.054433
v -0.037793 1.414899 0.056120
v -0.036154 1.413690 0.051032
v -0.036164 1.413333 0.049452
v -0.034365 1.412024 0.048760
v -0.037534 1.413721 0.055798
v -0.036127 1.414781 0.056804
v -0.036133 1.413119 0.054416
v -0.034371 1.413332 0.049468
v -0.036126 1.413468 0.056033
v -0.034384 1.413690 0.051048
v -0.034427 1.413469 0.056043
v -0.034433 1.414781 0.056804
v -0.034413 1.413119 0.054431
v -0.032699 1.413169 0.056321
v -0.032777 1.414746 0.057494
v -0.032968 1.413081 0.049710
v -0.032726 1.413080 0.051062
v -0.032712 1.411902 0.049444
v -0.032755 1.412530 0.054322
v -0.032090 1.411855 0.057483
v -0.032100 1.414661 0.059124
v -0.032215 1.410261 0.069303
v -0.032194 1.402879 0.069189
v -0.031528 1.410232 0.070933
v -0.032069 1.411108 0.054032
v -0.032038 1.411608 0.051068
v -0.034369 1.378288 0.048236
v -0.032716 1.378277 0.048922
v -0.034372 1.347279 0.047754
v -0.032044 1.378252 0.050550
v -0.031521 1.402854 0.070817
v -0.029867 1.410212 0.071617
v -0.034380 1.345388 0.048154
v -0.032721 1.346922 0.048435
v -0.032193 1.378574 0.068811
v -0.034401 1.343783 0.049347
v -0.032978 1.345514 0.048517
v -0.032051 1.346063 0.050050
v -0.036190 1.343783 0.049332
v -0.032740 1.344450 0.049561
v -0.032376 1.329984 0.068056
v -0.033070 1.327564 0.068471
v -0.034733 1.326563 0.068631
v -0.031522 1.378547 0.070439
v -0.029868 1.402843 0.071503
v -0.029870 1.378534 0.071126
v -0.024477 1.403340 0.071557
v -0.024477 1.410223 0.071664
v -0.024480 1.378536 0.071172
v -0.024486 1.325110 0.070342
v -0.030068 1.325111 0.070295
v -0.024103 1.423928 0.028080
v -0.035989 1.423931 0.027979
v -0.037654 1.423949 0.028637
v -0.038355 1.423989 0.030255
v -0.038314 1.465137 0.026551
v -0.038607 1.445771 0.056343
v -0.037613 1.465150 0.024928
v -0.035948 1.465155 0.024268
v -0.024062 1.465152 0.024369
v -0.037906 1.445694 0.057973
v -0.036238 1.445659 0.058660
v -0.034442 1.445655 0.058699
v -0.032780 1.445469 0.059378
v -0.032092 1.445024 0.060986
v -0.031764 1.442769 0.069812
v -0.031042 1.443032 0.071422
v -0.029385 1.444303 0.072151
v -0.024473 1.444302 0.072193
v -0.031748 1.444450 0.071557
v -0.031742 1.444123 0.071238
v -0.032470 1.444254 0.069885
v -0.034140 1.444868 0.069902
v -0.032743 1.446511 0.061027
v -0.034384 1.447134 0.061026
v -0.033025 1.446624 0.059694
v -0.034424 1.446895 0.059461
v -0.036249 1.446900 0.059429
v -0.036264 1.447137 0.060998
v -0.037991 1.447191 0.059176
v -0.036340 1.444868 0.069884
v -0.038613 1.448567 0.058068
v -0.037939 1.447713 0.061161
v -0.036276 1.444115 0.071980
v -0.036048 1.442992 0.073860
v -0.027540 1.411145 0.116755
v -0.028993 1.411145 0.116742
v -0.030755 1.411936 0.116693
v -0.037717 1.443402 0.074333
v -0.031639 1.413895 0.116600
v -0.038655 1.449103 0.061603
v -0.038015 1.445442 0.070052
v -0.038015 1.444556 0.072275
v -0.038731 1.446835 0.070487
v -0.038654 1.445875 0.073083
v -0.038404 1.444373 0.075521
v -0.038330 1.490172 0.029112
v -0.039093 1.466116 0.113980
v -0.031714 1.420206 0.123789
v -0.037629 1.490255 0.027497
v -0.038344 1.511977 0.031342
v -0.030835 1.419167 0.124935
v -0.035964 1.490184 0.026828
v -0.037643 1.512646 0.029787
v -0.035978 1.512923 0.029154
v -0.024092 1.512919 0.029255
v -0.024077 1.489270 0.026836
v -0.038491 1.527359 0.049144
v -0.029075 1.418752 0.125405
v -0.027612 1.418751 0.125417
v -0.027699 1.427833 0.135927
v -0.029148 1.427834 0.135915
v -0.030885 1.427969 0.135108
v -0.037796 1.528669 0.048330
v -0.038696 1.532767 0.073445
v -0.036134 1.529211 0.048004
v -0.024248 1.529208 0.048106
v -0.038009 1.534265 0.073474
v -0.036349 1.534885 0.073498
v -0.024463 1.534882 0.073599
v -0.038903 1.526608 0.097567
v -0.038222 1.527891 0.098432
v -0.036566 1.528422 0.098803
v -0.024680 1.528420 0.098904
v -0.039055 1.510530 0.115045
v -0.039112 1.488843 0.121198
v -0.038380 1.511256 0.116517
v -0.036726 1.511557 0.117139
v -0.024840 1.511554 0.117239
v -0.038439 1.488817 0.122883
v -0.038392 1.466223 0.115710
v -0.036786 1.488806 0.123593
v -0.024900 1.488803 0.123694
v -0.031708 1.428300 0.133144
v -0.036716 1.466266 0.116436
v -0.024844 1.466264 0.116537
v -0.036567 1.316441 0.092953
v -0.024534 1.322952 0.075995
v -0.024681 1.316438 0.093054
v -0.036390 1.324306 0.072353
v -0.038223 1.315938 0.092551
v -0.036373 1.325275 0.070365
v -0.038035 1.323755 0.072075
v -0.038902 1.314723 0.091610
v -0.038095 1.324835 0.070017
v -0.038697 1.322428 0.071438
v -0.038698 1.323584 0.069063
v -0.038010 1.326141 0.068128
v -0.039040 1.300247 0.107348
v -0.036358 1.326563 0.068617
v -0.038365 1.300973 0.108821
v -0.039091 1.280851 0.112851
v -0.036711 1.301273 0.109442
v -0.024824 1.301271 0.109543
v -0.038418 1.280825 0.114536
v -0.036765 1.280814 0.115247
v -0.024879 1.280812 0.115347
v -0.038380 1.260492 0.108083
v -0.036694 1.260545 0.108810
v -0.024829 1.260542 0.108911
v -0.031941 1.229434 0.123293
v -0.031034 1.229132 0.125286
v -0.029253 1.229011 0.126096
v -0.017387 1.229008 0.126197
v -0.031831 1.215672 0.107372
v -0.030912 1.214735 0.108632
v -0.031741 1.204547 0.098932
v -0.030816 1.201954 0.098928
v -0.029038 1.200904 0.098937
v -0.017163 1.200901 0.099038
v -0.029133 1.214363 0.109144
v -0.017246 1.214360 0.109245
v 0.033945 1.555008 0.093035
v 0.033811 1.561500 0.093084
v 0.039686 1.555558 0.057626
v 0.040212 1.562032 0.057731
v 0.028342 1.591524 0.074766
v 0.034937 1.591689 0.058146
v 0.027280 1.593796 0.073137
v 0.033373 1.593979 0.058168
v 0.025140 1.594692 0.070722
v 0.009700 1.593761 0.079061
v 0.009682 1.591567 0.081213
v 0.009517 1.561424 0.099797
v 0.009516 1.554906 0.099771
v 0.030341 1.594887 0.058157
v 0.009880 1.594892 0.057983
v 0.025354 1.595084 0.045504
v 0.009728 1.594614 0.075875
v 0.027536 1.594262 0.043099
v 0.010059 1.594416 0.036880
v 0.028626 1.592041 0.041420
v 0.034413 1.562600 0.022274
v 0.034548 1.556109 0.022124
v 0.010078 1.592290 0.034661
v 0.010236 1.562738 0.015150
v 0.010236 1.556222 0.014973
v 0.010032 1.595170 0.040091
v -0.005381 1.595091 0.045243
v -0.007521 1.594270 0.042802
v -0.008583 1.592050 0.041103
v -0.014058 1.562611 0.021862
v -0.010581 1.594897 0.057809
v -0.013613 1.593990 0.057769
v -0.015178 1.591701 0.057720
v -0.020459 1.562047 0.057215
v -0.005595 1.594699 0.070461
v -0.007776 1.593804 0.072839
v -0.008867 1.591533 0.074450
v -0.014660 1.561512 0.092672
v -0.014796 1.555020 0.092621
v -0.019935 1.555572 0.057119
v -0.014194 1.556121 0.021710
v 0.009239 0.977087 -0.080687
v 0.011817 1.037028 -0.091893
v 0.009355 1.037037 -0.092754
v 0.011703 0.977640 -0.079967
v 0.011721 0.975619 -0.078536
v 0.009227 0.975025 -0.079366
v 0.035498 0.986795 -0.062377
v 0.035536 0.988861 -0.063764
v 0.035631 1.036838 -0.073105
v 0.037430 1.036810 -0.070862
v 0.036974 0.987787 -0.061119
v 0.037331 0.989611 -0.061671
v 0.038055 1.036770 -0.068059
v 0.037967 0.989883 -0.058935
v 0.036980 0.988081 0.057142
v 0.036901 1.034662 0.067717
v 0.036298 0.987725 0.059857
v 0.036229 1.034616 0.070508
v 0.034391 1.034574 0.072721
v 0.034468 0.986910 0.061894
v 0.010261 1.034188 0.091098
v 0.035951 0.985919 0.059243
v 0.036230 0.985741 0.057081
v 0.037216 0.987542 -0.058959
v 0.034454 0.984888 0.060444
v 0.010409 0.973223 0.075842
v 0.010366 0.975198 0.077335
v 0.007786 1.034170 0.091918
v 0.007890 0.974624 0.077995
v 0.007901 0.972604 0.076611
v 0.034231 0.984028 0.057851
v 0.035231 0.985855 -0.059816
v 0.011938 0.974880 -0.075681
v 0.010675 0.972571 0.072969
v 0.007924 0.972017 0.073888
v 0.005408 0.973224 0.075800
v 0.009204 0.974354 -0.076663
v 0.006720 0.975620 -0.078579
v 0.005191 0.972573 0.072922
v -0.018367 0.984901 0.059995
v 0.006454 0.974881 -0.075727
v -0.017323 0.986808 -0.062826
v -0.018100 0.984041 0.057406
v -0.019843 0.985932 0.058769
v -0.017100 0.985867 -0.060261
v -0.018820 0.987801 -0.061593
v -0.020085 0.985754 0.056602
v -0.019099 0.987556 -0.059437
v -0.020835 0.988095 0.056651
v -0.019848 0.989897 -0.059426
v -0.019167 0.989625 -0.062151
v -0.019759 1.036783 -0.068550
v -0.019087 1.036824 -0.071341
v -0.020914 1.034676 0.067226
v -0.017250 1.036850 -0.073554
v -0.017336 0.988873 -0.064213
v 0.006880 1.037030 -0.091935
v -0.020200 0.987738 0.059377
v -0.020288 1.034630 0.070028
v 0.006763 0.977642 -0.080009
v -0.018404 0.986922 0.061445
v -0.018489 1.034586 0.072271
v 0.005325 1.034189 0.091056
v 0.005426 0.975200 0.077293
v 0.010330 0.922261 0.046259
v 0.008143 0.921646 0.046798
v 0.008135 0.923473 0.047731
v 0.010420 0.924123 0.047271
v 0.008072 0.989527 0.057057
v 0.029861 0.933016 0.036780
v 0.010353 0.989541 0.056454
v 0.029746 0.934780 0.037901
v 0.029706 0.989809 0.045190
v 0.031375 0.989211 0.043425
v 0.031168 0.933972 0.035906
v 0.031426 0.935533 0.036328
v 0.032018 0.987566 0.040938
v 0.032063 0.935846 0.034100
v 0.032730 0.988867 -0.042842
v 0.031456 0.933820 0.034119
v 0.032673 0.936960 -0.037612
v 0.029805 0.932286 0.034672
v 0.032074 0.936716 -0.039859
v 0.032129 0.990588 -0.045287
v 0.032066 0.934934 -0.037705
v 0.030421 0.936012 -0.041483
v 0.030489 0.991241 -0.047061
v 0.011332 0.991328 -0.058654
v 0.031809 0.935142 -0.039490
v 0.011260 0.925657 -0.051506
v 0.009061 0.991333 -0.059296
v 0.008983 0.925021 -0.052026
v 0.030517 0.934214 -0.040415
v 0.011152 0.923764 -0.050554
v 0.008975 0.923167 -0.051149
v 0.030425 0.933419 -0.038332
v 0.011205 0.923017 -0.048435
v 0.010418 0.921581 0.044118
v 0.008160 0.921044 0.044682
v 0.005965 0.922262 0.046222
v 0.008957 0.922500 -0.049053
v 0.006788 0.923765 -0.050591
v 0.005913 0.921582 0.044080
v -0.013397 0.933026 0.036412
v 0.006699 0.923018 -0.048473
v -0.012741 0.934224 -0.040783
v -0.013306 0.932296 0.034305
v -0.014689 0.933983 0.035516
v -0.012685 0.933430 -0.038699
v -0.014048 0.935153 -0.039880
v -0.014946 0.933830 0.033725
v -0.014336 0.934946 -0.038099
v -0.015552 0.935857 0.033695
v -0.014943 0.936971 -0.038017
v -0.014954 0.935544 0.035934
v -0.013301 0.934790 0.037535
v 0.005858 0.924125 0.047232
v 0.005801 0.989542 0.056415
v -0.013358 0.989819 0.044824
v -0.015011 0.989854 0.043122
v -0.015600 0.989892 0.040840
v -0.014883 0.991201 -0.043480
v -0.014256 0.991233 -0.045752
v -0.014306 0.936727 -0.040253
v -0.012573 0.991251 -0.047426
v -0.012626 0.936022 -0.041849
v 0.006779 0.991329 -0.058693
v 0.006698 0.925658 -0.051545
v 0.026863 1.058140 0.309461
v 0.047499 1.076928 0.305143
v 0.054006 1.062240 0.288839
v 0.048300 1.158261 0.213165
v 0.054807 1.143573 0.196861
v 0.048733 1.202224 0.163450
v 0.055240 1.187536 0.147146
v 0.049054 1.234797 0.126613
v 0.055561 1.220109 0.110310
v 0.047043 1.237705 0.121665
v 0.053225 1.223749 0.106174
v 0.042115 1.237445 0.117948
v 0.030409 1.247924 0.132902
v 0.027589 1.246370 0.127762
v 0.007780 1.251668 0.136875
v 0.007828 1.249639 0.131231
v -0.011873 1.246379 0.127427
v 0.031547 1.245553 0.138441
v 0.031226 1.212979 0.175277
v -0.014779 1.247935 0.132518
v -0.026234 1.237462 0.117367
v 0.007731 1.249493 0.142622
v 0.030793 1.169017 0.224993
v -0.016012 1.245563 0.138037
v 0.007411 1.216920 0.179458
v 0.029992 1.087683 0.316970
v 0.018109 1.063518 0.315374
v 0.006978 1.172958 0.229174
v -0.016333 1.212990 0.174873
v 0.006177 1.091624 0.321151
v 0.006202 1.065489 0.317465
v -0.016765 1.169028 0.224588
v -0.017566 1.087694 0.316567
v -0.005670 1.063524 0.315172
v -0.033641 1.202243 0.162750
v -0.034074 1.158281 0.212466
v -0.034875 1.076947 0.304444
v -0.014324 1.058150 0.309111
v -0.033321 1.234817 0.125914
v -0.031224 1.237724 0.121000
v -0.037149 1.223770 0.105406
v -0.031409 1.225277 0.103749
v -0.039557 1.220131 0.109502
v -0.039877 1.187558 0.146338
v -0.040310 1.143596 0.196053
v -0.041111 1.062263 0.288031
v -0.017442 1.050808 0.300905
v -0.030967 1.209815 0.089915
v -0.026009 1.213089 0.090222
v -0.033050 1.205444 0.093198
v -0.033370 1.172870 0.130034
v -0.033803 1.128908 0.179749
v -0.034604 1.047574 0.271727
v -0.014188 1.043464 0.292753
v -0.014332 1.199596 0.078678
v -0.011483 1.204165 0.080408
v -0.015543 1.194688 0.081371
v -0.015863 1.162115 0.118207
v -0.016296 1.118153 0.167923
v -0.017097 1.036819 0.259900
v 0.006719 1.032878 0.255719
v -0.005435 1.038086 0.286839
v 0.006473 1.036116 0.284748
v 0.007520 1.114212 0.163741
v 0.007952 1.158174 0.114025
v 0.008273 1.190747 0.077189
v 0.008295 1.195852 0.074705
v 0.008278 1.200895 0.076939
v 0.027978 1.204156 0.080744
v 0.030854 1.199585 0.079062
v 0.032016 1.194677 0.081775
v 0.031695 1.162103 0.118611
v 0.047300 1.209796 0.090581
v 0.051069 1.218671 0.100498
v 0.049324 1.205424 0.093897
v 0.053291 1.214764 0.104336
v 0.052971 1.182191 0.141173
v 0.049004 1.172850 0.130734
v 0.031263 1.118141 0.168326
v 0.048571 1.128889 0.180449
v 0.052537 1.138229 0.190888
v 0.030462 1.036808 0.260304
v 0.018344 1.038080 0.287041
v 0.047770 1.047555 0.272427
v 0.051737 1.056895 0.282866
v 0.049910 1.144384 0.197721
v 0.050343 1.188347 0.148005
v 0.048074 1.183002 0.142032
v 0.047640 1.139039 0.191747
v 0.026790 1.266748 0.323978
v 0.047426 1.285536 0.319660
v 0.053933 1.270848 0.303356
v 0.048227 1.366869 0.227683
v 0.054734 1.352182 0.211379
v 0.048660 1.410832 0.177967
v 0.055167 1.396143 0.161663
v 0.048980 1.443405 0.141131
v 0.055488 1.428717 0.124827
v 0.046969 1.446312 0.136182
v 0.053151 1.432357 0.120691
v 0.042041 1.446053 0.132465
v 0.030335 1.456532 0.147419
v 0.027516 1.454977 0.142279
v 0.007707 1.460276 0.151391
v 0.007754 1.458247 0.145748
v -0.011946 1.454987 0.141943
v 0.031473 1.454160 0.152958
v 0.031153 1.421587 0.189794
v -0.014852 1.456542 0.147035
v -0.026308 1.446069 0.131885
v 0.007658 1.458101 0.157139
v 0.030720 1.377625 0.239510
v -0.016086 1.454172 0.152554
v 0.007337 1.425528 0.193975
v 0.029919 1.296291 0.331488
v 0.018036 1.272126 0.329891
v 0.006904 1.381565 0.243690
v -0.016406 1.421598 0.189390
v 0.006104 1.300232 0.335669
v 0.006128 1.274097 0.331981
v -0.016839 1.377636 0.239105
v -0.017640 1.296302 0.331084
v -0.005743 1.272132 0.329689
v -0.033715 1.410851 0.177267
v -0.034148 1.366889 0.226982
v -0.034948 1.285555 0.318961
v -0.014397 1.266759 0.323628
v -0.033394 1.443425 0.140431
v -0.031298 1.446332 0.135517
v -0.037223 1.432379 0.119923
v -0.031482 1.433885 0.118267
v -0.039630 1.428739 0.124019
v -0.039951 1.396166 0.160855
v -0.040384 1.352204 0.210570
v -0.041185 1.270870 0.302548
v -0.017516 1.259416 0.315421
v -0.031040 1.418423 0.104432
v -0.026083 1.421697 0.104739
v -0.033123 1.414051 0.107715
v -0.033444 1.381478 0.144551
v -0.033877 1.337516 0.194266
v -0.034677 1.256182 0.286244
v -0.014262 1.252072 0.307270
v -0.014406 1.408204 0.093195
v -0.011557 1.412773 0.094925
v -0.015616 1.403296 0.095888
v -0.015937 1.370723 0.132724
v -0.016370 1.326761 0.182439
v -0.017171 1.245427 0.274417
v 0.006645 1.241486 0.270236
v -0.005509 1.246694 0.301356
v 0.006399 1.244724 0.299265
v 0.007446 1.322819 0.178258
v 0.007879 1.366782 0.128542
v 0.008200 1.399355 0.091706
v 0.008222 1.404459 0.089223
v 0.008204 1.409503 0.091456
v 0.027905 1.412764 0.095260
v 0.030781 1.408193 0.093579
v 0.031943 1.403285 0.096292
v 0.031622 1.370712 0.133128
v 0.047226 1.418404 0.105097
v 0.050995 1.427278 0.115015
v 0.049251 1.414032 0.108415
v 0.053218 1.423372 0.118853
v 0.052897 1.390799 0.155690
v 0.048931 1.381459 0.145251
v 0.031189 1.326749 0.182843
v 0.048498 1.337496 0.194966
v 0.052464 1.346837 0.205406
v 0.030388 1.245415 0.274821
v 0.018271 1.246688 0.301558
v 0.047697 1.256163 0.286944
v 0.051663 1.265503 0.297383
v 0.049837 1.352992 0.212238
v 0.050270 1.396954 0.162522
v 0.048000 1.391609 0.156549
v 0.047567 1.347648 0.206264
v 0.036827 1.041661 -0.173402
v 0.035338 1.038527 -0.173463
v 0.006337 1.050802 0.301106
v 0.008053 1.225268 0.104085
v 0.006264 1.259410 0.315623
v 0.007979 1.433875 0.118602
v 0.009129 1.270321 -0.000200
v 0.009121 1.265547 -0.000352
v 0.009121 1.270321 -0.000200
v 0.009129 1.270321 -0.001199
v 0.009121 1.270321 -0.001199
v 0.009121 1.265547 -0.001047
v 0.009146 1.270321 -0.000200
v 0.009155 1.270321 -0.000200
v 0.009155 1.265547 -0.000352
v 0.009146 1.270321 -0.001199
v 0.009155 1.265547 -0.001047
v 0.009155 1.270321 -0.001199
v 0.000043 1.955106 -0.019341
v 0.009138 2.188910 -0.000696
v 0.000057 2.013773 -0.000696
v 0.009138 1.991593 -0.056187
v 0.000028 1.896438 -0.037986
v 0.009138 1.927422 -0.071208
v 0.009138 1.881666 -0.075798
v 0.000028 1.872830 -0.041594
v 0.009138 1.845457 -0.076560
v 0.000028 1.845457 -0.042743
v 0.000555 1.528108 -0.031962
v 0.009138 1.529117 -0.060986
v 0.009138 1.456977 -0.059736
v 0.000605 1.456001 -0.031493
v 0.009138 1.391224 -0.060273
v 0.000554 1.390203 -0.032772
v 0.000276 1.327667 -0.036378
v 0.009138 1.328795 -0.063668
v 0.009138 1.308437 -0.065589
v 0.009138 1.272383 -0.000059
v 0.009121 1.283862 -0.000171
v 0.009123 1.283700 -0.000032
v 0.009123 1.272383 -0.000059
v 0.009121 1.284042 -0.000333
v 0.009121 1.284021 -0.000699
v 0.009121 1.265547 -0.000699
v 0.009121 1.284042 -0.001065
v 0.009121 1.283863 -0.001227
v 0.000276 1.327666 0.034980
v 0.000274 1.327872 -0.000699
v 0.000554 1.390203 0.031374
v 0.000555 1.390892 -0.000699
v 0.000605 1.456658 -0.000698
v 0.000605 1.456000 0.030096
v 0.000555 1.528717 -0.000698
v 0.000555 1.528107 0.030566
v 0.000028 1.845457 0.041349
v 0.000028 1.872829 0.040200
v 0.000028 1.896438 0.036593
v 0.000043 1.955106 0.017948
v 0.009138 1.283681 0.000044
v 0.009138 1.273380 0.000018
v 0.009138 1.991593 0.054794
v 0.009138 1.927421 0.069815
v 0.009138 1.881666 0.074404
v 0.009138 1.845457 0.075166
v 0.009138 1.529117 0.059589
v 0.009138 1.456976 0.058339
v 0.009138 1.391223 0.058876
v 0.009138 1.328794 0.062271
v 0.009138 1.308437 0.064192
v 0.009138 1.272383 -0.001339
v 0.009123 1.272383 -0.001339
v 0.009123 1.283701 -0.001366
v 0.009138 1.273380 -0.001417
v 0.009138 1.283682 -0.001442
v 0.018233 1.955106 -0.019341
v 0.018218 2.013773 -0.000696
v 0.018248 1.896438 -0.037986
v 0.018248 1.872830 -0.041594
v 0.018248 1.845457 -0.042743
v 0.017721 1.528108 -0.031962
v 0.017670 1.456001 -0.031493
v 0.017721 1.390203 -0.032772
v 0.017999 1.327667 -0.036378
v 0.009155 1.283862 -0.000171
v 0.009153 1.272383 -0.000059
v 0.009153 1.283700 -0.000032
v 0.009155 1.284042 -0.000333
v 0.009155 1.284021 -0.000699
v 0.009155 1.265547 -0.000699
v 0.009155 1.284042 -0.001065
v 0.009155 1.283863 -0.001227
v 0.017999 1.327666 0.034980
v 0.018001 1.327872 -0.000699
v 0.017721 1.390203 0.031374
v 0.017721 1.390892 -0.000699
v 0.017670 1.456658 -0.000699
v 0.017670 1.456000 0.030096
v 0.017721 1.528717 -0.000698
v 0.017721 1.528107 0.030566
v 0.018248 1.845457 0.041349
v 0.018248 1.872829 0.040200
v 0.018248 1.896438 0.036592
v 0.018233 1.955106 0.017948
v 0.009153 1.283701 -0.001366
v 0.009153 1.272383 -0.001339
v -0.031800 1.339792 -0.018248
v -0.083909 1.339792 -0.018479
v -0.083910 1.332006 -0.017128
v -0.031800 1.332106 -0.016915
v -0.031801 1.325590 -0.013111
v -0.083911 1.325403 -0.013275
v -0.031801 1.321234 -0.007417
v -0.083911 1.320990 -0.007505
v -0.031801 1.319701 -0.000699
v -0.083911 1.319438 -0.000699
v -0.031801 1.321226 0.006021
v -0.083910 1.320983 0.006110
v -0.031800 1.325576 0.011719
v -0.083909 1.325390 0.011882
v -0.031799 1.332089 0.015528
v -0.083909 1.331988 0.015741
v -0.031798 1.339772 0.016867
v -0.083908 1.339773 0.017099
v -0.031797 1.347458 0.015534
v -0.083907 1.347560 0.015748
v -0.031797 1.353974 0.011731
v -0.083907 1.354162 0.011894
v -0.031797 1.358330 0.006036
v -0.083906 1.358575 0.006125
v -0.031797 1.359863 -0.000682
v -0.083906 1.360128 -0.000682
v -0.031797 1.358338 -0.007402
v -0.083907 1.358583 -0.007490
v -0.031798 1.353988 -0.013100
v -0.083908 1.354176 -0.013263
v -0.031799 1.347475 -0.016908
v -0.083909 1.347577 -0.017122
v -0.092905 1.339797 -0.022303
v -0.110496 1.339798 -0.020904
v -0.110471 1.329914 -0.019215
v -0.092852 1.329189 -0.020492
v -0.092746 1.320684 -0.015588
v -0.110425 1.321980 -0.014638
v -0.092663 1.315330 -0.008647
v -0.110391 1.316972 -0.008145
v -0.092633 1.313505 -0.000700
v -0.110379 1.315262 -0.000698
v -0.092661 1.315321 0.007249
v -0.110390 1.316964 0.006750
v -0.092743 1.320667 0.014193
v -0.110423 1.321964 0.013246
v -0.092849 1.329165 0.019103
v -0.110469 1.329891 0.017829
v -0.092901 1.339770 0.020924
v -0.110493 1.339773 0.019526
v -0.092846 1.350378 0.019112
v -0.110466 1.349658 0.017837
v -0.092738 1.358883 0.014208
v -0.110419 1.357592 0.013260
v -0.092655 1.364237 0.007268
v -0.110385 1.362600 0.006767
v -0.092626 1.366062 -0.000680
v -0.110373 1.364309 -0.000680
v -0.092656 1.364246 -0.008629
v -0.110386 1.362608 -0.008128
v -0.092740 1.358900 -0.015573
v -0.110420 1.357608 -0.014624
v -0.092849 1.350402 -0.020483
v -0.110469 1.349680 -0.019207
v -0.119541 1.335992 -0.014706
v -0.119541 1.339790 -0.015285
v -0.119541 1.331098 -0.012198
v -0.119542 1.326777 -0.007237
v -0.119541 1.325078 -0.000697
v -0.119541 1.326769 0.005844
v -0.119541 1.331086 0.010811
v -0.119540 1.335982 0.013325
v -0.119540 1.339781 0.013906
v -0.119539 1.343578 0.013328
v -0.119539 1.348472 0.010820
v -0.119539 1.352794 0.005859
v -0.119539 1.354492 -0.000681
v -0.119539 1.352802 -0.007222
v -0.119540 1.348485 -0.012189
v -0.119541 1.343589 -0.014703
v -0.123929 1.339785 -0.000689
v 0.049808 1.339792 0.016868
v 0.101918 1.339792 0.017099
v 0.101918 1.332006 0.015748
v 0.049809 1.332106 0.015535
v 0.049809 1.325590 0.011732
v 0.101919 1.325403 0.011895
v 0.049809 1.321234 0.006037
v 0.101919 1.320990 0.006126
v 0.049809 1.319701 -0.000681
v 0.101919 1.319438 -0.000681
v 0.049809 1.321226 -0.007401
v 0.101918 1.320983 -0.007489
v 0.049808 1.325576 -0.013099
v 0.101918 1.325390 -0.013262
v 0.049807 1.332089 -0.016907
v 0.101917 1.331988 -0.017121
v 0.049806 1.339772 -0.018247
v 0.101916 1.339773 -0.018478
v 0.049806 1.347458 -0.016914
v 0.101915 1.347560 -0.017128
v 0.049805 1.353974 -0.013110
v 0.101915 1.354162 -0.013274
v 0.049805 1.358330 -0.007416
v 0.101915 1.358575 -0.007505
v 0.049805 1.359863 -0.000698
v 0.101915 1.360128 -0.000698
v 0.049805 1.358338 0.006022
v 0.101915 1.358583 0.006110
v 0.049806 1.353988 0.011720
v 0.101916 1.354176 0.011883
v 0.049807 1.347475 0.015529
v 0.101917 1.347577 0.015742
v 0.110913 1.339797 0.020924
v 0.128504 1.339798 0.019525
v 0.128479 1.329914 0.017836
v 0.110860 1.329189 0.019112
v 0.110754 1.320684 0.014208
v 0.128433 1.321980 0.013258
v 0.110671 1.315330 0.007268
v 0.128399 1.316972 0.006765
v 0.110642 1.313505 -0.000680
v 0.128387 1.315262 -0.000681
v 0.110670 1.315321 -0.008629
v 0.128398 1.316964 -0.008129
v 0.110751 1.320667 -0.015573
v 0.128431 1.321964 -0.014626
v 0.110857 1.329165 -0.020483
v 0.128477 1.329891 -0.019209
v 0.110909 1.339770 -0.022303
v 0.128501 1.339773 -0.020906
v 0.110854 1.350378 -0.020492
v 0.128475 1.349658 -0.019217
v 0.110746 1.358883 -0.015588
v 0.128427 1.357592 -0.014640
v 0.110663 1.364237 -0.008647
v 0.128393 1.362600 -0.008147
v 0.110634 1.366062 -0.000700
v 0.128382 1.364309 -0.000700
v 0.110664 1.364246 0.007249
v 0.128394 1.362608 0.006748
v 0.110748 1.358900 0.014194
v 0.128429 1.357608 0.013245
v 0.110857 1.350402 0.019104
v 0.128477 1.349680 0.017828
v 0.137549 1.335992 0.013327
v 0.137549 1.339790 0.013905
v 0.137550 1.331098 0.010818
v 0.137550 1.326777 0.005857
v 0.137550 1.325078 -0.000682
v 0.137549 1.326769 -0.007224
v 0.137549 1.331086 -0.012190
v 0.137548 1.335982 -0.014704
v 0.137548 1.339781 -0.015286
v 0.137548 1.343578 -0.014708
v 0.137547 1.348472 -0.012199
v 0.137547 1.352794 -0.007238
v 0.137547 1.354492 -0.000699
v 0.137548 1.352802 0.005843
v 0.137548 1.348485 0.010809
v 0.137549 1.343589 0.013323
v 0.141937 1.339785 -0.000691
v 0.008995 1.055044 -0.029593
v 0.008989 -0.136402 -0.029570
v 0.016477 -0.136411 -0.027505
v 0.016488 1.055036 -0.027527
v 0.022826 -0.136418 -0.021613
v 0.022842 1.055031 -0.021631
v 0.027070 -0.136419 -0.012793
v 0.027089 1.055028 -0.012804
v 0.028563 -0.136418 -0.002387
v 0.028583 1.055030 -0.002390
v 0.027077 -0.136412 0.008022
v 0.027097 1.055035 0.008027
v 0.022839 -0.136404 0.016848
v 0.022855 1.055042 0.016859
v 0.016494 -0.136393 0.022747
v 0.016505 1.055052 0.022763
v 0.009008 -0.136383 0.024822
v 0.009013 1.055061 0.024840
v 0.001520 -0.136374 0.022757
v 0.001520 1.055069 0.022773
v -0.004829 -0.136368 0.016866
v -0.004834 1.055074 0.016877
v -0.009073 -0.136366 0.008046
v -0.009081 1.055076 0.008050
v -0.010566 -0.136367 -0.002361
v -0.010575 1.055075 -0.002364
v -0.009081 -0.136374 -0.012769
v -0.009088 1.055070 -0.012780
v -0.004843 -0.136382 -0.021595
v -0.004847 1.055063 -0.021613
v 0.001503 -0.136393 -0.027495
v 0.001503 1.055053 -0.027517
v -0.068429 1.270321 -0.000188
v -0.068438 1.265547 -0.000340
v -0.068438 1.270321 -0.000188
v -0.068429 1.270321 -0.001187
v -0.068438 1.270321 -0.001187
v -0.068438 1.265547 -0.001036
v -0.068412 1.270321 -0.000188
v -0.068404 1.270321 -0.000188
v -0.068404 1.265547 -0.000340
v -0.068412 1.270321 -0.001187
v -0.068404 1.265547 -0.001036
v -0.068404 1.270321 -0.001187
v -0.077516 1.955105 -0.019333
v -0.068421 2.188910 -0.000688
v -0.077501 2.013773 -0.000688
v -0.068421 1.991593 -0.056179
v -0.077531 1.896438 -0.037978
v -0.068421 1.927421 -0.071200
v -0.068421 1.881666 -0.075790
v -0.077531 1.872830 -0.041585
v -0.068421 1.845457 -0.076551
v -0.077531 1.845457 -0.042734
v -0.077004 1.528108 -0.031952
v -0.068421 1.529117 -0.060975
v -0.068421 1.456977 -0.059725
v -0.076953 1.456001 -0.031483
v -0.068421 1.391224 -0.060262
v -0.077004 1.390203 -0.032761
v -0.077282 1.327666 -0.036367
v -0.068421 1.328795 -0.063658
v -0.068421 1.308437 -0.065578
v -0.068421 1.272383 -0.000048
v -0.068438 1.283863 -0.000160
v -0.068436 1.283701 -0.000021
v -0.068436 1.272383 -0.000048
v -0.068438 1.284042 -0.000322
v -0.068438 1.284021 -0.000688
v -0.068438 1.265547 -0.000688
v -0.068438 1.284042 -0.001054
v -0.068438 1.283863 -0.001216
v -0.077282 1.327667 0.034991
v -0.077284 1.327872 -0.000688
v -0.077004 1.390203 0.031385
v -0.077004 1.390892 -0.000688
v -0.076953 1.456658 -0.000688
v -0.076953 1.456001 0.030107
v -0.077004 1.528717 -0.000688
v -0.077004 1.528108 0.030576
v -0.077531 1.845457 0.041357
v -0.077531 1.872830 0.040208
v -0.077531 1.896438 0.036601
v -0.077516 1.955105 0.017956
v -0.068421 1.283682 0.000055
v -0.068421 1.273380 0.000030
v -0.068421 1.991593 0.054802
v -0.068421 1.927422 0.069823
v -0.068421 1.881666 0.074413
v -0.068421 1.845457 0.075175
v -0.068421 1.529117 0.059599
v -0.068421 1.456977 0.058349
v -0.068421 1.391224 0.058886
v -0.068421 1.328795 0.062282
v -0.068421 1.308437 0.064203
v -0.068421 1.272383 -0.001328
v -0.068436 1.272383 -0.001328
v -0.068436 1.283701 -0.001355
v -0.068421 1.273380 -0.001405
v -0.068421 1.283682 -0.001431
v -0.059326 1.955105 -0.019333
v -0.059340 2.013773 -0.000688
v -0.059311 1.896438 -0.037978
v -0.059311 1.872830 -0.041585
v -0.059311 1.845457 -0.042734
v -0.059838 1.528108 -0.031952
v -0.059888 1.456001 -0.031483
v -0.059837 1.390203 -0.032761
v -0.059559 1.327666 -0.036367
v -0.068404 1.283863 -0.000160
v -0.068406 1.272383 -0.000048
v -0.068406 1.283701 -0.000021
v -0.068404 1.284042 -0.000322
v -0.068404 1.284021 -0.000688
v -0.068404 1.265547 -0.000688
v -0.068404 1.284042 -0.001054
v -0.068404 1.283863 -0.001216
v -0.059559 1.327667 0.034991
v -0.059557 1.327872 -0.000688
v -0.059837 1.390203 0.031385
v -0.059838 1.390892 -0.000688
v -0.059888 1.456658 -0.000688
v -0.059888 1.456001 0.030107
v -0.059838 1.528717 -0.000688
v -0.059838 1.528108 0.030576
v -0.059311 1.845457 0.041357
v -0.059311 1.872830 0.040208
v -0.059311 1.896438 0.036601
v -0.059326 1.955106 0.017956
v -0.068406 1.283701 -0.001355
v -0.068406 1.272383 -0.001328
v 0.086437 1.270321 -0.001191
v 0.086446 1.265547 -0.001039
v 0.086446 1.270321 -0.001191
v 0.086437 1.270321 -0.000192
v 0.086446 1.270321 -0.000192
v 0.086446 1.265547 -0.000344
v 0.086421 1.270321 -0.001191
v 0.086412 1.270321 -0.001191
v 0.086412 1.265547 -0.001039
v 0.086421 1.270321 -0.000192
v 0.086412 1.265547 -0.000344
v 0.086412 1.270321 -0.000192
v 0.095524 1.955105 0.017953
v 0.086429 2.188910 -0.000691
v 0.095509 2.013773 -0.000691
v 0.086429 1.991593 0.054799
v 0.095539 1.896438 0.036598
v 0.086429 1.927422 0.069820
v 0.086429 1.881666 0.074410
v 0.095539 1.872830 0.040205
v 0.086429 1.845457 0.075172
v 0.095539 1.845457 0.041354
v 0.095012 1.528108 0.030572
v 0.086429 1.529117 0.059596
v 0.086429 1.456977 0.058346
v 0.094961 1.456001 0.030103
v 0.086429 1.391224 0.058883
v 0.095012 1.390203 0.031381
v 0.095291 1.327666 0.034987
v 0.086429 1.328795 0.062278
v 0.086429 1.308437 0.064199
v 0.086429 1.272383 -0.001331
v 0.086446 1.283863 -0.001220
v 0.086444 1.283701 -0.001359
v 0.086444 1.272383 -0.001331
v 0.086446 1.284042 -0.001058
v 0.086446 1.284021 -0.000692
v 0.086446 1.265547 -0.000692
v 0.086446 1.284042 -0.000326
v 0.086446 1.283863 -0.000164
v 0.095291 1.327667 -0.036370
v 0.095293 1.327872 -0.000692
v 0.095012 1.390203 -0.032765
v 0.095012 1.390892 -0.000692
v 0.094961 1.456658 -0.000692
v 0.094961 1.456001 -0.031487
v 0.095012 1.528717 -0.000692
v 0.095012 1.528108 -0.031955
v 0.095539 1.845457 -0.042737
v 0.095539 1.872830 -0.041588
v 0.095539 1.896438 -0.037981
v 0.095524 1.955105 -0.019336
v 0.086429 1.283682 -0.001435
v 0.086429 1.273380 -0.001409
v 0.086429 1.991593 -0.056182
v 0.086429 1.927422 -0.071203
v 0.086429 1.881666 -0.075793
v 0.086429 1.845457 -0.076555
v 0.086429 1.529117 -0.060979
v 0.086429 1.456977 -0.059729
v 0.086429 1.391224 -0.060266
v 0.086429 1.328795 -0.063661
v 0.086429 1.308437 -0.065582
v 0.086429 1.272383 -0.000052
v 0.086444 1.272383 -0.000052
v 0.086444 1.283701 -0.000025
v 0.086429 1.273380 0.000026
v 0.086429 1.283682 0.000051
v 0.077334 1.955105 0.017953
v 0.077349 2.013773 -0.000691
v 0.077319 1.896438 0.036598
v 0.077319 1.872830 0.040205
v 0.077319 1.845457 0.041354
v 0.077846 1.528108 0.030572
v 0.077897 1.456001 0.030103
v 0.077846 1.390203 0.031382
v 0.077567 1.327666 0.034987
v 0.086412 1.283863 -0.001220
v 0.086414 1.272383 -0.001331
v 0.086414 1.283701 -0.001359
v 0.086412 1.284042 -0.001058
v 0.086412 1.284021 -0.000692
v 0.086412 1.265547 -0.000692
v 0.086412 1.284042 -0.000326
v 0.086412 1.283863 -0.000164
v 0.077567 1.327667 -0.036370
v 0.077566 1.327872 -0.000692
v 0.077846 1.390203 -0.032765
v 0.077846 1.390892 -0.000692
v 0.077897 1.456658 -0.000692
v 0.077897 1.456001 -0.031486
v 0.077846 1.528717 -0.000691
v 0.077846 1.528108 -0.031955
v 0.077319 1.845457 -0.042737
v 0.077319 1.872830 -0.041588
v 0.077319 1.896438 -0.037981
v 0.077334 1.955106 -0.019336
v 0.086414 1.283701 -0.000025
v 0.086414 1.272383 -0.000052
v -0.000830 -0.098615 0.140172
v 0.001980 -0.076121 0.143697
v 0.008652 -0.076253 0.144605
v 0.018134 -0.098615 0.140172
v 0.015323 -0.076121 0.143697
v -0.001422 -0.091440 -0.001842
v -0.001422 -0.091440 0.036875
v -0.001422 -0.100171 0.041631
v -0.001407 -0.149495 -0.001842
v -0.001407 -0.149495 0.029607
v -0.001218 -0.223322 0.024071
v -0.001219 -0.223322 -0.001842
v -0.001219 -0.223322 -0.027756
v -0.001407 -0.149495 -0.033291
v -0.001422 -0.100170 -0.045315
v -0.001422 -0.091440 -0.040558
v 0.008651 -0.223321 -0.035436
v 0.008651 -0.149494 -0.040634
v 0.008651 -0.098612 -0.053945
v 0.008651 -0.085892 0.038688
v 0.008651 -0.098612 0.050262
v 0.008651 -0.085892 -0.042371
v 0.008651 -0.149495 0.036951
v 0.008651 -0.223321 0.031752
v 0.008651 -0.225138 0.034807
v 0.008651 -0.240623 0.034419
v -0.005607 -0.240468 0.024465
v -0.003438 -0.224860 0.025797
v -0.003438 -0.224860 -0.029482
v -0.005607 -0.240468 -0.028150
v 0.008651 -0.240623 -0.038104
v 0.008651 -0.225138 -0.038491
v -0.003709 -0.224579 -0.001842
v -0.006599 -0.240445 -0.001842
v 0.008651 -0.181741 -0.011058
v 0.008651 -0.142554 -0.028328
v -0.005504 -0.142554 -0.028328
v -0.003784 -0.181741 -0.011058
v 0.008651 -0.084702 -0.044061
v -0.005504 -0.084702 -0.044061
v -0.016318 -0.124293 -0.020343
v -0.016318 -0.131809 -0.013293
v -0.016318 -0.084801 -0.030771
v -0.016318 -0.071910 -0.024972
v 0.000091 -0.062417 -0.038096
v -0.016318 -0.062467 -0.013850
v -0.016318 -0.062467 -0.001842
v -0.016318 -0.131809 -0.001842
v -0.016318 -0.124293 0.016659
v -0.016318 -0.131809 0.009609
v -0.016318 -0.084801 0.027088
v -0.016318 -0.071910 0.021289
v -0.016318 -0.062467 0.010167
v -0.011550 -0.044777 -0.020647
v 0.008651 -0.062417 -0.038096
v 0.008651 -0.044777 -0.020647
v 0.008651 -0.044777 -0.001841
v -0.013465 -0.044777 -0.001841
v -0.011550 -0.044777 0.016964
v 0.008651 -0.044777 0.016964
v -0.003784 -0.181741 -0.001842
v -0.003784 -0.181741 0.007374
v 0.008651 -0.181741 -0.001842
v 0.008651 -0.181741 0.007374
v -0.005504 -0.142555 0.024644
v 0.008651 -0.142555 0.024644
v -0.005504 -0.084702 0.040378
v 0.008651 -0.084702 0.040378
v 0.000091 -0.062417 0.034413
v 0.008651 -0.062417 0.034413
v 0.008631 0.204207 0.042361
v 0.008631 0.171871 0.031990
v -0.000044 0.171828 0.029500
v -0.001700 0.204143 0.039297
v -0.007536 0.171736 0.022292
v -0.010975 0.203976 0.030125
v -0.012648 0.171657 0.011285
v -0.017542 0.203803 0.015668
v -0.014463 0.171628 -0.001849
v -0.019915 0.203733 -0.001852
v -0.012639 0.171658 -0.014981
v -0.017530 0.203807 -0.019369
v -0.007520 0.171737 -0.025980
v -0.010955 0.203982 -0.033815
v -0.000024 0.171830 -0.033177
v -0.001675 0.204151 -0.042972
v 0.008653 0.171872 -0.035656
v 0.008656 0.204215 -0.046022
v 0.017328 0.171828 -0.033165
v 0.018987 0.204144 -0.042957
v 0.024820 0.171735 -0.025958
v 0.028262 0.203969 -0.033786
v 0.029933 0.171655 -0.014951
v 0.034828 0.203789 -0.019330
v 0.031747 0.171624 -0.001817
v 0.037202 0.203715 -0.001809
v 0.029924 0.171654 0.011316
v 0.034817 0.203787 0.015708
v 0.024804 0.171734 0.022314
v 0.028242 0.203964 0.030154
v 0.017308 0.171827 0.029512
v 0.018962 0.204137 0.039312
v 0.008629 0.165351 0.032314
v 0.017447 0.165335 0.029787
v 0.025024 0.165296 0.022488
v 0.030170 0.165257 0.011392
v 0.031997 0.165241 -0.001818
v 0.030179 0.165258 -0.015030
v 0.025040 0.165297 -0.026134
v 0.017467 0.165336 -0.033444
v 0.008651 0.165353 -0.035982
v -0.000167 0.165338 -0.033456
v -0.007744 0.165300 -0.026156
v -0.012890 0.165262 -0.015061
v -0.014717 0.165246 -0.001851
v -0.012899 0.165261 0.011362
v -0.007760 0.165299 0.022465
v -0.000187 0.165336 0.029775
v 0.008629 0.157896 0.029197
v 0.000791 0.158391 0.025020
v -0.005832 0.158393 0.018704
v -0.010246 0.158393 0.009270
v -0.011792 0.158394 -0.001848
v -0.011360 0.157900 -0.013724
v -0.006663 0.157900 -0.023788
v 0.000363 0.157900 -0.030510
v 0.008650 0.157899 -0.032866
v 0.016935 0.157898 -0.030499
v 0.023957 0.157897 -0.023767
v 0.028647 0.157896 -0.013696
v 0.030291 0.157895 -0.001820
v 0.028639 0.157895 0.010054
v 0.023083 0.158389 0.018724
v 0.016456 0.158390 0.025031
v -0.001121 0.215049 0.036226
v 0.008633 0.215069 0.039195
v -0.009650 0.215015 0.027536
v -0.015529 0.214996 0.014157
v -0.017624 0.214990 -0.001851
v -0.015519 0.214997 -0.017855
v -0.009632 0.215018 -0.031225
v -0.001098 0.215052 -0.039902
v 0.008657 0.215072 -0.042857
v 0.018410 0.215049 -0.039887
v 0.026939 0.215013 -0.031197
v 0.032818 0.214990 -0.017818
v 0.034912 0.214983 -0.001811
v 0.032808 0.214989 0.014193
v 0.026921 0.215011 0.027563
v 0.018387 0.215046 0.036240
v 0.008637 0.220876 0.025425
v 0.008640 0.231432 0.016840
v 0.013625 0.231432 0.015422
v 0.015715 0.220874 0.023393
v 0.017853 0.231432 0.011378
v 0.021784 0.220873 0.017541
v 0.020679 0.231431 0.005323
v 0.025889 0.220873 0.008687
v 0.021673 0.231432 -0.001821
v 0.027342 0.220873 -0.001817
v 0.020683 0.231432 -0.008967
v 0.025896 0.220873 -0.012324
v 0.017862 0.231433 -0.015026
v 0.021797 0.220874 -0.021184
v 0.013637 0.231433 -0.019076
v 0.015731 0.220876 -0.027044
v 0.008652 0.231434 -0.020500
v 0.008654 0.220878 -0.029085
v 0.003666 0.231434 -0.019083
v 0.001576 0.220878 -0.027054
v -0.000561 0.231435 -0.015038
v -0.004493 0.220877 -0.021202
v -0.003387 0.231435 -0.008983
v -0.008598 0.220878 -0.012348
v -0.004381 0.231435 -0.001839
v -0.010051 0.220878 -0.001844
v -0.003392 0.231434 0.005306
v -0.008605 0.220877 0.008663
v -0.000570 0.231434 0.011366
v -0.004506 0.220876 0.017523
v 0.003655 0.231433 0.015416
v 0.001560 0.220876 0.023384
v 0.015664 -0.035848 0.021223
v 0.008609 -0.037645 0.026606
v 0.008611 -0.035848 0.023242
v 0.016901 -0.037700 0.024154
v 0.021432 -0.035848 0.015651
v 0.023526 -0.037882 0.017468
v 0.026173 -0.035849 0.008145
v 0.027489 -0.038056 0.008375
v 0.027543 -0.035848 -0.001831
v 0.028809 -0.038122 -0.001831
v 0.026180 -0.035848 -0.011809
v 0.027495 -0.038056 -0.012039
v 0.022230 -0.035847 -0.020395
v 0.023539 -0.037881 -0.021137
v 0.016113 -0.035847 -0.026316
v 0.016920 -0.037699 -0.027829
v 0.008629 -0.035846 -0.028469
v 0.008631 -0.037643 -0.030293
v 0.001143 -0.035845 -0.026326
v 0.000339 -0.037697 -0.027841
v -0.004978 -0.035844 -0.020413
v -0.006286 -0.037878 -0.021156
v -0.007919 -0.035845 -0.011254
v -0.010249 -0.038051 -0.012063
v -0.009209 -0.035845 -0.001855
v -0.011570 -0.038117 -0.001856
v -0.007925 -0.035845 0.007545
v -0.010255 -0.038052 0.008351
v -0.004204 -0.035846 0.015634
v -0.006299 -0.037880 0.017449
v 0.001560 -0.035847 0.021213
v 0.000320 -0.037699 0.024142
v 0.008606 -0.067363 0.027390
v 0.000827 -0.059652 0.025072
v -0.006088 -0.053080 0.018284
v -0.010179 -0.048853 0.008812
v -0.011519 -0.047396 -0.001859
v -0.010173 -0.048852 -0.012528
v -0.006075 -0.053075 -0.021995
v 0.000847 -0.059638 -0.028775
v 0.008629 -0.067361 -0.031081
v 0.016407 -0.059652 -0.028763
v 0.023322 -0.053081 -0.021975
v 0.027413 -0.048856 -0.012503
v 0.028753 -0.047400 -0.001833
v 0.027407 -0.048856 0.008836
v 0.023309 -0.053079 0.018304
v 0.016388 -0.059641 0.025083
v 0.003204 0.098221 0.141864
v 0.003065 0.115700 0.133527
v 0.008652 0.117505 0.135411
v 0.008652 0.099159 0.144141
v 0.014239 0.115700 0.133527
v 0.014099 0.098221 0.141864
v -0.000406 0.094759 0.131721
v -0.000446 0.108478 0.124898
v 0.017749 0.108478 0.124898
v 0.017709 0.094759 0.131721
v -0.001173 0.168903 0.041978
v -0.003500 0.171914 0.025161
v -0.002337 0.205203 0.036973
v 0.000114 0.188018 0.052055
v 0.008652 0.190139 0.053466
v 0.008652 0.209135 0.037656
v 0.019640 0.205203 0.036973
v 0.017189 0.188018 0.052055
v 0.008652 0.177544 0.065248
v 0.015533 0.175265 0.063823
v 0.001770 0.175265 0.063823
v -0.000486 0.164325 0.054573
v 0.019579 -0.075910 0.131372
v -0.002276 -0.075910 0.131372
v -0.006305 -0.098206 0.126251
v 0.023608 -0.098206 0.126250
v 0.018476 0.168903 0.041978
v 0.017789 0.164325 0.054573
v 0.020804 0.171914 0.025161
v 0.004800 -0.087862 0.135010
v 0.012504 -0.087862 0.135010
v 0.013323 -0.075244 0.129283
v 0.003980 -0.075244 0.129283
v -0.000081 -0.097857 0.124726
v 0.003533 -0.097354 0.136404
v 0.013770 -0.097354 0.136404
v 0.017385 -0.097857 0.124726
v 0.005263 0.093621 0.126745
v 0.004506 0.164261 0.041401
v 0.004735 0.164833 0.029815
v 0.012662 0.160388 0.052152
v 0.011920 0.105442 0.121028
v 0.012041 0.093621 0.126745
v 0.012798 0.164261 0.041401
v 0.005384 0.105442 0.121028
v 0.012569 0.164833 0.029815
v 0.004642 0.160709 0.052433
v 0.051621 -0.230464 0.035617
v 0.074252 -0.205522 0.035957
v 0.074252 -0.205522 -0.039641
v 0.051621 -0.230464 -0.039301
v -0.006665 -0.240547 0.043828
v -0.035532 -0.232244 0.040430
v -0.021961 -0.168945 0.112750
v 0.009070 -0.169320 0.112971
v 0.023997 -0.240549 0.043827
v 0.052865 -0.232250 0.040422
v 0.040114 -0.168910 0.112751
v 0.076189 -0.207840 0.040314
v 0.052622 -0.161770 0.092375
v -0.058855 -0.207832 0.040329
v -0.034518 -0.161744 0.092372
v 0.033742 -0.159447 0.112307
v -0.016478 -0.159472 0.112288
v -0.025070 -0.149917 0.096640
v 0.023566 -0.238803 0.038931
v -0.006250 -0.238803 0.038932
v -0.034303 -0.230464 0.035620
v -0.056934 -0.205521 0.035962
v -0.031501 -0.225947 0.034962
v -0.053014 -0.201923 0.035356
v -0.053014 -0.201922 -0.039040
v -0.031501 -0.225946 -0.038646
v 0.042343 -0.149854 0.096653
v -0.034303 -0.230464 -0.039304
v -0.006250 -0.238803 -0.042617
v 0.023566 -0.238803 -0.042616
v -0.006665 -0.240547 -0.047513
v -0.021961 -0.168944 -0.116434
v -0.035532 -0.232244 -0.044114
v 0.009070 -0.169320 -0.116655
v 0.023997 -0.240548 -0.047511
v 0.052865 -0.232249 -0.044106
v 0.040114 -0.168909 -0.116435
v 0.076189 -0.207840 -0.043998
v 0.052622 -0.161770 -0.096059
v -0.034518 -0.161744 -0.096055
v -0.058855 -0.207832 -0.044014
v -0.056934 -0.205521 -0.039646
v 0.070331 -0.201923 0.035359
v 0.048819 -0.225946 0.034965
v 0.048819 -0.225946 -0.038649
v 0.070331 -0.201922 -0.039043
v -0.005527 -0.232732 0.041165
v -0.019394 -0.167741 0.108205
v -0.031396 -0.225021 0.038081
v 0.009069 -0.167366 0.107984
v 0.022858 -0.232732 0.041165
v 0.048729 -0.225018 0.038086
v 0.037520 -0.167776 0.108204
v 0.069989 -0.201690 0.038193
v 0.048478 -0.161057 0.089058
v -0.030369 -0.160993 0.089070
v -0.052659 -0.201693 0.038188
v 0.031363 -0.160083 0.107550
v -0.014025 -0.160062 0.107564
v -0.020747 -0.151476 0.093889
v 0.022775 -0.233563 0.038154
v -0.005458 -0.233563 0.038153
v 0.038077 -0.151529 0.093883
v -0.005458 -0.233563 -0.041837
v 0.022775 -0.233563 -0.041839
v -0.005527 -0.232732 -0.044849
v -0.031396 -0.225020 -0.041766
v -0.019394 -0.167740 -0.111889
v 0.009069 -0.167365 -0.111668
v 0.022858 -0.232732 -0.044850
v 0.048729 -0.225018 -0.041770
v 0.037520 -0.167775 -0.111888
v 0.069989 -0.201690 -0.041878
v 0.048478 -0.161056 -0.092742
v -0.052659 -0.201693 -0.041872
v -0.030369 -0.160992 -0.092754
v 0.005883 -0.126899 0.178161
v 0.007273 -0.129214 0.179460
v 0.004763 -0.139362 0.176292
v 0.000317 -0.141761 0.172957
v 0.014910 -0.106084 0.058970
v 0.013736 -0.117873 0.134348
v 0.008651 -0.115296 0.136111
v 0.008651 -0.103920 0.060260
v 0.014910 -0.103072 0.040333
v 0.003567 -0.117873 0.134348
v 0.008651 -0.100909 0.043826
v 0.002393 -0.106084 0.058970
v 0.002393 -0.103072 0.040333
v 0.015949 -0.129426 0.058970
v 0.018101 -0.134869 0.127904
v 0.015578 -0.133738 0.043505
v 0.015445 -0.144512 0.028784
v 0.001725 -0.133738 0.043505
v 0.001857 -0.144512 0.028784
v 0.001354 -0.129426 0.058970
v -0.000799 -0.134869 0.127904
v 0.008651 -0.134714 0.058970
v 0.008651 -0.141273 0.125476
v 0.008651 -0.149669 0.032903
v 0.008651 -0.139269 0.045959
v 0.015825 -0.134491 0.129652
v 0.016986 -0.141761 0.172957
v 0.011420 -0.126899 0.178161
v 0.011595 -0.119179 0.135443
v 0.008651 -0.125850 0.178768
v 0.010030 -0.129214 0.179460
v 0.008651 -0.147049 0.172957
v 0.008651 -0.143103 0.176292
v 0.012539 -0.139362 0.176292
v 0.008651 -0.117798 0.136734
v 0.005707 -0.119179 0.135443
v 0.001478 -0.134491 0.129652
v 0.008651 -0.139315 0.127891
v 0.018725 -0.100171 0.041632
v 0.018725 -0.091440 0.036875
v 0.018725 -0.091440 -0.001842
v 0.018710 -0.149495 -0.001842
v 0.018710 -0.149495 0.029607
v 0.018521 -0.223322 0.024071
v 0.018521 -0.223322 -0.001842
v 0.018521 -0.223322 -0.027755
v 0.018710 -0.149495 -0.033291
v 0.018725 -0.100170 -0.045315
v 0.018725 -0.091440 -0.040558
v 0.020741 -0.224860 0.025797
v 0.022910 -0.240468 0.024466
v 0.020741 -0.224860 -0.029481
v 0.022910 -0.240468 -0.028150
v 0.021012 -0.224579 -0.001842
v 0.023901 -0.240445 -0.001842
v 0.021087 -0.181741 -0.011058
v 0.022807 -0.142554 -0.028327
v 0.022807 -0.084702 -0.044061
v 0.033620 -0.124293 -0.020343
v 0.033620 -0.131809 -0.013293
v 0.033620 -0.084801 -0.030771
v 0.033620 -0.071910 -0.024972
v 0.017211 -0.062417 -0.038096
v 0.033620 -0.062467 -0.001841
v 0.033620 -0.062467 -0.013849
v 0.033620 -0.131809 -0.001842
v 0.033620 -0.124293 0.016659
v 0.033620 -0.131809 0.009610
v 0.033620 -0.084801 0.027088
v 0.033620 -0.071910 0.021289
v 0.033620 -0.062467 0.010167
v 0.028853 -0.044777 -0.020647
v 0.030768 -0.044777 -0.001841
v 0.028853 -0.044777 0.016964
v 0.021087 -0.181741 -0.001842
v 0.021087 -0.181741 0.007374
v 0.022807 -0.142555 0.024644
v 0.022807 -0.084702 0.040378
v 0.017211 -0.062417 0.034413
v 0.008646 0.234464 -0.001830
vn 0.1706 0.6125 -0.7719
vn 0.1351 0.6583 -0.7405
vn 0.7890 0.2013 -0.5805
vn 0.1733 0.5744 -0.8000
vn 0.8268 0.5080 -0.2415
vn 0.1382 0.5306 -0.8363
vn 0.1735 0.5744 -0.8000
vn -0.1222 0.6583 -0.7428
vn -0.1569 0.6126 -0.7747
vn -0.7789 0.2017 -0.5938
vn -0.1592 0.5745 -0.8029
vn -0.8223 0.5084 -0.2555
vn -0.1237 0.5306 -0.8385
vn -0.1594 0.5745 -0.8028
vn 0.4908 0.1470 0.8588
vn 0.0768 0.7337 0.6751
vn 0.7202 0.6701 0.1799
vn -0.0878 0.7338 0.6737
vn -0.5052 0.1473 0.8503
vn -0.7229 0.6704 0.1670
vn 0.2906 -0.8197 0.4937
vn 0.9475 -0.3177 -0.0366
vn 0.3478 -0.6930 0.6315
vn 0.9386 0.0892 -0.3333
vn 0.1970 0.6421 -0.7408
vn 0.2247 0.7245 -0.6516
vn 0.2905 -0.8197 0.4936
vn 0.7334 -0.5510 0.3982
vn 0.7667 0.3839 -0.5146
vn 0.1970 0.6422 -0.7408
vn 0.2248 0.7245 -0.6516
vn 0.7524 -0.0025 -0.6587
vn -0.5556 0.0981 -0.8256
vn 0.5895 0.0963 -0.8020
vn 0.0344 -0.7134 -0.6999
vn -0.4907 -0.5831 -0.6475
vn 0.1645 -0.7241 -0.6697
vn -0.0076 0.4202 0.9074
vn -0.0084 0.0988 0.9951
vn -0.0085 -0.0155 0.9998
vn -0.0083 -0.2309 0.9729
vn 0.1900 0.4102 0.8920
vn -0.0058 -0.7456 0.6663
vn -0.0058 -0.7457 0.6663
vn 0.2079 -0.2385 0.9486
vn 0.2264 -0.7226 0.6531
vn 0.7436 -0.4994 0.4446
vn 0.1870 0.1001 0.9773
vn 0.6920 0.3019 0.6557
vn 0.1831 -0.0156 0.9830
vn 0.7316 -0.1502 0.6650
vn 0.6955 -0.0112 0.7184
vn 0.6952 0.0714 0.7152
vn 0.9349 -0.0315 0.3534
vn 0.9783 -0.0034 0.2072
vn 0.9239 0.0244 0.3819
vn 0.9888 -0.1106 0.1002
vn 0.9327 0.1524 0.3267
vn 0.7207 -0.6842 0.1117
vn 0.9205 -0.3901 0.0211
vn 0.6864 0.4959 0.5319
vn 0.9755 0.1530 0.1582
vn 0.1984 -0.9647 0.1733
vn 0.6718 -0.7407 -0.0058
vn 0.9031 -0.4294 0.0010
vn 0.9754 -0.2203 -0.0061
vn 0.1723 -0.9850 -0.0138
vn -0.0016 -0.9870 0.1606
vn 0.7227 -0.6805 -0.1206
vn 0.9904 -0.1077 -0.0868
vn -0.0016 -0.9870 0.1607
vn -0.0001 -0.9999 -0.0155
vn 0.1956 -0.9589 -0.2055
vn 0.7513 -0.4855 -0.4471
vn -0.0001 -0.9999 -0.0160
vn -0.0001 -0.9999 -0.0157
vn 0.0550 -0.9863 -0.1553
vn 0.7428 -0.1297 -0.6568
vn 0.9815 -0.0120 -0.1911
vn 0.1668 -0.9689 -0.1827
vn 0.1371 -0.9882 -0.0677
vn 0.4295 -0.7881 -0.4410
vn 0.6635 -0.7415 -0.0997
vn 0.6721 -0.3169 -0.6692
vn 0.0888 -0.7268 -0.6811
vn 0.2178 -0.7049 -0.6750
vn 0.2173 -0.2153 -0.9521
vn 0.1978 0.3170 -0.9276
vn 0.6798 0.2409 -0.6927
vn 0.9749 0.0776 -0.2085
vn 0.6884 0.5333 -0.4917
vn 0.9634 0.2660 -0.0333
vn 0.0279 0.7364 -0.6760
vn 0.1685 0.7255 -0.6673
vn 0.5518 0.8238 -0.1299
vn 0.0822 0.7064 -0.7031
vn 0.5436 0.7363 -0.4030
vn 0.3041 0.9164 -0.2603
vn 0.0818 0.9794 -0.1847
vn 0.6722 0.6759 0.3021
vn 0.9795 0.1773 0.0960
vn 0.1094 0.9813 -0.1587
vn 0.6927 0.6463 0.3201
vn 0.9831 0.1814 0.0262
vn 0.1541 0.9063 0.3936
vn 0.1113 0.9214 0.3724
vn 0.4467 0.8402 0.3074
vn 0.8174 0.5637 0.1186
vn 0.1764 0.8848 0.4312
vn 0.7104 0.7000 0.0732
vn 0.6651 0.5254 -0.5307
vn 0.7188 0.6479 -0.2522
vn 0.9845 0.1647 -0.0597
vn 0.7100 0.5157 -0.4795
vn 0.9828 0.1374 -0.1235
vn 0.7193 0.3628 -0.5924
vn 0.9213 0.2024 -0.3319
vn 0.7524 0.0759 -0.6543
vn 0.9286 0.0419 -0.3687
vn 0.9256 -0.1669 -0.3397
vn 0.7451 -0.2990 -0.5962
vn 0.9150 -0.3095 -0.2590
vn 0.2126 0.1121 -0.9707
vn 0.1985 0.5096 -0.8372
vn 0.1920 0.7159 -0.6713
vn 0.7068 -0.5425 -0.4539
vn 0.9635 -0.0539 -0.2623
vn 0.2075 -0.4355 -0.8760
vn 0.1895 0.9127 -0.3619
vn 0.1824 0.9786 0.0956
vn 0.0942 0.8857 0.4545
vn 0.0606 0.9949 0.0809
vn 0.1051 0.9194 -0.3790
vn 0.4751 0.7707 0.4246
vn 0.8400 0.5046 0.1995
vn 0.4183 0.8682 0.2668
vn 0.2351 0.9648 0.1180
vn 0.7232 0.6879 -0.0619
vn 0.4062 0.8614 -0.3050
vn 0.1250 0.7209 -0.6817
vn 0.9791 0.2022 -0.0201
vn 0.8439 0.4348 -0.3143
vn 0.4764 0.6507 -0.5913
vn 0.1296 0.5143 -0.8478
vn 0.4882 0.4383 -0.7547
vn 0.8560 0.2089 -0.4729
vn 0.1184 0.1221 -0.9854
vn 0.4377 0.0583 -0.8972
vn 0.9841 -0.0328 -0.1744
vn 0.7551 -0.1473 -0.6388
vn 0.8545 -0.3630 -0.3717
vn 0.9715 0.0082 -0.2370
vn 0.9661 0.2446 -0.0830
vn 0.6732 0.3679 -0.6414
vn 0.2608 -0.4518 -0.8532
vn 0.4446 -0.5681 -0.6925
vn 0.1032 -0.7710 -0.6285
vn 0.0750 -0.4249 -0.9021
vn 0.4901 -0.6913 -0.5310
vn 0.1897 -0.7501 -0.6335
vn 0.8350 -0.3138 -0.4521
vn 0.5696 0.1668 -0.8048
vn 0.6970 -0.5127 -0.5014
vn 0.4658 -0.6133 -0.6379
vn 0.1649 -0.7223 -0.6716
vn 0.1380 0.5306 -0.8363
vn 0.3311 -0.0534 -0.9421
vn 0.1231 -0.7116 -0.6917
vn 0.0943 -0.1602 -0.9826
vn 0.0862 0.4778 -0.8742
vn 0.1723 0.6123 -0.7716
vn 0.1259 -0.1871 -0.9742
vn 0.0305 0.4410 -0.8970
vn 0.6085 -0.1506 -0.7792
vn 0.1725 0.4346 -0.8839
vn 0.7079 0.2951 -0.6417
vn 0.0279 0.7364 -0.6759
vn 0.1686 0.7255 -0.6672
vn 0.6883 0.5333 -0.4918
vn 0.9634 0.2662 -0.0333
vn 0.5518 0.8238 -0.1298
vn 0.9087 0.4145 0.0486
vn 0.1541 0.9063 0.3935
vn 0.1094 0.9813 -0.1586
vn 0.0819 0.9794 -0.1846
vn 0.1114 0.9213 0.3725
vn 0.1764 0.8849 0.4311
vn 0.7193 0.3629 -0.5924
vn 0.9841 0.0944 -0.1504
vn 0.7525 0.0759 -0.6543
vn 0.9879 -0.0705 -0.1381
vn 0.9823 -0.1460 -0.1173
vn 0.2127 0.1121 -0.9707
vn 0.1894 0.9126 -0.3623
vn 0.7067 -0.5426 -0.4540
vn 0.9635 -0.0539 -0.2624
vn 0.1824 0.9786 0.0955
vn 0.0942 0.8858 0.4544
vn 0.0606 0.9949 0.0812
vn 0.1050 0.9194 -0.3790
vn 0.1251 0.7208 -0.6817
vn 0.1296 0.5142 -0.8478
vn 0.1184 0.1214 -0.9855
vn 0.4060 0.8614 -0.3052
vn 0.4764 0.6506 -0.5914
vn 0.2349 0.9648 0.1181
vn 0.4376 0.0583 -0.8973
vn 0.0749 -0.4246 -0.9023
vn 0.2609 -0.4517 -0.8532
vn 0.1033 -0.7709 -0.6286
vn 0.1896 -0.7501 -0.6335
vn 0.4448 -0.5679 -0.6925
vn 0.7552 -0.1474 -0.6388
vn 0.6969 -0.5127 -0.5014
vn 0.1648 -0.7223 -0.6716
vn 0.9700 0.2249 -0.0925
vn 0.8559 0.2090 -0.4731
vn 0.4901 -0.6912 -0.5310
vn 0.6085 -0.1505 -0.7792
vn 0.6626 0.6766 -0.3213
vn 0.9091 0.4149 0.0377
vn 0.1726 0.4346 -0.8839
vn 0.1259 -0.1870 -0.9743
vn 0.8544 -0.3631 -0.3718
vn 0.8351 -0.3137 -0.4519
vn 0.3307 -0.0534 -0.9422
vn 0.1918 0.8809 -0.4328
vn 0.1725 0.9794 0.1053
vn 0.0862 0.4779 -0.8742
vn 0.5695 0.1668 -0.8049
vn 0.6715 0.7211 0.1707
vn 0.9715 0.0082 -0.2371
vn 0.6732 0.3679 -0.6415
vn 0.9841 -0.0329 -0.1747
vn 0.9661 0.2445 -0.0831
vn 0.8437 0.4348 -0.3147
vn 0.9791 0.2022 -0.0200
vn 0.7231 0.6880 -0.0615
vn 0.8174 0.5638 0.1186
vn 0.5432 0.7365 -0.4032
vn 0.8399 0.5046 0.1997
vn 0.4183 0.8682 0.2667
vn 0.4466 0.8402 0.3075
vn 0.3041 0.9164 -0.2602
vn 0.0821 0.7063 -0.7031
vn 0.1349 0.6584 -0.7405
vn 0.9657 0.1650 -0.2006
vn 1.0000 -0.0002 0.0085
vn 0.9882 0.1497 -0.0334
vn 0.9894 0.1259 -0.0725
vn 0.9905 0.0910 -0.1028
vn 0.9914 0.0484 -0.1219
vn 0.9917 0.0019 -0.1287
vn 1.0000 -0.0003 0.0085
vn 0.9914 -0.0448 -0.1233
vn 0.9670 0.1545 0.2026
vn 0.7499 0.1433 0.6459
vn 1.0000 -0.0003 0.0084
vn 0.9331 0.0603 -0.3545
vn 0.6657 0.3409 -0.6638
vn 0.7299 -0.0029 -0.6836
vn 0.9910 0.1148 0.0694
vn 0.9881 0.1070 0.1103
vn 0.6806 0.6147 -0.3986
vn 0.8482 0.2948 0.4400
vn 0.5400 0.8322 -0.1256
vn 0.2547 0.9477 0.1922
vn 0.5295 0.4378 0.7266
vn 0.2949 0.8659 0.4041
vn 0.3888 0.4880 0.7814
vn -0.0057 0.7230 0.6908
vn -0.0068 0.5778 0.8161
vn 0.7874 0.5672 0.2414
vn 0.2948 0.9100 0.2915
vn 0.7436 0.6156 0.2610
vn 0.1678 0.9323 0.3203
vn -0.0014 0.9808 0.1948
vn 0.3699 0.8739 0.3154
vn 0.2282 0.9230 0.3098
vn -0.0021 0.9618 0.2736
vn -0.0070 0.5493 0.8356
vn 0.1298 0.5078 0.8517
vn 0.2503 0.4949 0.8321
vn 0.6054 0.3917 0.6929
vn 0.6900 0.0703 0.7204
vn 0.1840 0.1152 0.9762
vn 0.1901 0.0989 0.9768
vn 0.0285 0.1244 0.9918
vn -0.0084 0.0987 0.9951
vn -0.0084 0.1490 0.9888
vn -0.0091 0.4207 0.9071
vn -0.0060 0.6870 0.7267
vn -0.0067 0.6865 0.7271
vn -0.0060 0.6869 0.7267
vn 0.1806 0.5124 0.8396
vn 0.5181 0.6761 0.5239
vn 0.0533 0.7721 0.6333
vn 0.1183 0.9290 0.3506
vn 0.1814 0.6714 0.7186
vn 0.1744 0.8039 0.5686
vn 0.1689 0.9228 0.3462
vn 0.6798 0.5953 0.4283
vn 0.9753 0.1730 0.1376
vn 0.9753 0.2050 0.0826
vn 0.6764 0.6885 0.2614
vn 0.6743 0.7341 0.0806
vn 0.0081 -0.2608 -0.9654
vn 0.0084 0.0045 -1.0000
vn 0.3186 -0.0337 -0.9473
vn 0.4846 -0.2877 -0.8261
vn 0.6190 0.3229 -0.7159
vn 0.0085 0.0155 -0.9998
vn 0.8330 -0.1826 -0.5222
vn 0.4894 0.0135 -0.8719
vn 0.8363 0.0084 -0.5482
vn 0.4846 0.3128 -0.8169
vn 0.0080 0.3574 -0.9339
vn 0.8329 0.1987 -0.5166
vn 0.8249 0.3658 -0.4309
vn 0.4723 0.5685 -0.6736
vn 0.0067 0.6443 -0.7647
vn 0.8149 0.4934 -0.3039
vn 0.4579 0.7547 -0.4699
vn 0.0047 0.8479 -0.5301
vn 0.8036 0.5758 -0.1509
vn 0.4431 0.8658 -0.2323
vn 0.0025 0.9650 -0.2624
vn 0.7848 0.5808 -0.2160
vn 0.4464 0.8734 -0.1944
vn 0.0013 0.9915 -0.1301
vn 0.5142 0.3938 -0.7619
vn 0.3013 0.5752 -0.7605
vn 0.0356 0.7141 -0.6991
vn -0.2344 0.5842 -0.7770
vn -0.4624 0.4039 -0.7894
vn -0.2050 0.4106 0.8885
vn -0.0083 -0.2308 0.9730
vn -0.0059 -0.7457 0.6663
vn -0.2242 -0.2384 0.9449
vn -0.2378 -0.7225 0.6492
vn -0.7513 -0.4990 0.4319
vn -0.2035 0.1002 0.9739
vn -0.7029 0.3022 0.6438
vn -0.1997 -0.0152 0.9797
vn -0.7429 -0.1498 0.6524
vn -0.7075 -0.0109 0.7066
vn -0.7071 0.0718 0.7034
vn -0.9815 -0.0178 0.1908
vn -0.9240 -0.0058 0.3824
vn -0.9806 0.0137 0.1958
vn -0.9904 -0.1101 0.0833
vn -0.9805 0.0883 0.1756
vn -0.7229 -0.6837 0.0994
vn -0.9209 -0.3898 0.0054
vn -0.6952 0.4962 0.5201
vn -0.9780 0.1535 0.1416
vn -0.2019 -0.9645 0.1699
vn -0.6721 -0.7402 -0.0172
vn -0.9033 -0.4288 -0.0143
vn -0.9206 -0.3890 -0.0332
vn -0.1726 -0.9849 -0.0168
vn -0.7208 -0.6803 -0.1329
vn -0.9720 -0.1715 -0.1604
vn -0.0001 -0.9999 -0.0159
vn -0.1924 -0.9588 -0.2089
vn -0.7437 -0.4851 -0.4599
vn -0.0528 -0.9862 -0.1566
vn -0.7316 -0.1293 -0.6694
vn -0.9781 -0.0116 -0.2079
vn -0.1641 -0.9688 -0.1856
vn -0.1364 -0.9882 -0.0702
vn -0.4223 -0.7879 -0.4483
vn -0.6623 -0.7410 -0.1107
vn -0.6608 -0.3166 -0.6805
vn -0.0775 -0.7268 -0.6825
vn -0.2066 -0.7048 -0.6787
vn -0.2012 -0.2152 -0.9556
vn -0.1816 0.3171 -0.9308
vn -0.6674 0.2413 -0.7045
vn -0.9713 0.0780 -0.2249
vn -0.6796 0.5335 -0.5035
vn -0.9626 0.2665 -0.0497
vn -0.0161 0.7364 -0.6764
vn -0.1568 0.7255 -0.6701
vn -0.5494 0.8239 -0.1392
vn -0.0699 0.7064 -0.7044
vn -0.5359 0.7367 -0.4125
vn -0.2993 0.9165 -0.2654
vn -0.0782 0.9793 -0.1866
vn -0.6768 0.6763 0.2907
vn -0.9809 0.1777 0.0794
vn -0.1061 0.9813 -0.1604
vn -0.6978 0.6466 0.3084
vn -0.9833 0.1819 0.0096
vn -0.1602 0.9063 0.3910
vn -0.1173 0.9214 0.3705
vn -0.4515 0.8404 0.2998
vn -0.8189 0.5642 0.1048
vn -0.1833 0.8849 0.4281
vn -0.7111 0.7004 0.0612
vn -0.6558 0.5257 -0.5418
vn -0.7141 0.6482 -0.2643
vn -0.9833 0.1651 -0.0763
vn -0.7016 0.5160 -0.4915
vn -0.9805 0.1378 -0.1401
vn -0.7090 0.3631 -0.6045
vn -0.9814 0.0948 -0.1671
vn -0.7413 0.0762 -0.6669
vn -0.9860 0.0178 -0.1655
vn -0.9854 -0.0700 -0.1549
vn -0.7350 -0.2985 -0.6088
vn -0.9802 -0.1454 -0.1342
vn -0.1961 0.1120 -0.9742
vn -0.1840 0.5097 -0.8404
vn -0.1803 0.7160 -0.6744
vn -0.6992 -0.5421 -0.4660
vn -0.9589 -0.0533 -0.2787
vn -0.1928 -0.4354 -0.8793
vn -0.1829 0.9127 -0.3654
vn -0.1834 0.9787 0.0924
vn -0.1016 0.8859 0.4527
vn -0.0615 0.9949 0.0800
vn -0.0981 0.9195 -0.3807
vn -0.4820 0.7709 0.4164
vn -0.8431 0.5048 0.1852
vn -0.4224 0.8686 0.2591
vn -0.2364 0.9650 0.1139
vn -0.7218 0.6882 -0.0738
vn -0.4006 0.8616 -0.3118
vn -0.1132 0.7209 -0.6838
vn -0.9786 0.2025 -0.0367
vn -0.8380 0.4353 -0.3291
vn -0.4660 0.6508 -0.5994
vn -0.1149 0.5143 -0.8499
vn -0.4750 0.4384 -0.7630
vn -0.8477 0.2095 -0.4874
vn -0.1017 0.1221 -0.9873
vn -0.4222 0.0582 -0.9046
vn -0.9810 -0.0324 -0.1913
vn -0.7443 -0.1470 -0.6515
vn -0.8480 -0.3627 -0.3864
vn -0.9673 0.0086 -0.2535
vn -0.9644 0.2450 -0.0993
vn -0.6621 0.3683 -0.6527
vn -0.2465 -0.4516 -0.8575
vn -0.4330 -0.5679 -0.7000
vn -0.0930 -0.7710 -0.6301
vn -0.0601 -0.4249 -0.9032
vn -0.4812 -0.6912 -0.5392
vn -0.1792 -0.7500 -0.6367
vn -0.8273 -0.3133 -0.4662
vn -0.5559 0.1671 -0.8143
vn -0.6886 -0.5123 -0.5133
vn -0.4553 -0.6130 -0.6457
vn -0.1538 -0.7222 -0.6743
vn -0.3148 -0.0533 -0.9477
vn -0.1118 -0.7116 -0.6936
vn -0.0777 -0.1602 -0.9840
vn -0.0712 0.4778 -0.8756
vn -0.1591 0.6124 -0.7744
vn -0.1096 -0.1871 -0.9762
vn -0.0151 0.4410 -0.8974
vn -0.5950 -0.1504 -0.7895
vn -0.1574 0.4347 -0.8867
vn -0.6967 0.2955 -0.6536
vn -0.0160 0.7365 -0.6763
vn -0.1568 0.7256 -0.6700
vn -0.6796 0.5337 -0.5033
vn -0.9626 0.2665 -0.0496
vn -0.5491 0.8241 -0.1392
vn -0.6773 0.6760 0.2904
vn -0.9809 0.1777 0.0795
vn -0.6977 0.6466 0.3084
vn -0.9092 0.4149 0.0333
vn -0.1604 0.9064 0.3909
vn -0.1062 0.9813 -0.1605
vn -0.0783 0.9794 -0.1860
vn -0.1173 0.9214 0.3704
vn -0.7112 0.7003 0.0612
vn -0.7138 0.6484 -0.2647
vn -0.9833 0.1651 -0.0764
vn -0.9154 0.2028 -0.3477
vn -0.7412 0.0762 -0.6669
vn -0.9222 0.0422 -0.3843
vn -0.7350 -0.2986 -0.6087
vn -0.9802 -0.1454 -0.1341
vn -0.1962 0.1120 -0.9741
vn -0.1802 0.7160 -0.6744
vn -0.6996 -0.5420 -0.4657
vn -0.9283 -0.0705 -0.3652
vn -0.1016 0.8858 0.4528
vn -0.0614 0.9949 0.0799
vn -0.0982 0.9195 -0.3807
vn -0.1131 0.7209 -0.6838
vn -0.1149 0.5142 -0.8500
vn -0.1015 0.1219 -0.9873
vn -0.1791 -0.7500 -0.6367
vn -0.0600 -0.4245 -0.9035
vn -0.0929 -0.7710 -0.6301
vn -0.2466 -0.4514 -0.8576
vn -0.4221 0.0583 -0.9047
vn -0.4334 -0.5678 -0.6999
vn -0.7443 -0.1470 -0.6514
vn -0.4659 0.6509 -0.5994
vn -0.1538 -0.7222 -0.6744
vn -0.4004 0.8616 -0.3119
vn -0.8480 -0.3628 -0.3863
vn -0.8381 0.4352 -0.3289
vn -0.2362 0.9650 0.1136
vn -0.7217 0.6883 -0.0738
vn -0.9810 -0.0324 -0.1914
vn -0.4224 0.8685 0.2595
vn -0.9786 0.2025 -0.0366
vn -0.8273 -0.3135 -0.4661
vn -0.4821 0.7707 0.4168
vn -0.8431 0.5048 0.1854
vn -0.4513 0.8405 0.2998
vn -0.8190 0.5642 0.1047
vn -0.2991 0.9166 -0.2654
vn -0.0697 0.7064 -0.7044
vn -0.5359 0.7367 -0.4124
vn -0.1223 0.6583 -0.7428
vn -0.6558 0.5258 -0.5418
vn -0.9644 0.2449 -0.0995
vn -0.6620 0.3682 -0.6528
vn -0.5558 0.1670 -0.8144
vn -0.3149 -0.0538 -0.9476
vn -0.4552 -0.6130 -0.6458
vn -0.0777 -0.1600 -0.9841
vn -0.1118 -0.7115 -0.6937
vn -0.1096 -0.1869 -0.9762
vn -0.5952 -0.1507 -0.7893
vn -0.6968 0.2954 -0.6536
vn -0.9682 0.2253 -0.1090
vn -0.6567 0.6769 -0.3326
vn -0.9746 0.2237 0.0079
vn -0.1840 0.8809 -0.4360
vn -0.1740 0.9794 0.1024
vn -0.6738 0.7216 0.1590
vn -0.6752 0.7344 0.0692
vn -0.9765 0.2053 0.0659
vn -0.6807 0.6887 0.2498
vn -0.6865 0.5958 0.4168
vn -0.9774 0.1734 0.1209
vn -0.1836 0.8040 0.5656
vn -0.1743 0.9229 0.3433
vn -0.1237 0.9291 0.3485
vn -0.1933 0.6714 0.7154
vn -0.5266 0.6764 0.5150
vn -0.7606 0.1436 0.6331
vn -0.0637 0.7721 0.6322
vn -0.1946 0.5124 0.8364
vn -0.2005 0.1152 0.9729
vn -0.0053 0.6865 0.7271
vn -0.0061 0.4206 0.9072
vn 0.0396 -0.7026 -0.7105
vn 0.0437 -0.7130 -0.6998
vn -0.0903 -0.7301 -0.6774
vn -0.7103 -0.1725 -0.6824
vn -0.8966 0.0009 -0.4429
vn -0.5249 0.0014 -0.8512
vn -0.9783 0.0033 -0.2073
vn -0.9620 0.1655 -0.2170
vn -1.0000 0.0002 -0.0085
vn -0.9874 0.1503 -0.0503
vn -0.9880 0.1264 -0.0893
vn -0.9886 0.0916 -0.1197
vn -0.9891 0.0488 -0.1387
vn -0.9893 0.0024 -0.1455
vn -0.9702 0.1550 0.1861
vn -0.9891 -0.0443 -0.1401
vn -1.0000 0.0003 -0.0084
vn -0.9269 0.0608 -0.3703
vn -0.6542 0.3413 -0.6750
vn -0.9919 0.1154 0.0525
vn -0.9898 0.1075 0.0936
vn -0.6734 0.6151 -0.4101
vn -0.8554 0.2952 0.4255
vn -0.5376 0.8324 -0.1346
vn -0.2574 0.9479 0.1878
vn -0.5416 0.4381 0.7175
vn -0.3014 0.8660 0.3990
vn -0.4018 0.4882 0.7747
vn -0.7911 0.5676 0.2280
vn -0.2993 0.9101 0.2865
vn -0.7476 0.6160 0.2482
vn -0.1728 0.9324 0.3175
vn -0.3748 0.8741 0.3091
vn -0.2330 0.9231 0.3059
vn -0.1440 0.5079 0.8493
vn -0.2643 0.4951 0.8277
vn -0.6174 0.3918 0.6822
vn -0.7021 0.0703 0.7086
vn -0.2067 0.0990 0.9734
vn -0.0452 0.1245 0.9912
vn -0.4427 0.8736 -0.2020
vn -0.4387 0.8660 -0.2398
vn -0.7809 0.5811 -0.2292
vn -0.8006 0.5762 -0.1645
vn -0.4494 0.7549 -0.4777
vn -0.8094 0.4939 -0.3178
vn -0.4606 0.5687 -0.6815
vn -0.8173 0.3663 -0.4449
vn -0.4706 0.3130 -0.8250
vn -0.8242 0.1989 -0.5303
vn -0.8268 0.0088 -0.5624
vn -0.4745 0.0137 -0.8801
vn -0.8241 -0.1822 -0.5363
vn -0.6064 0.3233 -0.7265
vn -0.4706 -0.2872 -0.8343
vn -0.3027 -0.0337 -0.9525
vn 1.0000 -0.0002 0.0084
vn -1.0000 0.0002 -0.0084
vn -1.0000 0.0003 -0.0085
vn 0.0060 0.7267 -0.6869
vn 0.2281 0.7058 -0.6707
vn 0.0081 0.3118 -0.9501
vn 0.2105 0.3072 -0.9281
vn 0.6957 0.5310 -0.4837
vn 0.2174 0.8702 -0.4422
vn 0.0041 0.8882 -0.4594
vn 0.7490 0.2095 -0.6286
vn 0.7803 0.5608 -0.2767
vn 0.9883 0.0486 -0.1444
vn 0.9752 0.1749 -0.1356
vn 0.9919 0.1153 -0.0537
vn 0.9875 -0.0841 -0.1335
vn 0.9818 -0.1566 -0.1073
vn 0.9830 0.1754 0.0544
vn 0.7108 0.6803 0.1788
vn 0.1819 0.9527 0.2434
vn -0.0019 0.9689 0.2475
vn -0.0019 0.9682 0.2503
vn 0.9698 0.2346 0.0667
vn 0.6542 0.7310 0.1941
vn 0.1725 0.9530 0.2491
vn 0.1931 0.8764 -0.4412
vn 0.0040 0.8941 -0.4479
vn 0.6634 0.6729 -0.3273
vn 0.9700 0.2241 -0.0943
vn 0.9749 -0.1846 -0.1247
vn 0.9754 0.0789 -0.2057
vn 0.9783 -0.0197 -0.2064
vn 0.6809 0.2481 -0.6891
vn 0.6919 -0.0643 -0.7192
vn 0.1969 0.3274 -0.9241
vn 0.0081 0.3347 -0.9423
vn 0.0084 -0.0880 -0.9961
vn 0.1975 -0.0866 -0.9765
vn 0.1938 -0.4881 -0.8510
vn 0.0072 -0.4989 -0.8666
vn 0.6764 -0.3713 -0.6360
vn 0.9744 -0.1196 -0.1902
vn 0.6734 -0.5984 -0.4340
vn 0.7037 -0.5778 -0.4135
vn 0.1828 -0.7919 -0.5826
vn 0.0048 -0.8056 -0.5924
vn 0.0048 -0.8087 -0.5883
vn 0.1876 -0.7960 -0.5755
vn 0.2052 -0.5107 -0.8349
vn 0.0071 -0.5182 -0.8552
vn 0.7412 -0.3525 -0.5713
vn 0.7268 -0.0893 -0.6810
vn 0.2039 -0.1263 -0.9708
vn 0.0084 -0.1282 -0.9917
vn 0.0082 0.3035 -0.9528
vn 0.2113 0.2991 -0.9305
vn 0.2192 0.8762 -0.4293
vn 0.0040 0.8947 -0.4466
vn 0.7509 0.2035 -0.6283
vn 0.7837 0.5610 -0.2664
vn 0.9852 -0.0231 -0.1701
vn 0.9886 0.0472 -0.1431
vn 0.9921 0.1143 -0.0509
vn 0.9809 -0.0527 0.1874
vn 0.9801 -0.0919 0.1758
vn 0.9812 -0.0116 0.1928
vn 0.7104 -0.0533 0.7018
vn 0.7080 -0.2043 0.6760
vn 0.9811 0.0261 0.1920
vn 0.9776 -0.1788 -0.1106
vn 0.7095 0.0967 0.6980
vn 0.1863 -0.0776 0.9794
vn 0.1860 0.1348 0.9732
vn -0.0085 -0.0795 0.9968
vn -0.0084 0.1368 0.9906
vn 0.1850 -0.2879 0.9396
vn -0.0082 -0.2931 0.9561
vn 0.9809 0.0624 0.1843
vn 0.7076 0.2412 0.6642
vn 0.1847 0.3396 0.9222
vn -0.0079 0.3456 0.9383
vn 0.9765 0.0721 0.2030
vn 0.7023 0.2077 0.6809
vn 0.1941 0.2793 0.9404
vn -0.0081 0.2944 0.9556
vn -0.0084 -0.1947 0.9808
vn 0.2070 -0.1894 0.9598
vn 0.7094 -0.1387 0.6910
vn 0.9800 -0.0411 0.1946
vn 0.9750 -0.1482 0.1654
vn 0.9759 -0.1693 0.1375
vn 0.6968 -0.4507 0.5581
vn 0.1905 -0.6100 0.7691
vn 0.7074 -0.5972 0.3782
vn -0.0068 -0.6295 0.7770
vn 0.1962 -0.8389 0.5077
vn -0.0047 -0.8505 0.5260
vn -0.0005 -0.9995 0.0313
vn 0.2178 -0.9754 0.0327
vn 0.7246 -0.6886 0.0273
vn 0.9846 -0.1742 0.0132
vn 0.7117 -0.6219 -0.3267
vn 0.2028 -0.8708 -0.4478
vn 0.6792 -0.5217 -0.5163
vn 0.0038 -0.8834 -0.4686
vn 0.1864 -0.6940 -0.6954
vn 0.0058 -0.7066 -0.7076
vn 0.0077 -0.3943 -0.9189
vn 0.1952 -0.3856 -0.9018
vn 0.6802 -0.2923 -0.6722
vn 0.9753 -0.0932 -0.2001
vn 0.9761 -0.1592 -0.1482
vn 0.9832 0.1723 0.0602
vn 0.7128 0.6713 0.2030
vn 0.9698 0.2316 0.0766
vn 0.9786 -0.0029 -0.2056
vn 0.1825 0.9430 0.2782
vn -0.0022 0.9590 0.2832
vn -0.0023 0.9560 0.2934
vn 0.6935 -0.0089 -0.7204
vn 0.6545 0.7213 0.2265
vn 0.1726 0.9408 0.2917
vn 0.1919 0.8976 -0.3968
vn 0.0036 0.9151 -0.4032
vn 0.6623 0.6891 -0.2943
vn 0.9698 0.2289 -0.0840
vn 0.9753 0.0917 -0.2012
vn 0.6801 0.2879 -0.6743
vn 0.1978 -0.0118 -0.9802
vn 0.1961 0.3798 -0.9040
vn 0.0079 0.3885 -0.9214
vn 0.0085 -0.0120 -0.9999
vn -0.0031 0.9189 0.3946
vn 0.1787 0.9025 0.3919
vn 0.6538 0.6940 0.3014
vn 0.9683 0.2290 0.1003
vn 0.9855 -0.1060 0.1328
vn 0.9763 0.1349 0.1694
vn 0.9735 -0.1246 0.1918
vn 0.7223 0.3769 0.5799
vn 0.9787 -0.1245 0.1633
vn 0.7029 -0.3401 0.6247
vn 0.6949 -0.4426 0.5668
vn 0.1825 -0.4728 0.8621
vn 0.1795 -0.6071 0.7740
vn -0.0068 -0.6168 0.7871
vn -0.0076 -0.4805 0.8770
vn 0.6734 -0.4030 0.6198
vn 0.2132 0.5034 0.8373
vn -0.0071 0.5325 0.8464
vn -0.0085 -0.1233 0.9923
vn 0.2431 -0.1185 0.9627
vn 0.7502 -0.0824 0.6561
vn 0.9867 -0.0205 0.1611
vn 0.9756 -0.1724 0.1360
vn 0.7329 -0.4468 0.5131
vn 0.7193 -0.5040 0.4780
vn 0.1911 -0.6481 0.7372
vn 0.2106 -0.6867 0.6958
vn 0.1777 -0.5363 0.8251
vn -0.0066 -0.6581 0.7529
vn -0.0072 -0.5467 0.8373
vn -0.0061 -0.7169 0.6972
vn -0.2163 0.7059 -0.6745
vn -0.1942 0.3072 -0.9316
vn -0.6868 0.5316 -0.4957
vn -0.2095 0.8703 -0.4457
vn -0.7382 0.2099 -0.6411
vn -0.7752 0.5612 -0.2899
vn -0.9857 0.0491 -0.1611
vn -0.9727 0.1755 -0.1522
vn -0.9908 0.1159 -0.0705
vn -0.9851 -0.0836 -0.1503
vn -0.9799 -0.1562 -0.1240
vn -0.9837 0.1759 0.0376
vn -0.7133 0.6808 0.1665
vn -0.1857 0.9528 0.2403
vn -0.9707 0.2351 0.0503
vn -0.6571 0.7313 0.1830
vn -0.1763 0.9531 0.2461
vn -0.1851 0.8765 -0.4444
vn -0.6574 0.6732 -0.3385
vn -0.9682 0.2243 -0.1106
vn -0.9727 -0.1841 -0.1412
vn -0.9718 0.0794 -0.2221
vn -0.9746 -0.0192 -0.2231
vn -0.6689 0.2484 -0.7006
vn -0.6795 -0.0640 -0.7309
vn -0.1809 0.3275 -0.9274
vn -0.1809 -0.0860 -0.9797
vn -0.1795 -0.4879 -0.8542
vn -0.6654 -0.3711 -0.6477
vn -0.9711 -0.1192 -0.2068
vn -0.6660 -0.5983 -0.4455
vn -0.6968 -0.5775 -0.4254
vn -0.1732 -0.7918 -0.5857
vn -0.1782 -0.7959 -0.5786
vn -0.1913 -0.5105 -0.8383
vn -0.7318 -0.3520 -0.5836
vn -0.7153 -0.0889 -0.6932
vn -0.1875 -0.1262 -0.9741
vn -0.1953 0.2992 -0.9340
vn -0.2114 0.8763 -0.4330
vn -0.7399 0.2039 -0.6410
vn -0.7788 0.5614 -0.2797
vn -0.9821 -0.0226 -0.1868
vn -0.9860 0.0477 -0.1600
vn -0.9911 0.1147 -0.0677
vn -0.9839 -0.0522 0.1707
vn -0.9830 -0.0914 0.1590
vn -0.9843 -0.0111 0.1762
vn -0.7222 -0.0529 0.6896
vn -0.7194 -0.2039 0.6640
vn -0.9842 0.0266 0.1753
vn -0.9757 -0.1783 -0.1272
vn -0.7216 0.0972 0.6855
vn -0.2030 -0.0775 0.9761
vn -0.2026 0.1349 0.9699
vn -0.2010 -0.2878 0.9364
vn -0.9839 0.0629 0.1676
vn -0.7185 0.2418 0.6521
vn -0.2002 0.3397 0.9190
vn -0.9798 0.0725 0.1864
vn -0.7137 0.2080 0.6688
vn -0.2099 0.2793 0.9370
vn -0.2233 -0.1893 0.9562
vn -0.7211 -0.1383 0.6789
vn -0.9832 -0.0406 0.1779
vn -0.9778 -0.1477 0.1488
vn -0.9782 -0.1688 0.1208
vn -0.7064 -0.4503 0.5461
vn -0.2038 -0.6099 0.7658
vn -0.7140 -0.5968 0.3662
vn -0.2051 -0.8388 0.5044
vn -0.2188 -0.9753 0.0291
vn -0.7253 -0.6883 0.0150
vn -0.9848 -0.1737 -0.0035
vn -0.7064 -0.6215 -0.3387
vn -0.1956 -0.8707 -0.4512
vn -0.6706 -0.5214 -0.5277
vn -0.1749 -0.6940 -0.6984
vn -0.1800 -0.3855 -0.9050
vn -0.6687 -0.2920 -0.6838
vn -0.9719 -0.0927 -0.2165
vn -0.9735 -0.1587 -0.1648
vn -0.9840 0.1727 0.0435
vn -0.7158 0.6717 0.1908
vn -0.9709 0.2319 0.0603
vn -0.9750 -0.0024 -0.2222
vn -0.1869 0.9431 0.2751
vn -0.6811 -0.0086 -0.7321
vn -0.6580 0.7216 0.2153
vn -0.1771 0.9409 0.2888
vn -0.1847 0.8976 -0.4004
vn -0.6565 0.6897 -0.3056
vn -0.9683 0.2289 -0.1003
vn -0.9717 0.0918 -0.2176
vn -0.6684 0.2882 -0.6857
vn -0.1811 -0.0117 -0.9834
vn -0.1805 0.3800 -0.9072
vn -0.1849 0.9026 0.3889
vn -0.6585 0.6944 0.2903
vn -0.9697 0.2294 0.0838
vn -0.9876 -0.1055 0.1160
vn -0.9767 -0.1241 0.1753
vn -0.9789 0.1354 0.1529
vn -0.9814 -0.1240 0.1466
vn -0.7136 -0.3397 0.6126
vn -0.7047 -0.4422 0.5549
vn -0.1974 -0.4727 0.8588
vn -0.1929 -0.6070 0.7709
vn -0.6840 -0.4026 0.6083
vn -0.7318 0.3772 0.5676
vn -0.7419 -0.4463 0.5004
vn -0.9778 -0.1719 0.1194
vn -0.9893 -0.0201 0.1443
vn -0.2272 0.5036 0.8335
vn -0.2596 -0.1183 0.9584
vn -0.7613 -0.0821 0.6432
vn -0.7277 -0.5036 0.4657
vn -0.2038 -0.6480 0.7339
vn -0.2228 -0.6866 0.6921
vn -0.1921 -0.5362 0.8220
vn -0.0069 -0.0893 0.9960
vn -0.0085 -0.0938 0.9956
vn -0.0055 -0.7835 0.6214
vn 0.2845 -0.7087 0.6455
vn 0.3291 0.1132 0.9375
vn 0.4038 -0.9146 -0.0212
vn 0.0002 -0.9990 -0.0451
vn 0.7619 -0.3602 0.5383
vn 0.4843 0.4594 0.7446
vn 0.7591 -0.6373 -0.1327
vn 0.3105 -0.6628 -0.6814
vn 0.0057 -0.7241 -0.6897
vn 0.9477 0.0133 0.3188
vn 0.3739 -0.5997 -0.7075
vn -0.2299 -0.2163 -0.9489
vn 0.0417 -0.0264 -0.9988
vn 0.0085 -0.0152 -0.9998
vn -0.2792 0.6670 -0.6907
vn 0.0060 0.7271 -0.6865
vn 0.0001 0.9998 0.0188
vn 0.8400 -0.4493 -0.3042
vn 0.9538 0.2237 0.2004
vn 0.4928 0.7451 0.4494
vn 0.4741 0.8771 0.0768
vn -0.4062 0.9128 0.0416
vn -0.0060 0.6908 0.7231
vn 0.8738 -0.4576 -0.1646
vn 0.9601 0.2777 0.0331
vn 0.4677 0.8814 -0.0668
vn 0.2480 -0.6368 -0.7301
vn 0.2599 -0.8641 -0.4310
vn -0.7526 0.4033 -0.5205
vn -0.2949 0.6043 0.7402
vn -0.6900 0.6700 0.2739
vn -0.2468 0.5213 0.8169
vn -0.2220 0.6337 0.7411
vn -0.8179 0.4690 0.3333
vn -0.9546 0.0081 -0.2978
vn -0.1936 0.8700 0.4535
vn -0.7891 0.5716 0.2248
vn -0.2137 0.9739 0.0766
vn -0.9869 -0.0781 -0.1410
vn -0.4886 -0.4600 -0.7414
vn -0.5411 -0.7223 -0.4307
vn -0.8247 0.5644 0.0356
vn -0.2222 0.9716 -0.0810
vn 0.4385 0.7869 -0.4342
vn -0.9701 -0.2406 -0.0313
vn -0.8277 0.5587 -0.0531
vn -0.4871 -0.8700 -0.0771
vn -0.9695 -0.2449 0.0115
vn -0.4872 -0.8707 0.0677
vn -0.2556 0.8564 -0.4486
vn -0.8341 0.5021 -0.2283
vn -0.2994 0.6360 -0.7113
vn 0.4203 0.5435 -0.7266
vn -0.9760 -0.1741 0.1309
vn -0.4899 -0.7673 0.4139
vn 0.2285 -0.9699 0.0837
vn -0.8741 0.3801 -0.3023
vn -0.2464 0.5163 -0.8202
vn 0.3816 0.1739 -0.9078
vn 0.1757 -0.1913 -0.9657
vn -0.7455 0.5958 -0.2988
vn -0.2294 0.4614 -0.8570
vn 0.0532 -0.2754 -0.9599
vn -0.9406 -0.1262 0.3151
vn -0.1478 0.5074 -0.8490
vn 0.0081 -0.2878 -0.9577
vn 0.0073 0.5260 -0.8504
vn -0.4825 0.8364 -0.2602
vn -0.2507 0.9431 -0.2182
vn 0.0021 0.9758 -0.2187
vn -0.0041 0.8607 0.5091
vn -0.8238 0.2675 0.4998
vn -0.4716 0.7233 0.5044
vn -0.2105 0.8339 0.5102
vn -0.0083 0.2153 0.9765
vn -0.0432 0.2170 0.9752
vn -0.0071 -0.5747 0.8184
vn -0.1459 0.1293 0.9808
vn 0.1534 -0.5445 0.8246
vn -0.0020 -0.9776 0.2106
vn -0.2859 -0.2605 0.9222
vn 0.2696 -0.5328 0.8022
vn 0.2487 -0.9445 0.2145
vn 0.0039 -0.8784 -0.4778
vn -0.4108 -0.5512 0.7262
vn 0.3078 -0.8504 0.4267
vn 0.3340 -0.6329 0.6985
vn 0.3768 -0.5709 0.7295
vn 0.5067 -0.8418 0.1863
vn 0.2117 -0.8492 -0.4838
vn 0.8957 -0.3517 0.2722
vn 0.4737 -0.7099 -0.5212
vn 0.8129 -0.5555 0.1751
vn 0.8268 -0.2545 -0.5016
vn 0.9317 0.1455 -0.3329
vn 0.9042 -0.3893 0.1755
vn 0.9336 0.3073 -0.1845
vn 0.9572 0.2890 -0.0144
vn 0.8477 -0.5279 0.0516
vn 0.8428 -0.5372 -0.0334
vn 0.2250 -0.9714 -0.0763
vn -0.0101 -0.0893 0.9960
vn -0.2958 -0.7086 0.6406
vn -0.3450 0.1133 0.9318
vn -0.4035 -0.9145 -0.0280
vn -0.7711 -0.3599 0.5253
vn -0.4966 0.4596 0.7363
vn -0.7570 -0.6369 -0.1456
vn -0.2992 -0.6626 -0.6866
vn -0.9530 0.0138 0.3026
vn -0.3622 -0.5996 -0.7137
vn 0.2459 -0.2164 -0.9448
vn -0.0247 -0.0259 -0.9994
vn 0.2912 0.6669 -0.6859
vn -0.8349 -0.4489 -0.3184
vn -0.9570 0.2241 0.1842
vn -0.5000 0.7453 0.4410
vn -0.4750 0.8773 0.0688
vn 0.4056 0.9128 0.0485
vn -0.8711 -0.4572 -0.1795
vn -0.9604 0.2781 0.0168
vn -0.4661 0.8816 -0.0747
vn -0.2359 -0.6366 -0.7342
vn -0.2528 -0.8640 -0.4354
vn 0.7615 0.4030 -0.5076
vn 0.2826 0.6041 0.7451
vn 0.6856 0.6696 0.2856
vn 0.2332 0.5212 0.8210
vn 0.2097 0.6336 0.7447
vn 0.8124 0.4686 0.3471
vn 0.9595 0.0076 -0.2815
vn 0.1862 0.8699 0.4567
vn 0.7855 0.5712 0.2381
vn 0.2128 0.9738 0.0803
vn 0.9891 -0.0786 -0.1243
vn 0.5009 -0.4603 -0.7330
vn 0.5480 -0.7226 -0.4214
vn 0.8243 0.5639 0.0496
vn 0.2240 0.9715 -0.0772
vn -0.4307 0.7871 -0.4416
vn 0.9704 -0.2411 -0.0148
vn 0.8288 0.5583 -0.0390
vn 0.4879 -0.8702 -0.0688
vn 0.9690 -0.2454 0.0279
vn 0.4856 -0.8709 0.0760
vn 0.2633 0.8563 -0.4444
vn 0.8381 0.5017 -0.2141
vn 0.3117 0.6358 -0.7061
vn -0.4077 0.5437 -0.7336
vn 0.9736 -0.1745 0.1474
vn 0.4825 -0.7675 0.4221
vn -0.2303 -0.9698 0.0798
vn 0.8793 0.3797 -0.2874
vn 0.2605 0.5161 -0.8160
vn -0.3660 0.1741 -0.9142
vn -0.1594 -0.1912 -0.9685
vn 0.7507 0.5954 -0.2861
vn 0.2442 0.4613 -0.8530
vn -0.0370 -0.2754 -0.9606
vn 0.9351 -0.1266 0.3311
vn 0.1624 0.5073 -0.8463
vn 0.4873 0.8361 -0.2519
vn 0.2549 0.9430 -0.2138
vn 0.8154 0.2670 0.5137
vn 0.4635 0.7230 0.5123
vn 0.2021 0.8338 0.5137
vn 0.0267 0.2170 0.9758
vn 0.1293 0.1292 0.9832
vn -0.1677 -0.5444 0.8219
vn 0.2700 -0.2603 0.9270
vn -0.2528 -0.9444 0.2102
vn -0.2834 -0.5326 0.7975
vn 0.3981 -0.5514 0.7331
vn -0.3155 -0.8502 0.4214
vn -0.3461 -0.6327 0.6927
vn -0.3893 -0.5707 0.7230
vn -0.5104 -0.8413 0.1778
vn -0.2038 -0.8491 -0.4872
vn -0.9003 -0.3513 0.2570
vn -0.4651 -0.7097 -0.5292
vn -0.8160 -0.5551 0.1612
vn -0.8182 -0.2541 -0.5156
vn -0.9258 0.1459 -0.3487
vn -0.9072 -0.3889 0.1602
vn -0.9302 0.3077 -0.2003
vn -0.9567 0.2894 -0.0307
vn -0.8488 -0.5275 0.0372
vn -0.8424 -0.5368 -0.0477
vn -0.2241 -0.9713 -0.0801
vn 0.9822 -0.1877 0.0115
vn 0.9851 -0.1536 -0.0775
vn 0.7214 -0.6123 -0.3235
vn 0.7104 -0.7038 -0.0049
vn 0.1912 -0.8649 -0.4642
vn 0.1826 -0.9831 -0.0137
vn 0.1813 -0.8641 -0.4695
vn 0.1734 -0.9848 -0.0138
vn 0.6625 -0.6613 -0.3518
vn 0.6539 -0.7566 -0.0062
vn 0.9717 -0.2128 -0.1024
vn 0.9699 -0.2436 0.0045
vn 0.9744 -0.1254 -0.1865
vn 0.6762 -0.3901 -0.6250
vn 0.1931 -0.5130 -0.8364
vn 0.2054 -0.5161 -0.8315
vn 0.7421 -0.3560 -0.5680
vn 0.9875 -0.0851 -0.1324
vn 0.9835 0.1541 0.0942
vn 0.9852 0.0842 0.1493
vn 0.9758 0.0033 -0.2186
vn 0.9860 -0.0027 0.1664
vn 0.6829 0.0113 -0.7304
vn 0.1989 0.0152 -0.9799
vn 0.2129 0.0151 -0.9769
vn 0.7529 0.0100 -0.6581
vn 0.9887 0.0022 -0.1496
vn 0.6762 0.4092 -0.6126
vn 0.1931 0.5387 -0.8201
vn 0.2055 0.5421 -0.8148
vn 0.7421 0.3735 -0.5566
vn 0.9876 0.0885 -0.1298
vn 0.9745 0.1308 -0.1825
vn 0.6625 0.6719 -0.3311
vn 0.1814 0.8782 -0.4425
vn 0.1915 0.8788 -0.4370
vn 0.7217 0.6217 -0.3043
vn 0.9850 0.1567 -0.0727
vn 0.9718 0.2156 -0.0957
vn 0.9852 -0.0890 0.1467
vn 0.7415 -0.0105 0.6709
vn 0.7324 0.3558 0.5805
vn 0.7323 -0.3738 0.5692
vn 0.9835 -0.1572 0.0894
vn 0.1963 -0.0153 0.9804
vn 0.7162 0.6118 0.3357
vn 0.1915 0.5165 0.8346
vn 0.9831 0.1826 0.0112
vn 0.9699 0.2430 0.0120
vn 0.6541 0.7562 0.0173
vn 0.1736 0.9847 0.0168
vn 0.1829 0.9830 0.0168
vn 0.7106 0.7034 0.0170
vn 0.9832 0.1824 0.0112
vn 0.9850 0.1566 -0.0726
vn 0.9699 -0.2161 0.1122
vn 0.6568 -0.6719 0.3422
vn 0.1735 -0.8783 0.4455
vn 0.1836 -0.8789 0.4402
vn 0.7160 -0.6221 0.3166
vn 0.9818 -0.1673 0.0905
vn 0.7218 0.6216 -0.3042
vn 0.7105 0.7035 0.0170
vn 0.1838 0.8648 0.4673
vn 0.7421 0.3734 -0.5566
vn 0.9711 -0.1313 0.1991
vn 0.6655 -0.4096 0.6240
vn 0.1789 -0.5387 0.8233
vn 0.1913 -0.5422 0.8182
vn 0.9854 -0.0879 0.1456
vn 0.9888 0.0022 -0.1495
vn 0.7529 0.0099 -0.6580
vn 0.9720 -0.0037 0.2350
vn 0.2128 0.0151 -0.9770
vn 0.1830 0.9830 0.0168
vn 0.9876 -0.0847 -0.1325
vn 0.9712 0.1249 0.2030
vn 0.7420 -0.3561 -0.5680
vn 0.6704 -0.0116 0.7419
vn 0.1822 -0.0153 0.9831
vn 0.1962 -0.0153 0.9804
vn 0.9861 -0.0027 0.1663
vn 0.6655 0.3899 0.6364
vn 0.1790 0.5129 0.8396
vn 0.7323 0.3558 0.5806
vn 0.9852 0.0843 0.1494
vn 0.6566 0.6611 0.3630
vn 0.1737 0.8640 0.4725
vn 0.9835 0.1541 0.0943
vn 0.9699 0.2124 0.1190
vn 0.9849 -0.1546 -0.0775
vn 0.9831 -0.1829 0.0055
vn 0.7217 -0.6120 -0.3234
vn 0.2054 -0.5166 -0.8312
vn 0.1914 -0.5422 0.8181
vn 0.1915 -0.8648 -0.4641
vn 0.1835 -0.8789 0.4403
vn 0.6542 0.0117 -0.7563
vn 0.6561 -0.3982 -0.6411
vn 0.6589 -0.6636 -0.3542
vn 0.6582 -0.7528 -0.0061
vn 0.6562 0.4177 -0.6284
vn 0.6530 -0.6745 0.3445
vn 0.6452 -0.4181 0.6395
vn 0.6593 0.6739 -0.3335
vn 0.6412 -0.0120 0.7673
vn 0.6584 0.7525 0.0173
vn 0.6453 0.3979 0.6521
vn 0.6531 0.6633 0.3653
vn -0.9837 -0.1530 -0.0942
vn -0.9823 -0.1873 -0.0052
vn -0.7162 -0.6118 -0.3357
vn -0.7105 -0.7035 -0.0169
vn -0.1838 -0.8648 -0.4673
vn -0.1829 -0.9830 -0.0168
vn -0.1738 -0.8640 -0.4725
vn -0.1736 -0.9847 -0.0168
vn -0.6566 -0.6611 -0.3631
vn -0.6541 -0.7562 -0.0173
vn -0.9699 -0.2126 -0.1190
vn -0.9699 -0.2431 -0.0120
vn -0.9711 -0.1250 -0.2031
vn -0.6656 -0.3900 -0.6363
vn -0.1790 -0.5129 -0.8396
vn -0.1915 -0.5161 -0.8349
vn -0.7324 -0.3556 -0.5806
vn -0.9852 -0.0846 -0.1492
vn -0.9849 0.1546 0.0775
vn -0.9876 0.0847 0.1325
vn -0.9720 0.0037 -0.2351
vn -0.9888 -0.0022 0.1494
vn -0.6704 0.0116 -0.7420
vn -0.1823 0.0153 -0.9831
vn -0.1963 0.0152 -0.9804
vn -0.7413 0.0105 -0.6711
vn -0.9861 0.0026 -0.1663
vn -0.6655 0.4095 -0.6240
vn -0.1790 0.5387 -0.8233
vn -0.1913 0.5422 -0.8182
vn -0.7324 0.3738 -0.5691
vn -0.9852 0.0890 -0.1466
vn -0.9712 0.1313 -0.1990
vn -0.6564 0.6722 -0.3423
vn -0.1735 0.8783 -0.4455
vn -0.1836 0.8789 -0.4403
vn -0.7161 0.6220 -0.3165
vn -0.9835 0.1572 -0.0894
vn -0.9698 0.2163 -0.1123
vn -0.9876 -0.0885 0.1298
vn -0.7528 -0.0101 0.6581
vn -0.7419 0.3562 0.5681
vn -0.7421 -0.3734 0.5566
vn -0.9850 -0.1566 0.0726
vn -0.2128 -0.0152 0.9770
vn -0.7216 0.6121 0.3235
vn -0.2052 0.5166 0.8313
vn -0.9831 0.1828 -0.0055
vn -0.9698 0.2437 -0.0045
vn -0.6539 0.7566 0.0062
vn -0.1734 0.9848 0.0138
vn -0.1826 0.9831 0.0137
vn -0.7102 0.7040 0.0049
vn -0.9717 -0.2158 0.0958
vn -0.6628 -0.6718 0.3309
vn -0.1815 -0.8782 0.4424
vn -0.1913 -0.8788 0.4371
vn -0.7216 -0.6218 0.3044
vn -0.9832 -0.1668 0.0738
vn -0.7161 0.6221 -0.3166
vn -0.7105 0.7037 0.0049
vn -0.1913 0.8649 0.4641
vn -0.9852 0.0890 -0.1465
vn -0.9745 -0.1309 0.1825
vn -0.6762 -0.4091 0.6126
vn -0.1932 -0.5387 0.8201
vn -0.2053 -0.5421 0.8148
vn -0.7422 -0.3734 0.5565
vn -0.9878 -0.0874 0.1289
vn -0.9861 0.0027 -0.1663
vn -0.7416 0.0105 -0.6708
vn -0.9758 -0.0033 0.2185
vn -0.1963 0.0153 -0.9804
vn -0.1835 0.8789 -0.4403
vn -0.9852 -0.0842 -0.1493
vn -0.9744 0.1253 0.1865
vn -0.7324 -0.3558 -0.5806
vn -0.6826 -0.0114 0.7307
vn -0.1989 -0.0152 0.9799
vn -0.2130 -0.0151 0.9769
vn -0.7527 -0.0101 0.6582
vn -0.9887 -0.0022 0.1497
vn -0.6762 0.3901 0.6249
vn -0.1931 0.5130 0.8364
vn -0.2052 0.5166 0.8312
vn -0.7419 0.3562 0.5680
vn -0.9875 0.0847 0.1326
vn -0.6625 0.6613 0.3518
vn -0.1814 0.8641 0.4695
vn -0.1913 0.8648 0.4642
vn -0.7217 0.6120 0.3234
vn -0.9849 0.1545 0.0775
vn -0.9717 0.2128 0.1024
vn -0.9835 -0.1541 -0.0943
vn -0.9832 -0.1824 -0.0112
vn -0.7163 -0.6117 -0.3357
vn -0.7219 -0.6216 0.3042
vn -0.1914 -0.5165 -0.8346
vn -0.7106 -0.7034 -0.0169
vn -0.2055 -0.5421 0.8148
vn -0.1839 -0.8647 -0.4673
vn -0.1916 -0.8788 0.4370
vn -0.1828 -0.9830 -0.0168
vn -0.6412 0.0120 -0.7673
vn -0.6453 -0.3979 -0.6521
vn -0.6531 -0.6634 -0.3653
vn -0.6585 -0.7524 -0.0173
vn -0.6452 0.4181 -0.6395
vn -0.6590 -0.6742 0.3334
vn -0.6562 -0.4177 0.6284
vn -0.6530 0.6745 -0.3445
vn -0.6545 -0.0117 0.7559
vn -0.6579 0.7531 0.0060
vn -0.6564 0.3978 0.6410
vn -0.6589 0.6637 0.3542
vn 0.9875 0.0887 -0.1301
vn 0.7528 0.0101 -0.6581
vn 0.7416 0.3738 -0.5571
vn 0.2056 0.5421 -0.8148
vn 0.2130 0.0152 -0.9769
vn 0.1932 0.5386 -0.8201
vn 0.6763 0.4091 -0.6125
vn 0.6825 0.0116 -0.7308
vn 0.9758 0.0033 -0.2187
vn 0.9744 0.1310 -0.1827
vn 0.6760 -0.3902 -0.6251
vn 0.1929 -0.5130 -0.8364
vn 0.9875 -0.0847 -0.1326
vn 0.1811 -0.8641 -0.4695
vn 0.1914 -0.8649 -0.4641
vn 0.7216 -0.6120 -0.3235
vn 0.9850 -0.1542 -0.0777
vn 0.6622 -0.6615 -0.3519
vn 0.9744 -0.1253 -0.1864
vn 0.9717 -0.2129 -0.1024
vn 0.9861 -0.0027 0.1664
vn 0.9852 -0.0891 0.1467
vn 0.7414 -0.0105 0.6710
vn 0.7326 0.3558 0.5803
vn 0.9717 0.2158 -0.0959
vn 0.6624 0.6718 -0.3315
vn 0.1815 0.8782 -0.4425
vn 0.1914 0.8788 -0.4371
vn 0.7218 0.6217 -0.3043
vn 0.9850 0.1568 -0.0726
vn 0.7323 -0.3739 0.5691
vn 0.1962 -0.0153 0.9805
vn 0.9700 0.2430 0.0120
vn 0.1735 0.9847 0.0168
vn 0.7106 0.7033 0.0169
vn 0.9831 0.1829 0.0112
vn 0.1916 0.5165 0.8346
vn 0.9832 0.1823 0.0112
vn 0.9699 -0.2435 0.0044
vn 0.6540 -0.7565 -0.0061
vn 0.1735 -0.9847 -0.0138
vn 0.1824 -0.9831 -0.0137
vn 0.7101 -0.7041 -0.0049
vn 0.9833 -0.1816 0.0056
vn 0.7218 0.6216 -0.3043
vn 0.1828 0.9830 0.0168
vn 0.1916 0.8788 -0.4371
vn 0.6409 -0.0117 0.7675
vn 0.6590 0.6742 -0.3334
vn 0.2058 0.5421 -0.8147
vn 0.1915 -0.5422 0.8182
vn 0.6565 0.4176 -0.6282
vn 0.7422 0.3734 -0.5565
vn 0.2131 0.0155 -0.9769
vn 0.9876 0.0886 -0.1299
vn 0.6530 -0.6745 0.3446
vn 0.9831 -0.1830 0.0055
vn 0.7531 0.0099 -0.6579
vn 0.6583 -0.7528 -0.0061
vn 0.7103 -0.7038 -0.0049
vn 0.6589 -0.6637 -0.3542
vn 0.1912 -0.8649 -0.4641
vn 0.7215 -0.6122 -0.3235
vn 0.6563 -0.3979 -0.6410
vn 0.6544 0.0117 -0.7561
vn 0.7420 -0.3562 -0.5679
vn 0.9699 0.2124 0.1189
vn 0.6566 0.6611 0.3631
vn 0.7164 0.6117 0.3356
vn 0.9836 0.1540 0.0942
vn 0.9887 0.0022 -0.1497
vn 0.9711 0.1249 0.2031
vn 0.6657 0.3898 0.6363
vn 0.1789 0.5129 0.8396
vn 0.1917 0.5165 0.8346
vn 0.7322 0.3560 0.5806
vn 0.9712 -0.1313 0.1990
vn 0.9720 -0.0037 0.2351
vn 0.6702 -0.0116 0.7421
vn 0.1821 -0.0153 0.9832
vn 0.1963 -0.0152 0.9804
vn 0.7415 -0.0105 0.6708
vn 0.9861 -0.0021 0.1659
vn 0.6567 -0.6720 0.3422
vn 0.6655 -0.4095 0.6240
vn 0.7325 -0.3737 0.5690
vn 0.9855 -0.0881 0.1453
vn 0.1737 -0.8783 0.4455
vn 0.1834 -0.8789 0.4403
vn 0.7159 -0.6223 0.3167
vn 0.9838 -0.1559 0.0886
vn -0.7414 0.0105 -0.6709
vn -0.9851 0.0891 -0.1468
vn -0.9860 0.0027 -0.1665
vn -0.7320 0.3740 -0.5695
vn -0.1914 0.5422 -0.8181
vn -0.1964 0.0152 -0.9804
vn -0.1789 0.5387 -0.8233
vn -0.1824 0.0150 -0.9831
vn -0.6654 0.4096 -0.6240
vn -0.6704 0.0115 -0.7419
vn -0.9719 0.0038 -0.2352
vn -0.6655 -0.3899 -0.6365
vn -0.1792 -0.5129 -0.8395
vn -0.1915 -0.5165 -0.8346
vn -0.7325 -0.3557 -0.5804
vn -0.9852 -0.0842 -0.1492
vn -0.1735 -0.8641 -0.4725
vn -0.9836 -0.1537 -0.0944
vn -0.9712 -0.1249 -0.2030
vn -0.9700 -0.2122 -0.1189
vn -0.9888 -0.0022 0.1495
vn -0.9875 0.0847 0.1325
vn -0.7528 -0.0102 0.6582
vn -0.7420 0.3561 0.5680
vn -0.9700 0.2159 -0.1121
vn -0.6566 0.6721 -0.3423
vn -0.1733 0.8784 -0.4455
vn -0.1837 0.8789 -0.4402
vn -0.7160 0.6222 -0.3166
vn -0.9835 0.1575 -0.0895
vn -0.9850 -0.1568 0.0727
vn -0.2126 -0.0147 0.9770
vn -0.9699 0.2437 -0.0044
vn -0.1829 0.9830 0.0137
vn -0.9830 0.1834 -0.0055
vn -0.2055 0.5166 0.8312
vn -0.7215 0.6122 0.3235
vn -0.9831 0.1830 -0.0055
vn -0.9699 -0.2433 -0.0120
vn -0.6540 -0.7563 -0.0173
vn -0.1827 -0.9830 -0.0168
vn -0.7105 -0.7035 -0.0173
vn -0.9834 -0.1812 -0.0111
vn -0.7104 0.7038 0.0049
vn -0.1912 0.8649 0.4641
vn -0.9718 -0.2157 0.0958
vn -0.6561 0.3982 0.6411
vn -0.6545 -0.0117 0.7560
vn -0.1827 0.9831 0.0137
vn -0.6589 0.6636 0.3542
vn -0.6562 -0.4178 0.6284
vn -0.6583 0.7528 0.0061
vn -0.6591 -0.6742 0.3334
vn -0.2054 -0.5421 0.8148
vn -0.1915 0.5422 -0.8181
vn -0.7215 -0.6218 0.3044
vn -0.1915 -0.8788 0.4371
vn -0.7323 0.3738 -0.5692
vn -0.9852 0.0891 -0.1466
vn -0.7106 -0.7034 -0.0170
vn -0.9745 -0.1308 0.1825
vn -0.6625 -0.6718 0.3312
vn -0.1814 -0.8783 0.4424
vn -0.1913 -0.8789 0.4371
vn -0.7217 -0.6217 0.3043
vn -0.9853 -0.1553 0.0718
vn -0.6762 -0.4092 0.6126
vn -0.1932 -0.5386 0.8201
vn -0.7419 -0.3735 0.5568
vn -0.9878 -0.0877 0.1286
vn -0.6831 -0.0112 0.7303
vn -0.1992 -0.0152 0.9799
vn -0.2129 -0.0151 0.9770
vn -0.9888 -0.0017 0.1492
vn -0.9744 0.1254 0.1865
vn -0.6760 0.3902 0.6251
vn -0.1930 0.5130 0.8364
vn -0.2054 0.5166 0.8312
vn -0.7324 -0.3558 -0.5805
vn -0.7160 -0.6120 -0.3358
vn -0.1836 -0.8648 -0.4673
vn -0.6531 -0.6633 -0.3653
vn -0.6626 0.6612 0.3518
vn -0.1914 0.8648 0.4641
vn -0.7214 0.6122 0.3236
vn -0.6582 -0.7526 -0.0175
vn 0.0038 -0.8791 -0.4766
vn 0.0046 -0.8227 -0.5684
vn 0.2067 -0.8259 -0.5245
vn 0.6623 -0.6615 -0.3519
vn 0.7406 -0.5950 -0.3123
vn 0.9717 -0.2129 -0.1029
vn 0.9819 -0.1851 -0.0396
vn 0.9744 -0.1254 -0.1866
vn 0.6761 -0.3901 -0.6250
vn 0.0071 -0.5242 -0.8516
vn 0.9815 -0.0661 0.1799
vn 0.9781 -0.0270 -0.2062
vn 0.6913 -0.0884 -0.7172
vn 0.1973 -0.1184 -0.9732
vn 0.0084 -0.1210 -0.9926
vn 0.9817 0.0066 -0.1905
vn 0.7075 0.0240 -0.7063
vn 0.9779 0.1576 0.1378
vn 0.1996 0.0333 -0.9793
vn 0.0085 0.0339 -0.9994
vn 0.0086 0.0339 -0.9994
vn 0.1995 0.0333 -0.9793
vn 0.0085 0.0263 -0.9996
vn 0.1997 0.0258 -0.9795
vn 0.7084 0.0186 -0.7056
vn 0.9818 0.0050 -0.1901
vn 0.9816 0.0061 -0.1910
vn 0.9800 0.0115 0.1989
vn 0.9783 -0.0031 0.2073
vn 0.9809 0.1208 0.1526
vn 0.9867 0.0595 0.1511
vn 0.6953 -0.0110 0.7186
vn 0.7083 0.0834 0.7010
vn 0.7160 0.2863 0.6367
vn 0.6920 0.4676 0.5500
vn 0.7246 -0.2095 0.6565
vn 0.9826 -0.0387 0.1817
vn 0.9905 -0.1049 0.0893
vn 0.7211 -0.5659 0.3996
vn 0.9893 -0.1379 0.0486
vn 0.1606 -0.2747 0.9480
vn 0.1828 -0.0152 0.9830
vn 0.1745 0.1041 0.9791
vn 0.1579 0.3990 0.9032
vn 0.6743 -0.7320 0.0974
vn 0.9592 -0.2216 0.1755
vn 0.6846 -0.7278 0.0395
vn 0.7027 -0.2064 0.6809
vn 0.1519 -0.9870 0.0528
vn 0.1057 -0.7933 0.5996
vn 0.1612 -0.2308 0.9595
vn 0.5911 -0.6474 0.4811
vn 0.1571 -0.2683 0.9504
vn 0.1536 -0.9881 0.0089
vn 0.1096 -0.7902 0.6030
vn 0.1070 -0.8030 0.5862
vn 0.1544 -0.9879 0.0119
vn 0.1090 -0.8055 0.5824
vn 0.1604 -0.3101 0.9371
vn 0.1551 -0.9869 0.0452
vn 0.7260 -0.5697 0.3851
vn 0.7291 -0.2321 0.6439
vn 0.5977 -0.6346 0.4899
vn 0.6908 -0.7223 0.0325
vn 0.7104 -0.1767 0.6812
vn 0.6862 -0.7233 0.0779
vn 0.9904 -0.1086 0.0850
vn 0.9830 -0.0420 0.1790
vn 0.9776 0.0011 0.2103
vn 0.9783 -0.0041 0.2072
vn 0.6932 -0.0069 0.7207
vn 0.9811 -0.1927 0.0143
vn 0.9632 -0.2127 0.1645
vn 0.1833 -0.0157 0.9829
vn 0.6959 -0.0112 0.7181
vn 0.1716 0.0872 0.9813
vn 0.9783 -0.0033 0.2070
vn 0.1408 0.4052 0.9033
vn 0.6738 0.0768 0.7349
vn 0.1655 0.6697 0.7239
vn 0.5343 0.3462 0.7711
vn 0.9602 0.1170 0.2538
vn 0.9785 -0.0022 0.2064
vn 0.1784 0.6633 0.7268
vn 0.6627 0.5004 0.5572
vn 0.1702 0.7686 0.6167
vn 0.1003 0.7273 0.6790
vn 0.6910 0.5672 0.4482
vn 0.1474 0.8436 0.5164
vn 0.6934 0.6138 0.3776
vn 0.9825 0.1560 0.1015
vn 0.5098 0.5053 0.6963
vn 0.9346 0.1496 0.3228
vn 0.9785 0.1818 0.0974
vn 0.6959 -0.0095 0.7180
vn 0.6805 0.6635 0.3108
vn 0.9712 0.2008 0.1286
vn 0.1703 0.9046 0.3908
vn 0.0498 0.5987 0.7994
vn 0.6606 0.6362 0.3987
vn 0.1730 0.8358 0.5210
vn -0.0028 0.9343 0.3564
vn -0.0069 0.5607 0.8280
vn -0.0043 0.8503 0.5262
vn 0.9719 -0.0031 0.2355
vn 0.6656 0.3898 0.6364
vn 0.1791 0.5129 0.8396
vn -0.0071 0.5242 0.8516
vn 0.6701 -0.0116 0.7421
vn 0.1823 -0.0154 0.9831
vn 0.7618 -0.0317 0.6471
vn 0.2143 0.0695 0.9743
vn -0.0084 0.1225 0.9924
vn 0.9275 -0.1822 0.3264
vn 0.6165 -0.1925 0.7634
vn 0.1732 -0.1860 0.9672
vn -0.0083 -0.2342 0.9721
vn 0.9391 -0.2364 0.2494
vn 0.6371 -0.5255 0.5639
vn 0.9516 -0.2849 0.1155
vn 0.6791 -0.7329 0.0404
vn 0.2237 -0.9746 0.0073
vn -0.0008 -0.9979 0.0644
vn 0.1613 -0.6755 0.7195
vn -0.0064 -0.6842 0.7293
vn 0.0085 -0.0355 -0.9993
vn 0.2011 -0.0350 -0.9790
vn 0.7144 -0.0253 -0.6992
vn 0.9830 -0.0069 -0.1837
vn 0.9794 0.0012 -0.2017
vn 0.9824 -0.0492 0.1799
vn 0.6971 0.0042 -0.7169
vn 0.1981 0.0059 -0.9802
vn 0.0085 0.0061 -0.9999
vn 0.7246 -0.2463 0.6436
vn 0.1667 -0.3250 0.9309
vn 0.1673 -0.2785 0.9457
vn 0.7099 -0.2031 0.6744
vn 0.9624 -0.2093 0.1731
vn 0.9529 -0.2001 0.2280
vn 0.6143 -0.1669 0.7712
vn 0.1829 -0.0133 0.9830
vn 0.1535 -0.9179 0.3658
vn -0.0084 -0.0155 0.9998
vn -0.0042 -0.8831 0.4691
vn 0.3197 -0.9448 0.0719
vn 0.7983 -0.4232 0.4284
vn 0.6613 -0.7410 0.1169
vn 0.1162 -0.9680 -0.2223
vn 0.7014 -0.7128 -0.0027
vn 0.1585 -0.9856 -0.0596
vn 0.5966 -0.6594 0.4575
vn 0.1156 -0.8249 0.5533
vn 0.1074 -0.8308 0.5461
vn 0.1527 -0.9880 -0.0242
vn 0.7211 -0.5938 0.3570
vn 0.1768 -0.9424 -0.2840
vn 0.9905 -0.1130 0.0786
vn 0.6776 -0.7348 0.0313
vn 0.1585 -0.8983 -0.4098
vn 0.1754 -0.8307 -0.5284
vn -0.0004 -0.9996 0.0284
vn 0.1853 -0.9814 0.0500
vn 0.6301 -0.7734 0.0698
vn 0.6756 -0.6596 -0.3293
vn 0.9414 -0.3228 0.0981
vn 0.9810 -0.1940 -0.0001
vn 0.6736 -0.7071 -0.2153
vn 0.6851 -0.6813 -0.2577
vn 0.9781 -0.2040 -0.0413
vn 0.9823 -0.1873 0.0040
vn 0.9694 -0.2418 -0.0421
vn 0.9816 0.0200 -0.1897
vn 0.9827 -0.0587 0.1755
vn 0.9400 -0.2560 0.2257
vn 0.7073 0.0724 -0.7032
vn 0.9736 0.1135 -0.1979
vn 0.6327 -0.5803 0.5127
vn 0.1995 0.0998 -0.9748
vn 0.6752 0.3450 -0.6520
vn 0.1977 0.4509 -0.8704
vn 0.0077 0.4618 -0.8869
vn 0.0085 0.1018 -0.9948
vn 0.9718 0.2157 -0.0958
vn 0.1608 -0.7435 0.6491
vn -0.0057 -0.7540 0.6568
vn -0.0083 -0.1792 0.9838
vn 0.1791 -0.2000 0.9633
vn 0.6321 -0.1959 0.7497
vn 0.6628 0.6717 -0.3309
vn 0.9699 0.2431 0.0120
vn 0.0040 0.8935 -0.4491
vn 0.1737 0.9847 0.0168
vn 0.0001 0.9999 0.0155
vn 0.6567 0.6611 0.3630
vn -0.0038 0.8791 0.4766
vn 0.9712 0.1249 0.2031
vn 0.6655 0.3899 0.6365
vn 0.9719 -0.0035 0.2352
vn -0.0071 0.5242 0.8515
vn 0.6703 -0.0116 0.7420
vn 0.7608 -0.0281 0.6484
vn 0.1823 -0.0153 0.9831
vn 0.9387 -0.1644 0.3030
vn 0.2121 0.0577 0.9755
vn -0.0084 0.0719 0.9974
vn 0.1828 -0.0153 0.9830
vn 0.6953 -0.0116 0.7186
vn 0.1826 -0.0145 0.9831
vn -0.1982 -0.8258 -0.5279
vn -0.7354 -0.5947 -0.3249
vn -0.9699 -0.2123 -0.1193
vn -0.9812 -0.1847 -0.0563
vn -0.6655 -0.3898 -0.6365
vn -0.9844 -0.0656 0.1632
vn -0.9745 -0.0265 -0.2229
vn -0.6790 -0.0881 -0.7288
vn -0.1810 -0.1183 -0.9763
vn -0.9783 0.0070 -0.2072
vn -0.6954 0.0243 -0.7182
vn -0.9800 0.1581 0.1212
vn -0.1830 0.0333 -0.9825
vn -0.1829 0.0333 -0.9826
vn -0.1830 0.0259 -0.9828
vn -0.6964 0.0189 -0.7174
vn -0.9784 0.0055 -0.2065
vn -0.9782 0.0065 -0.2076
vn -0.9832 0.0119 0.1822
vn -0.9816 -0.0027 0.1908
vn -0.9832 0.1214 0.1361
vn -0.9891 0.0601 0.1344
vn -0.7073 -0.0106 0.7068
vn -0.7200 0.0837 0.6889
vn -0.7265 0.2866 0.6245
vn -0.7010 0.4680 0.5382
vn -0.7358 -0.2092 0.6440
vn -0.9855 -0.0382 0.1651
vn -0.9919 -0.1044 0.0724
vn -0.7283 -0.5655 0.3870
vn -0.9900 -0.1376 0.0317
vn -0.1770 -0.2749 0.9450
vn -0.1995 -0.0151 0.9798
vn -0.1910 0.1042 0.9760
vn -0.1731 0.3993 0.9003
vn -0.6764 -0.7316 0.0853
vn -0.9623 -0.2209 0.1589
vn -0.6855 -0.7276 0.0279
vn -0.7142 -0.2061 0.6689
vn -0.1533 -0.9869 0.0502
vn -0.1164 -0.7931 0.5979
vn -0.1777 -0.2307 0.9567
vn -0.5997 -0.6470 0.4708
vn -0.1732 -0.2682 0.9477
vn -0.1541 -0.9880 0.0062
vn -0.1201 -0.7899 0.6013
vn -0.1172 -0.8029 0.5844
vn -0.1551 -0.9879 0.0092
vn -0.1193 -0.8052 0.5809
vn -0.1763 -0.3099 0.9343
vn -0.1562 -0.9868 0.0422
vn -0.7330 -0.5691 0.3725
vn -0.7400 -0.2317 0.6314
vn -0.6064 -0.6342 0.4796
vn -0.6914 -0.7222 0.0204
vn -0.7221 -0.1763 0.6689
vn -0.6876 -0.7231 0.0662
vn -0.9918 -0.1082 0.0682
vn -0.9859 -0.0415 0.1623
vn -0.9810 0.0016 0.1938
vn -0.9817 -0.0036 0.1906
vn -0.7053 -0.0066 0.7089
vn -0.9814 -0.1922 -0.0024
vn -0.9659 -0.2123 0.1481
vn -0.1998 -0.0152 0.9797
vn -0.7079 -0.0109 0.7062
vn -0.1883 0.0874 0.9782
vn -0.9817 -0.0028 0.1904
vn -0.7074 -0.0112 0.7067
vn -0.1996 -0.0137 0.9798
vn -0.1559 0.4054 0.9008
vn -0.6862 0.0772 0.7233
vn -0.9818 -0.0017 0.1897
vn -0.1774 0.6698 0.7210
vn -0.5468 0.3471 0.7619
vn -0.9643 0.1175 0.2374
vn -0.1905 0.6634 0.7236
vn -0.6718 0.5008 0.5457
vn -0.9398 0.1500 0.3069
vn -0.5215 0.5053 0.6875
vn -0.1114 0.7273 0.6772
vn -0.7081 -0.0092 0.7061
vn -0.1996 -0.0152 0.9798
vn -0.1993 -0.0144 0.9798
vn -0.0086 -0.0155 0.9998
vn -0.0631 0.5988 0.7984
vn -0.1844 -0.0349 -0.9822
vn -0.7024 -0.0249 -0.7113
vn -0.9797 -0.0064 -0.2004
vn -0.9758 0.0016 -0.2184
vn -0.9854 -0.0487 0.1632
vn -0.6847 0.0046 -0.7288
vn -0.1813 0.0060 -0.9834
vn -0.7358 -0.2458 0.6310
vn -0.1827 -0.3247 0.9280
vn -0.1835 -0.2784 0.9428
vn -0.7213 -0.2028 0.6622
vn -0.9653 -0.2091 0.1567
vn -0.9567 -0.1996 0.2116
vn -0.6274 -0.1664 0.7607
vn -0.1604 -0.9179 0.3631
vn -0.3217 -0.9445 0.0671
vn -0.8059 -0.4219 0.4154
vn -0.6635 -0.7407 0.1055
vn -0.1128 -0.9680 -0.2243
vn -0.7016 -0.7125 -0.0147
vn -0.1580 -0.9855 -0.0622
vn -0.6047 -0.6591 0.4472
vn -0.1255 -0.8248 0.5513
vn -0.1173 -0.8307 0.5442
vn -0.1528 -0.9879 -0.0269
vn -0.7275 -0.5933 0.3446
vn -0.1724 -0.9423 -0.2870
vn -0.9917 -0.1124 0.0618
vn -0.6784 -0.7344 0.0197
vn -0.1520 -0.8982 -0.4124
vn -0.1668 -0.8306 -0.5313
vn -0.1866 -0.9813 0.0468
vn -0.6316 -0.7730 0.0590
vn -0.6703 -0.6593 -0.3407
vn -0.9430 -0.3224 0.0821
vn -0.9810 -0.1935 -0.0168
vn -0.6701 -0.7068 -0.2267
vn -0.6809 -0.6810 -0.2693
vn -0.9773 -0.2037 -0.0579
vn -0.9823 -0.1869 -0.0127
vn -0.9687 -0.2413 -0.0586
vn -0.9783 0.0205 -0.2064
vn -0.9856 -0.0582 0.1587
vn -0.9438 -0.2556 0.2097
vn -0.6953 0.0727 -0.7150
vn -0.9701 0.1140 -0.2144
vn -0.6417 -0.5800 0.5018
vn -0.1829 0.0999 -0.9780
vn -0.6639 0.3453 -0.6634
vn -0.1827 0.4510 -0.8736
vn 0.0076 0.4618 -0.8869
vn -0.9699 0.2161 -0.1123
vn -0.1722 -0.7434 0.6463
vn -0.0058 -0.7540 0.6568
vn -0.0084 -0.1791 0.9838
vn -0.1955 -0.2000 0.9601
vn -0.6452 -0.1955 0.7386
vn -0.6565 0.6722 -0.3423
vn -0.9717 0.2129 0.1025
vn -0.6624 0.6614 0.3518
vn -0.0039 0.8791 0.4766
vn -0.9744 0.1254 0.1866
vn -0.9758 -0.0030 0.2186
vn -0.6761 0.3902 0.6251
vn -0.6829 -0.0113 0.7305
vn -0.7718 -0.0277 0.6353
vn -0.1991 -0.0152 0.9799
vn -0.9438 -0.1640 0.2871
vn -0.2287 0.0578 0.9718
vn -0.0085 0.0718 0.9974
vn -0.1815 0.8359 0.5180
vn -0.0028 0.9342 0.3567
vn -0.1765 0.9047 0.3879
vn -0.6669 0.6365 0.3874
vn -0.1557 0.8436 0.5138
vn -0.6853 0.6639 0.2993
vn -0.9731 0.2013 0.1121
vn -0.6994 0.6141 0.3657
vn -0.9799 0.1823 0.0808
vn -0.9840 0.1566 0.0848
vn -0.6983 0.5675 0.4363
vn -0.1804 0.7686 0.6137
vn -0.6762 0.3903 0.6248
vn -0.9757 -0.0027 0.2190
vn -0.6825 -0.0117 0.7308
vn -0.1991 -0.0153 0.9799
vn -0.7726 -0.0313 0.6341
vn -0.2306 0.0696 0.9705
vn -0.9329 -0.1818 0.3108
vn -0.6294 -0.1923 0.7529
vn -0.1897 -0.1859 0.9641
vn -0.0084 -0.2342 0.9721
vn -0.9433 -0.2360 0.2335
vn -0.6468 -0.5252 0.5530
vn -0.9535 -0.2844 0.0993
vn -0.6801 -0.7325 0.0288
vn -0.2243 -0.9745 0.0035
vn -0.1739 -0.6754 0.7166
vn 0.7461 0.0102 0.6657
vn 0.9970 -0.0754 0.0155
vn 0.6985 0.2321 0.6770
vn 0.9961 0.0867 0.0139
vn 0.6408 0.5150 0.5693
vn 0.9314 0.3637 0.0135
vn 0.4203 0.8033 0.4219
vn 0.6367 0.7709 0.0174
vn 0.1155 0.9845 0.1317
vn -0.0044 0.8375 0.5464
vn -0.0065 0.6162 0.7875
vn -0.0083 0.2587 0.9659
vn -0.0087 -0.0037 1.0000
vn 0.1792 0.9837 0.0168
vn 0.0001 0.9999 0.0160
vn 0.1175 0.9881 -0.0991
vn -0.0012 0.9866 0.1633
vn 0.4272 0.8159 -0.3896
vn 0.0046 0.8541 -0.5201
vn 0.6503 0.5323 -0.5421
vn 0.7062 0.2556 -0.6603
vn 0.7520 0.0240 -0.6588
vn 0.0067 0.6404 -0.7680
vn 0.0083 0.2885 -0.9574
vn 0.0087 0.0273 -0.9996
vn 0.0014 0.9911 -0.1332
vn -0.1153 0.9882 -0.1011
vn -0.4201 0.8162 -0.3967
vn -0.6407 0.5326 -0.5530
vn -0.6984 0.2531 -0.6695
vn -0.1789 0.9838 0.0138
vn -0.6365 0.7713 0.0065
vn -0.9313 0.3642 -0.0023
vn -0.9961 0.0873 -0.0112
vn -0.1172 0.9846 0.1297
vn -0.4270 0.8036 0.4146
vn -0.6501 0.5154 0.5583
vn -0.7061 0.2351 0.6679
vn -0.7520 0.0038 0.6592
vn -0.9971 -0.0746 -0.0178
vn -0.7461 0.0310 -0.6651
vn 0.0078 -0.3936 -0.9192
vn 0.0083 -0.1968 -0.9804
vn 0.4635 -0.1742 -0.8688
vn 0.4803 -0.3454 -0.8062
vn 0.4700 -0.7190 -0.5120
vn 0.0049 -0.7983 -0.6023
vn 0.6617 -0.6174 -0.4254
vn 0.6967 -0.2669 -0.6659
vn 0.6895 -0.1397 -0.7106
vn 0.8858 -0.0904 -0.4552
vn 0.8209 -0.4796 -0.3099
vn 0.8936 -0.1798 -0.4113
vn 0.9924 -0.0254 -0.1204
vn 0.9845 -0.1517 -0.0881
vn 0.9829 -0.1547 0.1001
vn 0.9902 -0.0294 0.1364
vn 0.8865 -0.1926 0.4207
vn 0.8779 -0.1048 0.4673
vn 0.6773 -0.1620 0.7176
vn 0.6853 -0.2878 0.6690
vn 0.4490 -0.2009 0.8706
vn 0.8157 -0.4893 0.3087
vn 0.8342 -0.5474 0.0665
vn 0.8354 -0.5452 -0.0693
vn 0.6544 -0.6305 0.4173
vn 0.4615 -0.7346 0.4974
vn 0.4668 -0.3706 0.8029
vn -0.0084 -0.2274 0.9738
vn -0.0079 -0.4220 0.9065
vn -0.0050 -0.8163 0.5776
vn 0.5643 -0.8212 0.0842
vn 0.5659 -0.8183 -0.1001
vn 0.3731 -0.9168 -0.1424
vn 0.3709 -0.9208 0.1204
vn -0.0014 -0.9916 0.1294
vn -0.4701 -0.7345 0.4894
vn 0.0011 -0.9871 -0.1601
vn -0.4617 -0.7187 -0.5200
vn -0.3733 -0.9207 0.1139
vn -0.6618 -0.6302 0.4060
vn -0.3711 -0.9166 -0.1487
vn -0.6546 -0.6171 -0.4368
vn -0.5661 -0.8209 0.0746
vn -0.8211 -0.4888 0.2948
vn -0.5645 -0.8181 -0.1097
vn -0.8158 -0.4793 -0.3238
vn -0.8355 -0.5470 0.0523
vn -0.8344 -0.5449 -0.0835
vn -0.9845 -0.1542 0.0834
vn -0.9829 -0.1512 -0.1048
vn -0.8867 -0.1790 -0.4262
vn -0.9902 -0.0250 -0.1372
vn -0.8780 -0.0901 -0.4702
vn -0.9924 -0.0290 0.1197
vn -0.6774 -0.1394 -0.7223
vn -0.6853 -0.2667 -0.6777
vn -0.4489 -0.1737 -0.8765
vn -0.8936 -0.1922 0.4056
vn -0.8858 -0.1044 0.4523
vn -0.4669 -0.3453 -0.8141
vn -0.6967 -0.2873 0.6573
vn -0.6895 -0.1616 0.7060
vn -0.4637 -0.2009 0.8629
vn -0.4804 -0.3702 0.7951
vn 0.4499 -0.6896 0.5675
vn -0.0081 -0.3299 0.9440
vn -0.0056 -0.7702 0.6378
vn 0.4066 -0.2960 0.8643
vn -0.0085 -0.1390 0.9903
vn 0.6430 -0.5953 0.4819
vn 0.3755 -0.1261 0.9182
vn 0.6149 -0.2346 0.7529
vn 0.5951 -0.1051 0.7967
vn 0.8097 -0.0764 0.5818
vn 0.8119 -0.4534 0.3678
vn 0.8610 -0.1570 0.4837
vn 0.9852 -0.0216 0.1701
vn 0.9830 -0.1400 0.1185
vn 0.9879 -0.0166 -0.1541
vn 0.8504 -0.5198 0.0815
vn 0.9849 -0.1365 -0.1060
vn 0.5993 -0.7938 0.1038
vn 0.8692 -0.1421 -0.4736
vn 0.8195 -0.0585 -0.5701
vn 0.8517 -0.5174 -0.0831
vn 0.6277 -0.2114 -0.7492
vn 0.6086 -0.0805 -0.7894
vn 0.3911 -0.0976 -0.9152
vn 0.8178 -0.4424 -0.3680
vn 0.4213 -0.2695 -0.8660
vn 0.0084 -0.1082 -0.9941
vn 0.0080 -0.3005 -0.9538
vn 0.6511 -0.5804 -0.4890
vn 0.4594 -0.6717 -0.5812
vn 0.0054 -0.7501 -0.6613
vn 0.6011 -0.7904 -0.1181
vn 0.4005 -0.9010 -0.1666
vn 0.3978 -0.9059 0.1453
vn -0.0016 -0.9871 0.1598
vn -0.4596 -0.6893 0.5600
vn 0.0014 -0.9817 -0.1904
vn -0.4498 -0.6715 -0.5889
vn -0.4007 -0.9057 0.1386
vn -0.6513 -0.5951 0.4708
vn -0.3980 -0.9008 -0.1734
vn -0.6431 -0.5801 -0.5000
vn -0.6013 -0.7935 0.0936
vn -0.8182 -0.4531 0.3540
vn -0.5991 -0.7904 -0.1283
vn -0.8119 -0.4417 -0.3817
vn -0.8518 -0.5195 0.0671
vn -0.8504 -0.5170 -0.0976
vn -0.9850 -0.1396 0.1018
vn -0.9831 -0.1361 -0.1228
vn -0.8692 -0.1567 0.4689
vn -0.6277 -0.2344 0.7423
vn -0.4213 -0.2963 0.8572
vn -0.3911 -0.1259 0.9117
vn -0.6163 -0.1040 0.7806
vn -0.8627 -0.0673 0.5012
vn -0.9912 -0.0183 0.1308
vn -0.9889 -0.0138 -0.1481
vn -0.8540 -0.0514 -0.5178
vn -0.8611 -0.1418 -0.4883
vn -0.6027 -0.0796 -0.7940
vn -0.6150 -0.2111 -0.7598
vn -0.3755 -0.0974 -0.9217
vn -0.4066 -0.2693 -0.8730
vn 0.7758 0.0366 0.6299
vn 0.3016 -0.5583 0.7728
vn 0.9018 -0.3112 0.2997
vn 0.8465 0.3951 0.3568
vn 0.9238 0.0612 -0.3779
vn 0.9010 -0.4255 0.0839
vn 0.8254 0.5202 0.2191
vn 0.9817 0.1438 -0.1251
vn 0.6098 0.7690 -0.1919
vn 0.7319 0.5031 -0.4596
vn 0.1890 0.8031 -0.5651
vn 0.3367 0.9415 -0.0129
vn 0.1070 0.8553 -0.5070
vn -0.0002 0.9990 0.0456
vn 0.0043 0.8730 -0.4877
vn -0.0979 0.8553 -0.5087
vn 0.4554 0.7690 0.4486
vn 0.4676 0.6601 0.5878
vn -0.3358 0.9418 -0.0185
vn -0.1790 0.8032 -0.5682
vn -0.0042 0.8522 0.5232
vn -0.4625 0.7692 0.4408
vn -0.0055 0.7491 0.6624
vn 0.4349 0.2825 0.8550
vn 0.1681 -0.4614 0.8711
vn -0.4772 0.6604 0.5798
vn -0.0078 0.3688 0.9295
vn -0.0078 -0.4272 0.9041
vn -0.4492 0.2827 0.8475
vn -0.1831 -0.4613 0.8681
vn -0.8523 0.3955 0.3423
vn -0.7864 0.0370 0.6166
vn -0.3149 -0.5582 0.7676
vn -0.8288 0.5206 0.2051
vn -0.6061 0.7693 -0.2022
vn -0.7238 0.5034 -0.4720
vn -0.2133 0.7246 -0.6553
vn -0.9793 0.1442 -0.1417
vn -0.9070 -0.3108 0.2843
vn -0.3588 -0.6928 0.6255
vn -0.6282 0.2207 -0.7461
vn -0.1840 0.6422 -0.7441
vn -0.8384 -0.2436 -0.4876
vn -0.8465 -0.3951 -0.3568
vn -0.7611 -0.6473 -0.0415
vn -0.2993 -0.8195 0.4886
vn -0.3543 0.0155 -0.9350
vn -0.1016 0.5829 -0.8061
vn -0.4675 -0.5138 -0.7194
vn -0.4676 -0.6601 -0.5878
vn -0.4204 -0.8697 -0.2586
vn 0.0026 -0.9442 -0.3295
vn -0.1667 -0.9021 0.3981
vn -0.0033 -0.9296 0.3685
vn 0.0054 -0.7491 -0.6624
vn 0.0066 -0.6069 -0.7947
vn 0.0085 -0.0574 -0.9983
vn 0.0072 0.5620 -0.8271
vn 0.1156 0.5829 -0.8043
vn 0.3702 0.0153 -0.9288
vn 0.4794 -0.5140 -0.7114
vn 0.4772 -0.6604 -0.5798
vn 0.6413 0.2201 -0.7350
vn 0.6936 0.3856 -0.6085
vn 0.8464 -0.2440 -0.4733
vn 0.9496 -0.0594 -0.3077
vn 0.9504 -0.2074 0.2317
vn 0.8523 -0.3955 -0.3423
vn 0.9465 0.2745 -0.1695
vn 0.4243 -0.8699 -0.2514
vn 0.1595 -0.9021 0.4009
vn 0.7614 -0.6476 -0.0286
vn 0.8476 -0.5127 0.1367
vn 0.4101 -0.0901 -0.9076
vn 0.4123 -0.9071 -0.0849
vn 0.6974 -0.1116 0.7080
vn 0.7158 0.6883 -0.1175
vn 0.3013 -0.5584 0.7729
vn 0.9238 0.0612 -0.3780
vn 0.8254 0.5203 0.2191
vn 0.7319 0.5030 -0.4596
vn 0.1891 0.8031 -0.5650
vn 0.3367 0.9415 -0.0132
vn -0.0001 0.9990 0.0456
vn 0.0044 0.8730 -0.4877
vn -0.0980 0.8553 -0.5087
vn -0.3360 0.9417 -0.0190
vn -0.0042 0.8522 0.5233
vn -0.4625 0.7693 0.4408
vn -0.0054 0.7491 0.6624
vn -0.6060 0.7693 -0.2023
vn -0.7237 0.5034 -0.4720
vn -0.2132 0.7247 -0.6553
vn -0.9793 0.1442 -0.1418
vn -0.6286 0.2204 -0.7458
vn -0.1841 0.6422 -0.7441
vn -0.7611 -0.6472 -0.0415
vn -0.0034 -0.9298 0.3681
vn 0.0085 -0.0575 -0.9983
vn 0.0072 0.5619 -0.8272
vn 0.6934 0.3857 -0.6087
vn 0.8465 -0.2440 -0.4733
vn 0.9466 0.2744 -0.1695
vn 0.6974 -0.1114 0.7080
vn 0.7158 0.6884 -0.1171
vn 0.7511 -0.1647 -0.6393
vn 0.5458 -0.5652 -0.6185
vn -0.0059 -0.7441 0.6680
vn 0.0059 0.7441 -0.6680
vn -0.0000 0.7409 -0.6716
vn 0.0013 0.7409 -0.6716
vn 0.0001 0.7409 0.6716
vn -0.0000 0.7409 0.6716
vn -0.0001 0.7409 -0.6716
vn -0.0013 0.7409 0.6716
vn -0.9795 0.0543 -0.1942
vn -0.9819 0.0527 -0.1817
vn -0.9819 0.0527 -0.1818
vn -0.9807 0.0535 -0.1881
vn -0.9725 0.0380 -0.2298
vn -0.9756 0.0471 -0.2146
vn -0.9679 0.0196 -0.2504
vn -0.9676 0.0173 -0.2519
vn -0.9644 -0.0021 -0.2644
vn -0.9644 -0.0021 -0.2645
vn -0.9602 -0.0078 -0.2791
vn -0.9604 -0.0081 -0.2785
vn -0.9571 0.0002 -0.2898
vn -0.9571 0.0003 -0.2898
vn -0.9545 0.0118 -0.2980
vn -0.9545 0.0117 -0.2980
vn -0.9523 0.0229 -0.3044
vn -0.9522 0.0230 -0.3045
vn -0.9517 0.0377 -0.3047
vn -0.9516 0.0335 -0.3054
vn -0.9518 0.0475 -0.3030
vn -0.9968 0.0077 -0.0791
vn -1.0000 0.0023 -0.0000
vn -1.0000 0.0023 -0.0002
vn -1.0000 0.0020 -0.0000
vn -1.0000 0.0022 -0.0000
vn -1.0000 0.0019 -0.0001
vn -1.0000 0.0030 -0.0000
vn -1.0000 0.0023 0.0002
vn -1.0000 0.0031 -0.0000
vn -1.0000 0.0027 -0.0001
vn -1.0000 0.0027 0.0001
vn -1.0000 0.0026 -0.0000
vn -1.0000 -0.0000 -0.0000
vn -1.0000 -0.0012 -0.0000
vn -1.0000 -0.0009 0.0015
vn -1.0000 -0.0009 -0.0015
vn -1.0000 -0.0012 0.0032
vn -1.0000 -0.0012 -0.0032
vn -1.0000 -0.0012 0.0031
vn -1.0000 -0.0012 -0.0031
vn -1.0000 -0.0010 -0.0000
vn -0.7188 0.0586 -0.6928
vn -0.7188 0.0587 -0.6928
vn -0.7187 0.0586 -0.6928
vn -0.7187 0.0587 -0.6928
vn 0.0001 0.9382 -0.3461
vn -0.0001 0.9382 -0.3461
vn 0.0001 0.9382 -0.3462
vn 0.0036 0.9207 -0.3903
vn -0.0000 0.9207 -0.3903
vn -0.9795 0.0543 0.1942
vn -0.9819 0.0527 0.1818
vn -0.9819 0.0527 0.1817
vn -0.9807 0.0535 0.1881
vn -0.9725 0.0380 0.2298
vn -0.9756 0.0471 0.2146
vn -0.9679 0.0196 0.2504
vn -0.9676 0.0173 0.2519
vn -0.9644 -0.0021 0.2644
vn -0.9644 -0.0021 0.2645
vn -0.9602 -0.0078 0.2791
vn -0.9604 -0.0081 0.2785
vn -0.9571 0.0002 0.2898
vn -0.9571 0.0004 0.2899
vn -0.9545 0.0117 0.2980
vn -0.9523 0.0229 0.3044
vn -0.9522 0.0230 0.3045
vn -0.9517 0.0377 0.3047
vn -0.9516 0.0335 0.3054
vn -0.9518 0.0475 0.3030
vn -0.9518 0.0475 0.3031
vn -0.9968 0.0077 0.0791
vn -0.7188 0.0587 0.6928
vn -0.7188 0.0586 0.6927
vn -0.7188 0.0587 0.6927
vn -0.7188 0.0590 0.6927
vn -0.0001 0.9382 0.3462
vn -0.0000 0.9381 0.3462
vn 0.0001 0.9382 0.3462
vn -0.0000 0.9207 0.3903
vn 0.0009 0.9207 0.3903
vn 0.9795 0.0543 -0.1942
vn 0.9819 0.0527 -0.1817
vn 0.9807 0.0535 -0.1881
vn 0.9725 0.0380 -0.2298
vn 0.9756 0.0471 -0.2146
vn 0.9679 0.0196 -0.2504
vn 0.9676 0.0173 -0.2519
vn 0.9644 -0.0021 -0.2644
vn 0.9644 -0.0021 -0.2645
vn 0.9602 -0.0078 -0.2791
vn 0.9604 -0.0081 -0.2785
vn 0.9571 0.0002 -0.2898
vn 0.9571 0.0003 -0.2898
vn 0.9545 0.0118 -0.2980
vn 0.9545 0.0117 -0.2980
vn 0.9523 0.0229 -0.3044
vn 0.9522 0.0230 -0.3045
vn 0.9517 0.0377 -0.3047
vn 0.9516 0.0335 -0.3054
vn 0.9518 0.0476 -0.3031
vn 0.9518 0.0475 -0.3030
vn 0.9968 0.0077 -0.0791
vn 1.0000 0.0023 -0.0000
vn 1.0000 0.0024 -0.0002
vn 1.0000 0.0023 -0.0002
vn 1.0000 0.0021 -0.0000
vn 1.0000 0.0022 -0.0000
vn 1.0000 0.0019 -0.0020
vn 1.0000 0.0030 -0.0000
vn 1.0000 0.0020 -0.0000
vn 1.0000 0.0023 0.0002
vn 1.0000 0.0031 -0.0000
vn 1.0000 0.0027 -0.0001
vn 1.0000 0.0027 0.0001
vn 1.0000 0.0026 -0.0000
vn 1.0000 -0.0000 -0.0000
vn 1.0000 -0.0012 -0.0000
vn 1.0000 -0.0009 0.0015
vn 1.0000 -0.0009 -0.0015
vn 1.0000 -0.0012 0.0032
vn 1.0000 -0.0012 -0.0032
vn 1.0000 -0.0012 0.0031
vn 1.0000 -0.0012 -0.0031
vn 1.0000 -0.0010 -0.0000
vn 0.7187 0.0586 -0.6928
vn 0.7188 0.0587 -0.6928
vn -0.0001 0.9382 -0.3462
vn -0.0009 0.9207 -0.3903
vn 0.9795 0.0543 0.1942
vn 0.9819 0.0527 0.1817
vn 0.9819 0.0527 0.1818
vn 0.9807 0.0535 0.1881
vn 0.9725 0.0380 0.2297
vn 0.9756 0.0471 0.2146
vn 0.9679 0.0196 0.2505
vn 0.9676 0.0174 0.2519
vn 0.9644 -0.0021 0.2644
vn 0.9644 -0.0022 0.2645
vn 0.9602 -0.0078 0.2791
vn 0.9604 -0.0081 0.2785
vn 0.9571 0.0002 0.2898
vn 0.9570 0.0004 0.2900
vn 0.9545 0.0117 0.2980
vn 0.9523 0.0229 0.3044
vn 0.9522 0.0230 0.3045
vn 0.9517 0.0378 0.3046
vn 0.9516 0.0335 0.3054
vn 0.9518 0.0475 0.3030
vn 0.9518 0.0475 0.3031
vn 0.9968 0.0077 0.0791
vn 0.7188 0.0587 0.6928
vn 0.7188 0.0590 0.6927
vn 0.7188 0.0586 0.6927
vn 0.7188 0.0587 0.6927
vn -0.0036 0.9207 0.3903
vn 0.0044 0.0004 -1.0000
vn 0.0045 -0.3430 -0.9393
vn 0.0045 -0.3429 -0.9394
vn 0.0047 -0.6616 -0.7499
vn 0.0047 -0.6617 -0.7497
vn 0.0050 -0.9053 -0.4247
vn 0.0050 -0.9054 -0.4246
vn 0.0051 -1.0000 -0.0005
vn 0.0050 -0.9057 0.4238
vn 0.0050 -0.9058 0.4237
vn 0.0047 -0.6623 0.7492
vn 0.0047 -0.6624 0.7491
vn 0.0045 -0.3437 0.9391
vn 0.0045 -0.3438 0.9390
vn 0.0044 -0.0004 1.0000
vn 0.0045 0.3429 0.9394
vn 0.0045 0.3430 0.9393
vn 0.0047 0.6616 0.7498
vn 0.0047 0.6617 0.7497
vn 0.0050 0.9053 0.4247
vn 0.0050 0.9053 0.4246
vn 0.0051 1.0000 0.0005
vn 0.0050 0.9057 -0.4238
vn 0.0050 0.9058 -0.4237
vn 0.0047 0.6623 -0.7492
vn 0.0047 0.6624 -0.7491
vn 0.0045 0.3437 -0.9391
vn 0.0045 0.3438 -0.9390
vn -0.0792 0.0004 -0.9969
vn -0.0818 -0.3367 -0.9381
vn -0.0793 0.0004 -0.9969
vn -0.0819 -0.3410 -0.9365
vn -0.0885 -0.6590 -0.7469
vn -0.0882 -0.6538 -0.7515
vn -0.0955 -0.9014 -0.4222
vn -0.0953 -0.8992 -0.4270
vn -0.0985 -0.9951 -0.0006
vn -0.0986 -0.9951 -0.0006
vn -0.0954 -0.9019 0.4213
vn -0.0954 -0.8997 0.4260
vn -0.0883 -0.6597 0.7463
vn -0.0883 -0.6545 0.7509
vn -0.0817 -0.3418 0.9362
vn -0.0817 -0.3375 0.9378
vn -0.0792 -0.0004 0.9969
vn -0.0817 0.3410 0.9365
vn -0.0816 0.3367 0.9381
vn -0.0882 0.6590 0.7470
vn -0.0880 0.6538 0.7515
vn -0.0952 0.9015 0.4222
vn -0.0951 0.8992 0.4270
vn -0.0983 0.9952 0.0006
vn -0.0952 0.9019 -0.4213
vn -0.0952 0.8997 -0.4260
vn -0.0882 0.6597 -0.7463
vn -0.0882 0.6545 -0.7509
vn -0.0817 0.3418 -0.9362
vn -0.0818 0.3375 -0.9378
vn -0.5506 -0.2429 -0.7987
vn -0.5240 -0.0007 -0.8517
vn -0.5238 0.0005 -0.8518
vn -0.5726 -0.2993 -0.7632
vn -0.6290 -0.4625 -0.6249
vn -0.6569 -0.5132 -0.5524
vn -0.7057 -0.6183 -0.3459
vn -0.7157 -0.6370 -0.2864
vn -0.7355 -0.6776 0.0002
vn -0.7353 -0.6778 -0.0002
vn -0.7033 -0.6203 0.3472
vn -0.7161 -0.6371 0.2853
vn -0.6271 -0.4639 0.6258
vn -0.6589 -0.5133 0.5499
vn -0.5523 -0.2423 0.7976
vn -0.5741 -0.3003 0.7617
vn -0.5239 0.0008 0.8518
vn -0.5238 -0.0004 0.8519
vn -0.5505 0.2430 0.7987
vn -0.5726 0.2994 0.7632
vn -0.6290 0.4626 0.6248
vn -0.6567 0.5133 0.5525
vn -0.7056 0.6184 0.3460
vn -0.7155 0.6371 0.2865
vn -0.7353 0.6777 -0.0002
vn -0.7352 0.6779 0.0003
vn -0.7033 0.6204 -0.3471
vn -0.7160 0.6372 -0.2852
vn -0.6270 0.4640 -0.6257
vn -0.6588 0.5134 -0.5499
vn -0.5523 0.2425 -0.7976
vn -0.5742 0.3004 -0.7616
vn 0.4177 0.2921 -0.8604
vn 0.3932 -0.0002 -0.9195
vn 0.3933 0.0001 -0.9194
vn 0.4214 0.3207 -0.8483
vn 0.4766 0.5607 -0.6771
vn 0.4838 0.5896 -0.6468
vn 0.5364 0.7559 -0.3754
vn 0.5400 0.7662 -0.3483
vn 0.5615 0.8275 0.0003
vn 0.5615 0.8274 0.0004
vn 0.5369 0.7553 0.3758
vn 0.5397 0.7659 0.3494
vn 0.4768 0.5601 0.6774
vn 0.4838 0.5885 0.6477
vn 0.4171 0.2920 0.8607
vn 0.4215 0.3198 0.8486
vn 0.3933 0.0001 0.9194
vn 0.3934 -0.0003 0.9194
vn 0.4177 -0.2922 0.8603
vn 0.4213 -0.3209 0.8482
vn 0.4765 -0.5608 0.6771
vn 0.4838 -0.5897 0.6467
vn 0.5362 -0.7561 0.3752
vn 0.5398 -0.7664 0.3482
vn 0.5613 -0.8276 -0.0003
vn 0.5614 -0.8275 -0.0003
vn 0.5367 -0.7554 -0.3759
vn 0.5396 -0.7660 -0.3493
vn 0.4765 -0.5602 -0.6775
vn 0.4836 -0.5887 -0.6478
vn 0.4168 -0.2920 -0.8608
vn 0.4213 -0.3199 -0.8486
vn -0.9567 -0.1790 -0.2296
vn -0.9575 -0.2554 -0.1340
vn -1.0000 0.0001 -0.0000
vn -0.9572 -0.0878 -0.2758
vn -0.9583 -0.2859 -0.0001
vn -0.9577 0.0002 -0.2879
vn -0.9575 -0.2556 0.1338
vn -0.9572 0.0882 -0.2758
vn -0.9567 -0.1792 0.2295
vn -0.9567 0.1793 -0.2294
vn -0.9572 -0.0880 0.2759
vn -0.9575 0.2557 -0.1337
vn -0.9576 -0.0000 0.2880
vn -0.9582 0.2860 0.0002
vn -0.9572 0.0879 0.2759
vn -0.9574 0.2556 0.1341
vn -0.9566 0.1791 0.2297
vn -0.0044 0.0004 1.0000
vn -0.0045 -0.3430 0.9393
vn -0.0045 -0.3429 0.9394
vn -0.0047 -0.6616 0.7499
vn -0.0047 -0.6617 0.7497
vn -0.0050 -0.9053 0.4247
vn -0.0050 -0.9054 0.4246
vn -0.0051 -1.0000 0.0005
vn -0.0050 -0.9057 -0.4238
vn -0.0050 -0.9058 -0.4237
vn -0.0047 -0.6623 -0.7492
vn -0.0047 -0.6624 -0.7491
vn -0.0045 -0.3437 -0.9391
vn -0.0045 -0.3438 -0.9390
vn -0.0044 -0.0004 -1.0000
vn -0.0045 0.3429 -0.9394
vn -0.0045 0.3430 -0.9393
vn -0.0047 0.6616 -0.7498
vn -0.0047 0.6617 -0.7497
vn -0.0050 0.9053 -0.4248
vn -0.0050 0.9054 -0.4246
vn -0.0051 1.0000 -0.0005
vn -0.0050 0.9057 0.4238
vn -0.0050 0.9058 0.4237
vn -0.0047 0.6623 0.7492
vn -0.0047 0.6624 0.7491
vn -0.0045 0.3437 0.9391
vn -0.0045 0.3438 0.9390
vn 0.0792 0.0004 0.9969
vn 0.0818 -0.3367 0.9381
vn 0.0793 0.0004 0.9969
vn 0.0819 -0.3410 0.9365
vn 0.0885 -0.6590 0.7469
vn 0.0882 -0.6538 0.7515
vn 0.0955 -0.9014 0.4222
vn 0.0953 -0.8992 0.4270
vn 0.0986 -0.9951 0.0006
vn 0.0954 -0.9019 -0.4213
vn 0.0954 -0.8997 -0.4260
vn 0.0883 -0.6597 -0.7463
vn 0.0883 -0.6545 -0.7509
vn 0.0817 -0.3418 -0.9362
vn 0.0817 -0.3375 -0.9378
vn 0.0792 -0.0004 -0.9969
vn 0.0817 0.3410 -0.9365
vn 0.0816 0.3367 -0.9381
vn 0.0882 0.6590 -0.7470
vn 0.0880 0.6538 -0.7515
vn 0.0952 0.9015 -0.4222
vn 0.0951 0.8992 -0.4270
vn 0.0983 0.9952 -0.0006
vn 0.0952 0.9019 0.4213
vn 0.0952 0.8997 0.4260
vn 0.0882 0.6597 0.7463
vn 0.0882 0.6545 0.7509
vn 0.0818 0.3418 0.9362
vn 0.0818 0.3375 0.9378
vn 0.5506 -0.2429 0.7987
vn 0.5240 -0.0007 0.8517
vn 0.5238 0.0005 0.8518
vn 0.5726 -0.2993 0.7632
vn 0.6290 -0.4625 0.6249
vn 0.6569 -0.5132 0.5524
vn 0.7057 -0.6183 0.3459
vn 0.7157 -0.6370 0.2864
vn 0.7355 -0.6776 -0.0002
vn 0.7353 -0.6778 0.0002
vn 0.7033 -0.6203 -0.3472
vn 0.7161 -0.6371 -0.2853
vn 0.6271 -0.4639 -0.6258
vn 0.6589 -0.5133 -0.5499
vn 0.5523 -0.2423 -0.7976
vn 0.5741 -0.3003 -0.7617
vn 0.5239 0.0008 -0.8518
vn 0.5238 -0.0004 -0.8519
vn 0.5505 0.2430 -0.7987
vn 0.5726 0.2994 -0.7632
vn 0.6290 0.4626 -0.6248
vn 0.6567 0.5133 -0.5525
vn 0.7056 0.6184 -0.3460
vn 0.7155 0.6371 -0.2865
vn 0.7353 0.6777 0.0002
vn 0.7352 0.6779 -0.0003
vn 0.7033 0.6204 0.3471
vn 0.7160 0.6372 0.2852
vn 0.6270 0.4640 0.6257
vn 0.6588 0.5134 0.5499
vn 0.5523 0.2425 0.7976
vn 0.5742 0.3004 0.7616
vn -0.4177 0.2921 0.8604
vn -0.3932 -0.0002 0.9195
vn -0.3933 0.0001 0.9194
vn -0.4214 0.3207 0.8483
vn -0.4766 0.5607 0.6771
vn -0.4838 0.5896 0.6468
vn -0.5364 0.7559 0.3754
vn -0.5400 0.7662 0.3483
vn -0.5615 0.8275 -0.0003
vn -0.5616 0.8274 -0.0004
vn -0.5369 0.7553 -0.3758
vn -0.5397 0.7659 -0.3494
vn -0.4768 0.5601 -0.6774
vn -0.4838 0.5885 -0.6477
vn -0.4171 0.2920 -0.8607
vn -0.4215 0.3198 -0.8486
vn -0.3933 0.0001 -0.9194
vn -0.3934 -0.0003 -0.9194
vn -0.4177 -0.2922 -0.8603
vn -0.4213 -0.3209 -0.8482
vn -0.4765 -0.5608 -0.6771
vn -0.4838 -0.5897 -0.6467
vn -0.5362 -0.7561 -0.3752
vn -0.5398 -0.7664 -0.3482
vn -0.5613 -0.8276 0.0003
vn -0.5614 -0.8276 0.0003
vn -0.5367 -0.7554 0.3759
vn -0.5396 -0.7660 0.3493
vn -0.4765 -0.5602 0.6775
vn -0.4836 -0.5887 0.6478
vn -0.4168 -0.2920 0.8608
vn -0.4213 -0.3199 0.8486
vn 0.9567 -0.1790 0.2296
vn 0.9575 -0.2554 0.1340
vn 1.0000 0.0001 -0.0000
vn 0.9572 -0.0878 0.2758
vn 0.9583 -0.2859 0.0001
vn 0.9577 0.0002 0.2879
vn 0.9575 -0.2556 -0.1338
vn 0.9572 0.0881 0.2758
vn 0.9567 -0.1792 -0.2295
vn 0.9567 0.1793 0.2294
vn 0.9572 -0.0880 -0.2759
vn 0.9575 0.2557 0.1337
vn 0.9576 -0.0000 -0.2880
vn 0.9582 0.2860 -0.0002
vn 0.9572 0.0879 -0.2759
vn 0.9574 0.2556 -0.1341
vn 0.9566 0.1791 -0.2297
vn -0.0005 -0.0110 -0.9999
vn 0.4870 -0.0000 -0.8734
vn -0.0004 -0.0000 -1.0000
vn 0.4872 -0.0104 -0.8732
vn 0.8047 -0.0000 -0.5936
vn 0.8049 -0.0092 -0.5934
vn 0.9567 -0.0000 -0.2912
vn 0.9567 -0.0082 -0.2910
vn 1.0000 -0.0000 -0.0004
vn 1.0000 -0.0079 -0.0004
vn 0.9569 -0.0000 0.2904
vn 0.9569 -0.0082 0.2903
vn 0.8053 -0.0000 0.5929
vn 0.8054 -0.0091 0.5926
vn 0.4881 -0.0000 0.8728
vn 0.4883 -0.0104 0.8726
vn 0.0009 -0.0000 1.0000
vn 0.0007 -0.0110 0.9999
vn -0.4868 -0.0000 0.8735
vn -0.4871 -0.0103 0.8733
vn -0.8047 -0.0000 0.5937
vn -0.8048 -0.0090 0.5934
vn -0.9567 -0.0000 0.2912
vn -0.9567 -0.0082 0.2910
vn -1.0000 -0.0000 0.0003
vn -1.0000 -0.0079 0.0003
vn -0.9569 -0.0000 -0.2905
vn -0.9569 -0.0082 -0.2903
vn -0.8052 -0.0000 -0.5931
vn -0.8054 -0.0091 -0.5927
vn -0.4878 -0.0000 -0.8730
vn -0.4881 -0.0103 -0.8727
vn -0.9519 0.0475 -0.3028
vn -1.0000 0.0023 -0.0003
vn -1.0000 0.0019 -0.0000
vn -1.0000 0.0020 -0.0001
vn -0.7190 0.0582 -0.6925
vn -0.7190 0.0587 -0.6926
vn -0.7189 0.0576 -0.6927
vn 0.0001 0.9381 -0.3462
vn -0.9602 -0.0077 0.2791
vn -0.9519 0.0475 0.3028
vn -0.7190 0.0587 0.6925
vn -0.7187 0.0586 0.6929
vn -0.7187 0.0587 0.6929
vn -0.7189 0.0590 0.6926
vn -0.0000 0.9381 0.3463
vn 0.9518 0.0475 -0.3031
vn 0.9519 0.0475 -0.3028
vn 0.9968 0.0077 -0.0792
vn 1.0000 0.0024 -0.0001
vn 1.0000 0.0020 -0.0002
vn 1.0000 0.0019 -0.0016
vn 1.0000 0.0020 0.0001
vn 1.0000 0.0023 0.0001
vn 0.7187 0.0582 -0.6928
vn 0.7187 0.0587 -0.6928
vn 0.7188 0.0576 -0.6928
vn -0.0001 0.9381 -0.3462
vn 0.9644 -0.0021 0.2645
vn 0.9602 -0.0077 0.2791
vn 0.9519 0.0475 0.3028
vn 0.9968 0.0077 0.0793
vn 0.9968 0.0077 0.0792
vn -0.0036 0.9207 0.3902
vn -0.0000 0.9207 0.3902
vn -0.0001 0.7410 -0.6716
vn -0.0000 0.7410 -0.6716
vn 0.0001 0.7410 0.6715
vn -0.0000 0.7410 0.6715
vn -0.0000 0.7410 -0.6715
vn 0.0013 0.7410 -0.6716
vn 0.9725 0.0380 0.2298
vn 0.9679 0.0196 0.2504
vn 0.9676 0.0173 0.2519
vn 0.9571 0.0003 0.2898
vn 0.9545 0.0118 0.2980
vn 0.9517 0.0377 0.3047
vn 0.9517 0.0335 0.3053
vn 0.9517 0.0475 0.3032
vn 0.9968 0.0077 0.0790
vn 1.0000 0.0021 -0.0001
vn 1.0000 0.0019 0.0001
vn 1.0000 0.0021 0.0001
vn 1.0000 0.0023 -0.0001
vn 0.7187 0.0586 0.6928
vn -0.0001 0.9382 0.3461
vn 0.9819 0.0527 -0.1818
vn 0.9602 -0.0077 -0.2791
vn 0.9571 0.0004 -0.2899
vn 0.9517 0.0475 -0.3032
vn 0.9968 0.0077 -0.0790
vn 0.7188 0.0586 -0.6927
vn 0.7188 0.0587 -0.6927
vn 0.7188 0.0590 -0.6928
vn -0.0000 0.9382 -0.3462
vn -0.9571 0.0003 0.2898
vn -0.9545 0.0118 0.2980
vn -0.9968 0.0077 0.0792
vn -1.0000 0.0024 0.0001
vn -1.0000 0.0021 -0.0000
vn -1.0000 0.0019 0.0072
vn -1.0000 0.0021 0.0003
vn -1.0000 0.0023 -0.0001
vn -0.7190 0.0586 0.6926
vn -0.7188 0.0586 0.6928
vn -0.7189 0.0587 0.6926
vn -0.9725 0.0380 -0.2297
vn -0.9679 0.0196 -0.2505
vn -0.9676 0.0174 -0.2519
vn -0.9602 -0.0077 -0.2791
vn -0.9570 0.0004 -0.2900
vn -0.9517 0.0378 -0.3046
vn -0.9518 0.0475 -0.3031
vn -0.9968 0.0077 -0.0792
vn -0.7189 0.0587 -0.6926
vn -0.7189 0.0589 -0.6927
vn -0.7188 0.0586 -0.6927
vn -0.7188 0.0587 -0.6927
vn -0.1362 -0.1368 0.9812
vn 0.1362 -0.1368 0.9812
vn -0.0000 -0.1945 0.9809
vn -1.0000 -0.0002 -0.0000
vn -1.0000 -0.0026 -0.0000
vn -1.0000 -0.0003 -0.0000
vn -0.6010 -0.0587 -0.7971
vn -0.6001 -0.1961 -0.7755
vn -0.6001 -0.1962 -0.7755
vn -0.5307 0.5134 0.6744
vn -0.5307 0.5134 -0.6744
vn -0.6001 -0.1961 0.7755
vn -0.6010 -0.0587 0.7971
vn -0.6009 -0.0587 0.7971
vn -0.5842 -0.0041 0.8116
vn -0.5843 -0.0042 -0.8115
vn -0.5842 -0.0041 -0.8116
vn -0.9872 0.1576 -0.0240
vn -0.9875 0.1577 -0.0000
vn -0.9872 0.1576 0.0240
vn -0.3228 0.8387 0.4386
vn -0.3232 0.8388 0.4382
vn -0.3228 0.8387 0.4387
vn -0.3228 0.8387 -0.4386
vn -0.5083 0.8612 -0.0000
vn -0.5083 0.8612 -0.0071
vn -0.5082 0.8612 -0.0071
vn -0.5083 0.8612 0.0071
vn -0.0000 -0.4033 -0.9151
vn -0.0000 -0.2624 -0.9650
vn -0.8623 -0.2585 -0.4354
vn -0.8623 -0.2585 -0.4355
vn -0.7596 -0.1688 -0.6281
vn -0.7153 0.3213 -0.6205
vn -0.8065 0.2286 -0.5453
vn -0.8064 0.2286 -0.5453
vn -0.0000 0.2586 -0.9660
vn -0.0000 0.7032 -0.7109
vn -0.0000 1.0000 -0.0000
vn -0.9781 0.1990 -0.0608
vn -0.9799 0.1995 -0.0000
vn -0.9799 0.1993 -0.0000
vn -0.9781 0.1990 0.0607
vn -0.9781 0.1990 0.0608
vn -0.9699 -0.2435 -0.0000
vn -0.0000 -1.0000 -0.0000
vn -0.0000 -0.4033 0.9151
vn -0.0000 -0.2624 0.9649
vn -0.8623 -0.2585 0.4355
vn -0.7596 -0.1688 0.6281
vn -0.7153 0.3213 0.6205
vn -0.8064 0.2286 0.5453
vn -0.8065 0.2286 0.5453
vn -0.0000 0.2586 0.9660
vn -0.0000 0.7032 0.7110
vn -0.0007 -0.3043 0.9526
vn -0.4983 -0.2743 0.8225
vn -0.0007 -0.3042 0.9526
vn -0.4690 -0.2778 0.8383
vn -0.8057 -0.2197 0.5500
vn -0.7862 -0.2242 0.5759
vn -0.9464 -0.1810 0.2674
vn -0.9414 -0.1825 0.2836
vn -0.9858 -0.1678 -0.0007
vn -0.9858 -0.1678 -0.0006
vn -0.9462 -0.1810 -0.2681
vn -0.9412 -0.1826 -0.2844
vn -0.8052 -0.2197 -0.5508
vn -0.7856 -0.2243 -0.5766
vn -0.4973 -0.2742 -0.8231
vn -0.4680 -0.2778 -0.8389
vn 0.0004 -0.3041 -0.9526
vn 0.4982 -0.2742 -0.8226
vn 0.4689 -0.2777 -0.8385
vn 0.8057 -0.2198 -0.5501
vn 0.7861 -0.2243 -0.5760
vn 0.9464 -0.1811 -0.2674
vn 0.9414 -0.1826 -0.2837
vn 0.9858 -0.1681 0.0002
vn 0.9858 -0.1682 0.0002
vn 0.9462 -0.1812 0.2680
vn 0.9411 -0.1828 0.2844
vn 0.8052 -0.2200 0.5507
vn 0.7855 -0.2245 0.5766
vn 0.4972 -0.2745 0.8231
vn 0.4678 -0.2780 0.8390
vn -0.0007 0.0491 0.9988
vn 0.4979 0.0471 0.8660
vn -0.0008 0.0494 0.9988
vn 0.4986 0.0470 0.8656
vn 0.8129 0.0434 0.5808
vn 0.8135 0.0430 0.5799
vn 0.9584 0.0406 0.2824
vn 0.9586 0.0405 0.2818
vn 0.9992 0.0393 0.0002
vn 0.9586 0.0406 -0.2818
vn 0.9588 0.0408 -0.2813
vn 0.8133 0.0433 -0.5802
vn 0.8139 0.0436 -0.5794
vn 0.4989 0.0474 -0.8654
vn 0.4998 0.0480 -0.8648
vn 0.0009 0.0498 -0.9988
vn 0.0008 0.0498 -0.9988
vn -0.4979 0.0477 -0.8659
vn -0.4986 0.0477 -0.8655
vn -0.8127 0.0446 -0.5809
vn -0.8135 0.0438 -0.5799
vn -0.9584 0.0414 -0.2824
vn -0.9586 0.0412 -0.2818
vn -0.9992 0.0400 -0.0002
vn -0.9586 0.0411 0.2818
vn -0.9588 0.0413 0.2812
vn -0.8133 0.0435 0.5803
vn -0.8140 0.0443 0.5791
vn -0.4988 0.0473 0.8654
vn -0.4996 0.0475 0.8649
vn -0.0005 -0.4987 0.8668
vn -0.4914 -0.4969 0.7153
vn -0.4589 -0.4918 0.7399
vn -0.7323 -0.4718 0.4910
vn -0.6979 -0.4833 0.5285
vn -0.8773 -0.4137 0.2433
vn -0.8675 -0.4179 0.2700
vn -0.9365 -0.3498 0.0236
vn -0.9366 -0.3497 0.0235
vn -0.9283 -0.2868 -0.2369
vn -0.9232 -0.2835 -0.2596
vn -0.7899 -0.2884 -0.5412
vn -0.7664 -0.2948 -0.5707
vn -0.4829 -0.3514 -0.8021
vn -0.4504 -0.3563 -0.8187
vn 0.0006 -0.3850 -0.9229
vn 0.0005 -0.3850 -0.9229
vn 0.4839 -0.3515 -0.8014
vn 0.4514 -0.3557 -0.8184
vn 0.7904 -0.2885 -0.5404
vn 0.7669 -0.2948 -0.5700
vn 0.9336 -0.2425 -0.2638
vn 0.9273 -0.2446 -0.2832
vn 0.9740 -0.2266 0.0003
vn 0.9740 -0.2263 0.0005
vn 0.9123 -0.2926 0.2864
vn 0.9013 -0.3027 0.3100
vn 0.7298 -0.4295 0.5319
vn 0.6961 -0.4521 0.5578
vn 0.4902 -0.4977 0.7155
vn 0.4580 -0.4927 0.7400
vn -0.0005 0.2826 0.9592
vn -0.0006 0.2825 0.9593
vn -0.5098 0.2601 0.8200
vn -0.4865 0.2624 0.8334
vn -0.7971 0.2264 0.5598
vn -0.8117 0.2244 0.5392
vn -0.9441 0.2030 0.2596
vn -0.9404 0.2036 0.2724
vn -0.9805 0.1967 -0.0003
vn -0.9402 0.2036 -0.2731
vn -0.9440 0.2030 -0.2602
vn -0.7965 0.2265 -0.5607
vn -0.8113 0.2245 -0.5399
vn -0.5088 0.2602 -0.8206
vn -0.4855 0.2625 -0.8339
vn 0.0008 0.2826 -0.9592
vn 0.0007 0.2826 -0.9592
vn 0.5100 0.2600 -0.8200
vn 0.4867 0.2622 -0.8333
vn 0.7971 0.2262 -0.5599
vn 0.8118 0.2242 -0.5392
vn 0.9442 0.2028 -0.2597
vn 0.9405 0.2033 -0.2723
vn 0.9805 0.1965 0.0003
vn 0.9805 0.1964 0.0003
vn 0.9439 0.2028 0.2605
vn 0.9403 0.2033 0.2731
vn 0.7966 0.2262 0.5606
vn 0.8113 0.2242 0.5399
vn 0.5090 0.2604 0.8204
vn 0.4856 0.2623 0.8339
vn -0.0006 0.6307 0.7760
vn 0.4194 0.5982 0.6828
vn -0.0009 0.6306 0.7761
vn 0.3824 0.6037 0.6996
vn 0.7002 0.5361 0.4715
vn 0.6715 0.5440 0.5032
vn 0.8399 0.4895 0.2343
vn 0.8320 0.4921 0.2561
vn 0.8809 0.4732 0.0001
vn 0.8810 0.4732 0.0002
vn 0.8402 0.4893 -0.2336
vn 0.8319 0.4925 -0.2556
vn 0.7008 0.5358 -0.4709
vn 0.6721 0.5439 -0.5025
vn 0.4203 0.5981 -0.6824
vn 0.3833 0.6036 -0.6991
vn 0.0005 0.6306 -0.7761
vn 0.0008 0.6307 -0.7760
vn -0.4193 0.5983 -0.6828
vn -0.3822 0.6038 -0.6996
vn -0.7002 0.5361 -0.4715
vn -0.6715 0.5440 -0.5031
vn -0.8397 0.4898 -0.2345
vn -0.8320 0.4922 -0.2561
vn -0.8809 0.4733 -0.0001
vn -0.8809 0.4733 -0.0002
vn -0.8402 0.4893 0.2338
vn -0.8319 0.4926 0.2557
vn -0.7007 0.5359 0.4710
vn -0.6720 0.5440 0.5025
vn -0.4203 0.5981 0.6824
vn -0.3831 0.6036 0.6992
vn -0.0001 0.9205 0.3906
vn 0.2453 0.9003 0.3597
vn -0.0002 0.9205 0.3906
vn 0.2024 0.9068 0.3699
vn 0.4473 0.8524 0.2709
vn 0.3986 0.8666 0.3002
vn 0.5721 0.8078 0.1421
vn 0.5518 0.8159 0.1727
vn 0.6117 0.7911 0.0002
vn 0.6118 0.7911 0.0002
vn 0.5723 0.8077 -0.1418
vn 0.5519 0.8159 -0.1723
vn 0.4477 0.8523 -0.2705
vn 0.3990 0.8665 -0.2998
vn 0.2458 0.9002 -0.3595
vn 0.2029 0.9067 -0.3697
vn 0.0005 0.9206 -0.3905
vn 0.0004 0.9206 -0.3905
vn -0.2450 0.9004 -0.3596
vn -0.2021 0.9068 -0.3698
vn -0.4470 0.8526 -0.2708
vn -0.3983 0.8668 -0.3001
vn -0.5718 0.8080 -0.1421
vn -0.5515 0.8161 -0.1726
vn -0.6114 0.7913 -0.0001
vn -0.6115 0.7913 -0.0002
vn -0.5720 0.8079 0.1418
vn -0.5517 0.8161 0.1723
vn -0.4475 0.8524 0.2705
vn -0.3988 0.8666 0.2998
vn -0.2456 0.9002 0.3595
vn -0.2026 0.9067 0.3698
vn 0.2823 0.8542 0.4366
vn -0.0003 0.8770 0.4804
vn 0.2636 0.8571 0.4425
vn 0.5334 0.7619 0.3673
vn 0.5241 0.7673 0.3696
vn 0.7604 0.6063 0.2326
vn 0.7704 0.5976 0.2222
vn 0.8640 0.5035 0.0003
vn 0.8640 0.5036 0.0003
vn 0.8162 0.5300 -0.2299
vn 0.8197 0.5282 -0.2215
vn 0.6642 0.5945 -0.4532
vn 0.6724 0.5917 -0.4448
vn 0.3908 0.6654 -0.6360
vn 0.3854 0.6663 -0.6383
vn 0.0005 0.6998 -0.7143
vn 0.0006 0.6998 -0.7143
vn -0.3899 0.6656 -0.6364
vn -0.3843 0.6666 -0.6388
vn -0.6283 0.6609 -0.4104
vn -0.6320 0.6625 -0.4019
vn -0.6855 0.7086 -0.1671
vn -0.6858 0.7069 -0.1735
vn -0.6826 0.7308 -0.0002
vn -0.6827 0.7307 -0.0002
vn -0.6373 0.7517 0.1700
vn -0.6350 0.7527 0.1741
vn -0.5022 0.8021 0.3232
vn -0.4925 0.8051 0.3306
vn -0.2829 0.8541 0.4365
vn -0.2641 0.8571 0.4424
vn -0.0009 0.0303 0.9995
vn -0.0008 0.0304 0.9995
vn -0.5060 0.0255 0.8621
vn -0.4033 0.0274 0.9147
vn -0.8262 0.0152 0.5632
vn -0.7864 0.0170 0.6175
vn -0.9649 0.0031 0.2627
vn -0.9570 0.0044 0.2900
vn -1.0000 -0.0034 -0.0003
vn -0.9648 0.0036 -0.2629
vn -0.9568 0.0045 -0.2907
vn -0.8257 0.0154 -0.5640
vn -0.7857 0.0172 -0.6183
vn -0.5049 0.0257 -0.8628
vn -0.4020 0.0276 -0.9152
vn 0.0007 0.0305 -0.9995
vn 0.0009 0.0305 -0.9995
vn 0.5061 0.0255 -0.8621
vn 0.4032 0.0275 -0.9147
vn 0.8263 0.0150 -0.5631
vn 0.7864 0.0169 -0.6175
vn 0.9649 0.0027 -0.2626
vn 0.9570 0.0040 -0.2899
vn 1.0000 -0.0039 0.0003
vn 0.9648 0.0030 0.2629
vn 0.9569 0.0041 0.2905
vn 0.8257 0.0150 0.5639
vn 0.7858 0.0168 0.6182
vn 0.5050 0.0254 0.8627
vn 0.4021 0.0273 0.9152
vn -0.4083 0.3913 0.8247
vn 0.4083 0.3913 0.8247
vn 0.4082 0.3913 0.8247
vn -0.9494 0.1328 0.2846
vn -0.9494 0.1328 0.2845
vn 0.9494 0.1328 0.2846
vn 0.9494 0.1327 0.2845
vn 0.9494 0.1328 0.2845
vn -0.9900 -0.0124 0.1405
vn -0.9900 -0.0124 0.1404
vn 0.2700 0.6145 0.7412
vn 0.2700 0.6146 0.7412
vn -0.2700 0.6146 0.7412
vn 0.3884 0.6986 0.6010
vn 0.3883 0.6986 0.6010
vn -0.3884 0.6986 0.6010
vn -0.3883 0.6986 0.6010
vn -0.9753 0.1659 0.1460
vn 0.9443 0.0099 0.3291
vn 0.9442 0.0099 0.3291
vn -0.9443 0.0099 0.3291
vn -0.9442 0.0099 0.3292
vn -0.9442 0.0099 0.3291
vn 0.2546 0.0072 0.9670
vn -0.2546 0.0072 0.9670
vn -0.9344 0.0754 0.3482
vn -0.9344 0.0755 0.3482
vn 0.9344 0.0754 0.3482
vn 0.9917 0.0381 0.1225
vn -0.3113 0.6358 0.7063
vn -0.9917 0.0381 0.1225
vn 0.3113 0.6358 0.7063
vn 0.9753 0.1659 0.1460
vn 0.9900 -0.0125 0.1405
vn 0.9900 -0.0123 0.1404
vn 0.9900 -0.0124 0.1405
vn -0.0000 -0.4133 -0.9106
vn 0.9376 -0.1236 -0.3249
vn -0.9376 -0.1236 -0.3249
vn -0.9377 -0.1236 -0.3249
vn -0.2880 0.2510 -0.9241
vn -0.4163 0.1138 -0.9021
vn -0.2880 0.2511 -0.9241
vn -0.3942 0.1390 -0.9085
vn -0.5098 -0.0008 -0.8603
vn -0.6348 -0.7710 -0.0503
vn -0.6347 -0.7711 -0.0502
vn 0.6500 -0.5964 -0.4710
vn -0.0000 -0.0150 -0.9999
vn 0.3942 0.1390 -0.9085
vn 0.2880 0.2510 -0.9241
vn 0.4163 0.1138 -0.9021
vn 0.5098 -0.0008 -0.8603
vn 0.6436 -0.7266 -0.2404
vn 0.6480 -0.3340 -0.6845
vn 0.6479 -0.3340 -0.6845
vn 0.6479 -0.3340 -0.6846
vn -0.6479 -0.3340 -0.6845
vn -0.6480 -0.3340 -0.6845
vn 0.6348 -0.7710 -0.0504
vn 0.6349 -0.7710 -0.0503
vn -0.0000 -0.1453 -0.9894
vn -0.6268 -0.7432 -0.2339
vn -0.6268 -0.7433 -0.2339
vn -0.0000 -0.9988 -0.0492
vn -0.0000 -0.4354 -0.9003
vn -0.0293 -0.7799 -0.6252
vn -0.0242 -0.9462 -0.3226
vn -0.6325 -0.6066 -0.4817
vn -0.6324 -0.6066 -0.4817
vn -0.6325 -0.6066 -0.4816
vn 0.7406 -0.6720 -0.0000
vn -0.0766 -0.7013 0.7087
vn -0.1439 -0.7021 0.6974
vn -0.1438 -0.7021 0.6974
vn 0.0006 -0.7085 0.7057
vn 0.0765 -0.7017 0.7084
vn 0.1443 -0.7027 0.6967
vn 0.7005 -0.4219 0.5756
vn 0.7005 -0.4218 0.5756
vn -0.6992 -0.4176 0.5804
vn -0.6991 -0.4176 0.5804
vn -0.0001 -0.4165 0.9091
vn -0.0000 -0.4165 0.9091
vn -0.0000 -0.4165 0.9092
vn -0.8956 0.0479 0.4422
vn -0.8956 0.0480 0.4422
vn 0.6399 -0.5936 -0.4881
vn 0.2208 -0.9036 -0.3671
vn 0.1124 -0.9285 -0.3538
vn 0.2208 -0.9036 -0.3670
vn 0.1097 -0.9290 -0.3534
vn -0.1098 -0.9292 -0.3528
vn -0.2212 -0.9040 -0.3658
vn -0.1128 -0.9287 -0.3532
vn -0.1098 -0.9293 -0.3528
vn -0.2212 -0.9041 -0.3657
vn -0.6412 -0.5946 -0.4851
vn 0.7450 0.6671 -0.0000
vn -0.7047 0.3878 0.5941
vn -0.0003 0.0643 0.9979
vn -0.0054 0.0551 0.9985
vn -0.0065 0.0524 0.9986
vn 0.0052 0.0542 0.9985
vn 0.0064 0.0512 0.9987
vn 0.6817 0.4239 0.5963
vn -0.2849 -0.9585 -0.0000
vn -0.1386 -0.9903 -0.0000
vn 0.1386 -0.9904 -0.0000
vn 0.2849 -0.9586 -0.0000
vn 0.8956 0.0475 0.4423
vn -0.0767 -0.7013 -0.7087
vn -0.1438 -0.7021 -0.6974
vn -0.1439 -0.7021 -0.6974
vn 0.0006 -0.7085 -0.7057
vn -0.0766 -0.7013 -0.7087
vn 0.0765 -0.7017 -0.7084
vn 0.1443 -0.7027 -0.6967
vn 0.7005 -0.4219 -0.5756
vn 0.7005 -0.4218 -0.5756
vn -0.6992 -0.4175 -0.5804
vn -0.6991 -0.4175 -0.5804
vn 0.6399 -0.5936 0.4881
vn 0.2208 -0.9036 0.3671
vn 0.1124 -0.9285 0.3538
vn 0.1097 -0.9290 0.3534
vn -0.1097 -0.9293 0.3528
vn -0.1128 -0.9287 0.3532
vn -0.2212 -0.9041 0.3657
vn -0.6412 -0.5946 0.4851
vn -0.7450 0.6671 -0.0000
vn 0.0710 0.7220 -0.6882
vn 0.1335 0.7252 -0.6754
vn 0.1335 0.7252 -0.6755
vn -0.0001 0.7306 -0.6828
vn -0.0704 0.7225 -0.6878
vn -0.1331 0.7262 -0.6745
vn -0.7216 0.4298 -0.5428
vn -0.7216 0.4297 -0.5428
vn 0.7202 0.4251 -0.5483
vn -0.0001 0.4179 -0.9085
vn -0.0000 0.4179 -0.9085
vn 0.9112 -0.0935 -0.4013
vn -0.7288 0.6602 -0.1815
vn -0.3023 0.9161 -0.2632
vn -0.3023 0.9162 -0.2632
vn -0.1523 0.9514 -0.2678
vn -0.1538 0.9511 -0.2678
vn 0.1534 0.9510 -0.2683
vn 0.1528 0.9511 -0.2683
vn 0.3023 0.9158 -0.2643
vn 0.3024 0.9158 -0.2643
vn 0.7284 0.6599 -0.1844
vn 0.6763 0.7366 -0.0000
vn 0.6795 -0.4521 -0.5778
vn -0.0003 -0.0627 -0.9980
vn -0.0067 -0.0786 -0.9969
vn -0.0058 -0.0757 -0.9971
vn 0.0056 -0.0765 -0.9971
vn 0.0066 -0.0795 -0.9968
vn -0.6533 -0.4879 -0.5789
vn -0.6533 -0.4880 -0.5789
vn 0.2807 0.9598 -0.0000
vn 0.1363 0.9907 -0.0000
vn -0.1363 0.9907 -0.0000
vn -0.2807 0.9598 -0.0000
vn -0.9112 -0.0939 -0.4011
vn 0.0710 0.7220 0.6882
vn 0.1335 0.7252 0.6754
vn -0.0001 0.7306 0.6828
vn 0.1335 0.7252 0.6755
vn -0.0704 0.7225 0.6878
vn -0.1331 0.7262 0.6745
vn -0.7216 0.4297 0.5428
vn -0.7216 0.4298 0.5428
vn 0.7202 0.4250 0.5483
vn 0.7202 0.4251 0.5483
vn -0.7288 0.6602 0.1815
vn -0.3023 0.9162 0.2632
vn -0.1523 0.9514 0.2678
vn -0.3023 0.9161 0.2632
vn -0.1538 0.9511 0.2678
vn 0.1534 0.9510 0.2683
vn 0.1528 0.9511 0.2683
vn 0.3024 0.9158 0.2643
vn 0.7284 0.6599 0.1845
vn 0.7284 0.6599 0.1844
vn 0.6843 0.7268 0.0590
vn -0.6835 0.7274 0.0616
vn -0.6834 0.7274 0.0616
vn -0.6763 0.7366 -0.0000
vn 0.3932 0.6537 -0.6466
vn -0.4053 0.6401 -0.6527
vn -0.2582 0.5518 -0.7930
vn 0.2554 0.5514 -0.7942
vn 0.2555 0.5514 -0.7942
vn 0.6343 0.7054 -0.3164
vn -0.6346 0.7081 -0.3096
vn 0.6843 0.7268 -0.0589
vn 0.6843 0.7268 -0.0590
vn -0.6834 0.7274 -0.0616
vn -0.6835 0.7274 -0.0616
vn 0.6343 0.7054 0.3164
vn -0.6346 0.7081 0.3097
vn -0.6346 0.7081 0.3096
vn -0.7406 -0.6720 -0.0000
vn -0.6201 -0.0616 0.7821
vn 0.3930 0.9073 0.1497
vn -0.0000 0.9879 0.1549
vn 0.4138 0.8994 0.1410
vn -0.0000 0.9868 0.1617
vn 0.3757 0.9134 0.1568
vn -0.4138 0.8994 0.1410
vn -0.0000 0.9856 0.1693
vn -0.3931 0.9072 0.1497
vn -0.3757 0.9134 0.1568
vn 0.9969 0.0785 -0.0021
vn 0.9913 0.1313 0.0089
vn 0.9913 0.1314 0.0089
vn 0.9971 0.0762 -0.0026
vn 0.9995 0.0240 -0.0187
vn 0.9995 0.0283 -0.0145
vn 0.9995 0.0194 -0.0232
vn -0.9995 0.0240 -0.0187
vn -0.9995 0.0283 -0.0145
vn -0.9995 0.0194 -0.0232
vn -0.9969 0.0785 -0.0021
vn -0.9971 0.0762 -0.0026
vn -0.9913 0.1313 0.0089
vn -0.9913 0.1314 0.0089
vn 0.5784 -0.8117 -0.0811
vn 0.6731 -0.5897 0.4463
vn 0.6141 -0.7558 0.2274
vn 0.6140 -0.7558 0.2274
vn 0.9546 0.2951 0.0405
vn 0.9546 0.2952 0.0405
vn -0.0000 0.2912 0.9567
vn -0.3153 0.3135 0.8957
vn -0.1391 0.2539 0.9572
vn 0.1391 0.2539 0.9572
vn 0.3153 0.3135 0.8957
vn 0.3877 -0.5249 0.7578
vn 0.6201 -0.0616 0.7821
vn -0.3877 -0.5249 0.7578
vn -0.0000 0.9829 0.1839
vn -0.4321 0.8864 0.1658
vn 0.4322 0.8864 0.1658
vn 0.4321 0.8864 0.1659
vn -0.6141 -0.7558 0.2274
vn -0.6731 -0.5897 0.4463
vn -0.5784 -0.8117 -0.0811
vn -0.0000 -0.2383 0.9712
vn -0.5519 -0.8209 -0.1466
vn 0.5519 -0.8209 -0.1466
vn -0.9546 0.2951 0.0405
vn -0.9546 0.2952 0.0405
vn -0.5579 -0.1599 0.8143
vn -0.5579 -0.1599 0.8144
vn -0.5579 -0.1600 0.8144
vn 0.3415 -0.7276 0.5949
vn 0.3415 -0.7276 0.5950
vn -0.3415 -0.7276 0.5950
vn 0.5579 -0.1600 0.8144
vn 0.5579 -0.1599 0.8143
vn -0.0000 0.1826 0.9832
vn 0.4209 0.1657 0.8918
vn -0.4209 0.1657 0.8918
vn 1.0000 -0.0002 -0.0000
vn 1.0000 -0.0026 -0.0000
vn 1.0000 -0.0003 -0.0000
vn 0.6010 -0.0587 -0.7971
vn 0.6001 -0.1961 -0.7755
vn 0.6001 -0.1962 -0.7755
vn 0.5307 0.5134 0.6744
vn 0.5307 0.5134 -0.6744
vn 0.6001 -0.1961 0.7755
vn 0.6009 -0.0587 0.7971
vn 0.6009 -0.0587 0.7972
vn 0.5842 -0.0041 0.8116
vn 0.5842 -0.0041 -0.8116
vn 0.9872 0.1576 -0.0240
vn 0.9875 0.1577 -0.0000
vn 0.9872 0.1576 0.0240
vn 0.3228 0.8387 0.4386
vn 0.3228 0.8387 0.4387
vn 0.3228 0.8387 -0.4386
vn 0.5082 0.8612 -0.0000
vn 0.5082 0.8612 -0.0071
vn 0.5083 0.8612 0.0071
vn 0.8623 -0.2585 -0.4354
vn 0.8623 -0.2585 -0.4355
vn 0.7596 -0.1688 -0.6281
vn 0.7153 0.3213 -0.6205
vn 0.8065 0.2286 -0.5453
vn 0.8064 0.2286 -0.5453
vn 0.9781 0.1990 -0.0607
vn 0.9781 0.1990 -0.0608
vn 0.9799 0.1995 -0.0000
vn 0.9799 0.1993 -0.0000
vn 0.9781 0.1990 0.0607
vn 0.9781 0.1990 0.0608
vn 0.9699 -0.2435 -0.0000
vn 0.8623 -0.2585 0.4355
vn 0.8623 -0.2585 0.4354
vn 0.7596 -0.1688 0.6281
vn 0.7153 0.3213 0.6205
vn 0.8064 0.2286 0.5453
vn 0.8065 0.2286 0.5453
vn -0.0800 0.9854 -0.1500
vn -0.1534 0.9811 -0.1181
vn 0.0001 1.0000 -0.0000
vn 0.0002 0.9871 -0.1602
vn -0.2067 0.9762 -0.0657
vn 0.0804 0.9854 -0.1499
vn -0.2265 0.9740 -0.0000
vn 0.1538 0.9810 -0.1180
vn -0.2068 0.9762 0.0656
vn 0.2070 0.9761 -0.0655
vn -0.1536 0.9811 0.1180
vn 0.2267 0.9740 0.0001
vn -0.0802 0.9854 0.1500
vn 0.2069 0.9761 0.0658
vn -0.0000 0.9871 0.1603
vn 0.1536 0.9810 0.1181
vn 0.0802 0.9854 0.1500
vt 0.396756 0.365321
vt 0.397177 0.365883
vt 0.411561 0.384968
vt 0.395220 0.363282
vt 0.375153 0.336645
vt 0.388843 0.354822
vt 0.389268 0.355384
vt 0.397352 0.365878
vt 0.396927 0.365316
vt 0.411726 0.384963
vt 0.395391 0.363278
vt 0.375318 0.336640
vt 0.389018 0.354817
vt 0.389439 0.355379
vt 0.384706 0.257300
vt 0.384666 0.257971
vt 0.384771 0.257665
vt 0.384925 0.257964
vt 0.384956 0.257293
vt 0.385025 0.257658
vt 0.552143 0.395847
vt 0.547890 0.395336
vt 0.545456 0.395043
vt 0.548858 0.556430
vt 0.555916 0.557279
vt 0.544819 0.555944
vt 0.551285 0.396731
vt 0.547032 0.396219
vt 0.544599 0.395926
vt 0.548001 0.557313
vt 0.555059 0.558163
vt 0.543962 0.556828
vt 0.439246 0.335650
vt 0.440548 0.326264
vt 0.440392 0.326268
vt 0.440267 0.399272
vt 0.440387 0.398793
vt 0.440250 0.399273
vt 0.327989 0.370992
vt 0.327665 0.372487
vt 0.327940 0.370994
vt 0.327616 0.372488
vt 0.327999 0.394025
vt 0.327906 0.370995
vt 0.327950 0.394026
vt 0.328082 0.399390
vt 0.327582 0.372489
vt 0.327881 0.370995
vt 0.327917 0.394027
vt 0.328033 0.399391
vt 0.328633 0.400529
vt 0.328584 0.400530
vt 0.328000 0.399392
vt 0.328551 0.400531
vt 0.327975 0.399393
vt 0.328526 0.400532
vt 0.328743 0.400328
vt 0.327557 0.372489
vt 0.328103 0.371079
vt 0.327891 0.394028
vt 0.328192 0.399188
vt 0.328112 0.394024
vt 0.327779 0.372573
vt 0.328718 0.398108
vt 0.328655 0.394016
vt 0.328327 0.372901
vt 0.329468 0.399659
vt 0.328676 0.371292
vt 0.330038 0.400783
vt 0.331231 0.400279
vt 0.329067 0.369822
vt 0.329714 0.369937
vt 0.329820 0.400987
vt 0.368168 0.400191
vt 0.368159 0.399706
vt 0.408499 0.399079
vt 0.368176 0.400392
vt 0.329846 0.400987
vt 0.409711 0.399546
vt 0.410241 0.398405
vt 0.329879 0.400986
vt 0.368201 0.400391
vt 0.409944 0.399744
vt 0.410991 0.399051
vt 0.329928 0.400984
vt 0.368284 0.400389
vt 0.368235 0.400390
vt 0.411873 0.399712
vt 0.411824 0.399714
vt 0.409970 0.399743
vt 0.411506 0.397895
vt 0.410943 0.396831
vt 0.410888 0.399729
vt 0.411806 0.399714
vt 0.411385 0.399345
vt 0.412394 0.399164
vt 0.411765 0.398092
vt 0.411170 0.399183
vt 0.411224 0.399248
vt 0.411740 0.398093
vt 0.411536 0.384969
vt 0.411306 0.385032
vt 0.410762 0.385184
vt 0.397434 0.366619
vt 0.396991 0.366906
vt 0.397630 0.366500
vt 0.397622 0.366501
vt 0.397110 0.366323
vt 0.397523 0.366349
vt 0.396833 0.365794
vt 0.397066 0.366109
vt 0.397143 0.366219
vt 0.396690 0.366503
vt 0.382005 0.376629
vt 0.397135 0.366219
vt 0.381746 0.376199
vt 0.381270 0.376882
vt 0.396569 0.366336
vt 0.396577 0.366336
vt 0.396511 0.366244
vt 0.396325 0.365993
vt 0.381642 0.376020
vt 0.381214 0.376382
vt 0.396528 0.365387
vt 0.380621 0.376299
vt 0.380389 0.376759
vt 0.380179 0.375980
vt 0.379778 0.376318
vt 0.378646 0.374097
vt 0.378161 0.374332
vt 0.378443 0.373624
vt 0.377880 0.373677
vt 0.378021 0.372891
vt 0.378537 0.373095
vt 0.378517 0.372345
vt 0.378680 0.373601
vt 0.378851 0.374000
vt 0.380349 0.375840
vt 0.378897 0.372699
vt 0.393678 0.362509
vt 0.378755 0.373179
vt 0.380721 0.376108
vt 0.381194 0.376175
vt 0.381650 0.376020
vt 0.381202 0.376174
vt 0.380728 0.376108
vt 0.381581 0.375931
vt 0.381386 0.375686
vt 0.381393 0.376052
vt 0.381254 0.376142
vt 0.381059 0.375897
vt 0.380819 0.376052
vt 0.380356 0.375840
vt 0.381115 0.375353
vt 0.380739 0.375596
vt 0.380461 0.375775
vt 0.378858 0.374000
vt 0.378963 0.373935
vt 0.379241 0.373756
vt 0.378687 0.373601
vt 0.378778 0.373544
vt 0.379617 0.373513
vt 0.379018 0.373390
vt 0.379344 0.373179
vt 0.394645 0.363762
vt 0.396068 0.365651
vt 0.395072 0.363454
vt 0.378815 0.373146
vt 0.378954 0.373057
vt 0.379065 0.372846
vt 0.378763 0.373179
vt 0.379142 0.372935
vt 0.379058 0.372846
vt 0.394386 0.363420
vt 0.394765 0.363047
vt 0.393983 0.362911
vt 0.394194 0.363169
vt 0.394114 0.363078
vt 0.394794 0.362720
vt 0.394526 0.362734
vt 0.394121 0.363077
vt 0.394440 0.362625
vt 0.394438 0.362254
vt 0.390804 0.357422
vt 0.394432 0.362625
vt 0.394318 0.362104
vt 0.394312 0.362607
vt 0.394309 0.362104
vt 0.394121 0.362222
vt 0.391679 0.358601
vt 0.391670 0.358602
vt 0.391483 0.358721
vt 0.391040 0.359007
vt 0.391159 0.358424
vt 0.390739 0.358604
vt 0.375945 0.368800
vt 0.375686 0.368370
vt 0.375210 0.369053
vt 0.390618 0.358437
vt 0.391184 0.358320
vt 0.391192 0.358320
vt 0.390625 0.358437
vt 0.375582 0.368192
vt 0.375154 0.368553
vt 0.374561 0.368470
vt 0.374329 0.368930
vt 0.374119 0.368152
vt 0.373718 0.368490
vt 0.372586 0.366269
vt 0.372101 0.366503
vt 0.372383 0.365795
vt 0.371820 0.365849
vt 0.371961 0.365063
vt 0.372477 0.365266
vt 0.372457 0.364516
vt 0.372620 0.365773
vt 0.372791 0.366172
vt 0.374289 0.368011
vt 0.374661 0.368280
vt 0.372837 0.364871
vt 0.387726 0.354610
vt 0.372695 0.365350
vt 0.375134 0.368346
vt 0.375590 0.368192
vt 0.375142 0.368346
vt 0.374669 0.368280
vt 0.374296 0.368011
vt 0.372798 0.366171
vt 0.372627 0.365772
vt 0.374759 0.368223
vt 0.374401 0.367946
vt 0.372903 0.366106
vt 0.375194 0.368313
vt 0.372718 0.365716
vt 0.372703 0.365350
vt 0.372755 0.365317
vt 0.373005 0.365017
vt 0.372998 0.365017
vt 0.372894 0.365228
vt 0.372958 0.365562
vt 0.388032 0.355012
vt 0.388163 0.355179
vt 0.388170 0.354324
vt 0.374714 0.337338
vt 0.373180 0.365928
vt 0.373082 0.365107
vt 0.388361 0.354708
vt 0.375003 0.336848
vt 0.369433 0.337420
vt 0.388358 0.354205
vt 0.388480 0.354726
vt 0.388170 0.355179
vt 0.388243 0.355270
vt 0.388488 0.354726
vt 0.373284 0.365351
vt 0.388435 0.355521
vt 0.388575 0.354835
vt 0.388366 0.354205
vt 0.375127 0.336645
vt 0.369008 0.336740
vt 0.388486 0.354355
vt 0.388814 0.355148
vt 0.369034 0.336739
vt 0.388694 0.355863
vt 0.389121 0.355555
vt 0.390576 0.357488
vt 0.373557 0.365684
vt 0.390117 0.357752
vt 0.374679 0.367768
vt 0.375055 0.367524
vt 0.375000 0.368069
vt 0.390374 0.358095
vt 0.390882 0.357895
vt 0.375325 0.367858
vt 0.375333 0.368224
vt 0.375521 0.368102
vt 0.390560 0.358345
vt 0.391114 0.358210
vt 0.391572 0.358451
vt 0.391226 0.357984
vt 0.439098 0.326106
vt 0.431260 0.329996
vt 0.434768 0.325575
vt 0.424093 0.320923
vt 0.420441 0.327085
vt 0.415563 0.313553
vt 0.416575 0.330741
vt 0.407527 0.319128
vt 0.410015 0.304186
vt 0.399712 0.329345
vt 0.400357 0.306644
vt 0.407991 0.293738
vt 0.399958 0.290126
vt 0.409690 0.283232
vt 0.367678 0.249427
vt 0.367734 0.335612
vt 0.406225 0.271922
vt 0.414944 0.273697
vt 0.413115 0.264890
vt 0.440005 0.384526
vt 0.396837 0.249928
vt 0.397970 0.248851
vt 0.399102 0.247774
vt 0.396832 0.247904
vt 0.397522 0.246621
vt 0.396376 0.246193
vt 0.395910 0.247633
vt 0.394813 0.246217
vt 0.394413 0.247629
vt 0.392338 0.246255
vt 0.391901 0.247685
vt 0.395715 0.249027
vt 0.394591 0.248756
vt 0.367487 0.248028
vt 0.393275 0.248675
vt 0.390666 0.248782
vt 0.367422 0.247187
vt 0.367429 0.246437
vt 0.367469 0.245099
vt 0.366317 0.246172
vt 0.366291 0.247504
vt 0.366279 0.248267
vt 0.366526 0.248661
vt 0.366413 0.249802
vt 0.367204 0.335144
vt 0.365878 0.249724
vt 0.367222 0.335144
vt 0.365891 0.248973
vt 0.367271 0.335143
vt 0.365913 0.247642
vt 0.366947 0.336637
vt 0.366898 0.336638
vt 0.365983 0.337894
vt 0.365934 0.337896
vt 0.328952 0.369735
vt 0.366866 0.336635
vt 0.367328 0.336686
vt 0.365901 0.337896
vt 0.367360 0.337100
vt 0.328903 0.369736
vt 0.328870 0.369737
vt 0.328845 0.369738
vt 0.365876 0.337897
vt 0.367320 0.337053
vt 0.365963 0.338097
vt 0.366099 0.338652
vt 0.367636 0.337754
vt 0.367407 0.337253
vt 0.369096 0.336940
vt 0.414040 0.284398
vt 0.415763 0.276016
vt 0.416037 0.274376
vt 0.410965 0.283578
vt 0.415610 0.274112
vt 0.412541 0.293666
vt 0.410467 0.283444
vt 0.409326 0.293717
vt 0.408805 0.293725
vt 0.411279 0.303800
vt 0.414327 0.302884
vt 0.410786 0.303950
vt 0.416215 0.313118
vt 0.416634 0.312840
vt 0.419221 0.311148
vt 0.424563 0.320330
vt 0.424865 0.319953
vt 0.426746 0.317650
vt 0.435009 0.324885
vt 0.435165 0.324451
vt 0.436164 0.321754
vt 0.439107 0.325393
vt 0.439154 0.324941
vt 0.439809 0.322210
vt 0.440399 0.325549
vt 0.440440 0.325085
vt 0.440977 0.322357
vt 0.440580 0.325081
vt 0.440551 0.325545
vt 0.328038 0.370991
vt 0.327714 0.372485
vt 0.328071 0.370990
vt 0.328048 0.394023
vt 0.327747 0.372484
vt 0.328097 0.370989
vt 0.328132 0.399388
vt 0.328682 0.400528
vt 0.328082 0.394022
vt 0.328165 0.399387
vt 0.328716 0.400527
vt 0.328190 0.399387
vt 0.328741 0.400526
vt 0.328968 0.400321
vt 0.327773 0.372483
vt 0.328328 0.371073
vt 0.328107 0.394022
vt 0.328418 0.399182
vt 0.328337 0.394018
vt 0.328004 0.372567
vt 0.328947 0.398101
vt 0.328884 0.394009
vt 0.328556 0.372895
vt 0.329698 0.399652
vt 0.328905 0.371285
vt 0.330263 0.400777
vt 0.331460 0.400273
vt 0.329292 0.369816
vt 0.329943 0.369930
vt 0.330036 0.400981
vt 0.368393 0.400185
vt 0.368388 0.399699
vt 0.408728 0.399073
vt 0.330010 0.400982
vt 0.368392 0.400386
vt 0.409936 0.399540
vt 0.410471 0.398399
vt 0.329977 0.400983
vt 0.368366 0.400387
vt 0.410160 0.399738
vt 0.411216 0.399044
vt 0.368333 0.400388
vt 0.411922 0.399711
vt 0.410135 0.399738
vt 0.411731 0.397889
vt 0.411172 0.396825
vt 0.411037 0.399724
vt 0.411939 0.399710
vt 0.411543 0.399341
vt 0.412548 0.399160
vt 0.411930 0.398087
vt 0.411345 0.399178
vt 0.411440 0.399242
vt 0.411955 0.398087
vt 0.411751 0.384963
vt 0.411532 0.385025
vt 0.410991 0.385178
vt 0.397659 0.366613
vt 0.397220 0.366900
vt 0.397829 0.366495
vt 0.397837 0.366495
vt 0.397334 0.366317
vt 0.397709 0.366344
vt 0.397016 0.365789
vt 0.397256 0.366104
vt 0.397343 0.366213
vt 0.396915 0.366497
vt 0.382234 0.376622
vt 0.397351 0.366213
vt 0.381971 0.376192
vt 0.381499 0.376875
vt 0.396785 0.366330
vt 0.396777 0.366330
vt 0.396704 0.366239
vt 0.396512 0.365988
vt 0.381858 0.376014
vt 0.381439 0.376375
vt 0.396708 0.365382
vt 0.380846 0.376293
vt 0.380618 0.376752
vt 0.380404 0.375974
vt 0.380007 0.376312
vt 0.378871 0.374091
vt 0.378390 0.374326
vt 0.378668 0.373617
vt 0.378109 0.373671
vt 0.378250 0.372885
vt 0.378762 0.373088
vt 0.378746 0.372338
vt 0.378895 0.373595
vt 0.379066 0.373994
vt 0.380564 0.375834
vt 0.379122 0.372693
vt 0.393907 0.362502
vt 0.378971 0.373173
vt 0.380937 0.376102
vt 0.381410 0.376169
vt 0.381851 0.376015
vt 0.381403 0.376169
vt 0.380929 0.376103
vt 0.381774 0.375925
vt 0.381572 0.375681
vt 0.381587 0.376047
vt 0.381451 0.376136
vt 0.381248 0.375892
vt 0.381013 0.376046
vt 0.380557 0.375834
vt 0.381299 0.375348
vt 0.380925 0.375591
vt 0.380653 0.375769
vt 0.379059 0.373994
vt 0.379155 0.373929
vt 0.379427 0.373751
vt 0.378888 0.373595
vt 0.378971 0.373539
vt 0.379801 0.373508
vt 0.379207 0.373385
vt 0.379531 0.373174
vt 0.394830 0.363757
vt 0.396253 0.365646
vt 0.395253 0.363449
vt 0.379012 0.373140
vt 0.379148 0.373051
vt 0.379266 0.372840
vt 0.378963 0.373173
vt 0.379335 0.372930
vt 0.379274 0.372840
vt 0.394573 0.363415
vt 0.394948 0.363042
vt 0.394209 0.362905
vt 0.394387 0.363164
vt 0.394330 0.363071
vt 0.394969 0.362715
vt 0.394716 0.362728
vt 0.394322 0.363072
vt 0.394639 0.362619
vt 0.394623 0.362249
vt 0.390975 0.357417
vt 0.394647 0.362619
vt 0.394516 0.362098
vt 0.394536 0.362601
vt 0.394525 0.362098
vt 0.394346 0.362216
vt 0.391877 0.358596
vt 0.391886 0.358596
vt 0.391708 0.358714
vt 0.391269 0.359001
vt 0.391383 0.358418
vt 0.390964 0.358598
vt 0.376175 0.368794
vt 0.375911 0.368364
vt 0.375439 0.369047
vt 0.390833 0.358431
vt 0.391400 0.358314
vt 0.391392 0.358314
vt 0.390826 0.358431
vt 0.375798 0.368186
vt 0.375379 0.368547
vt 0.374786 0.368464
vt 0.374558 0.368924
vt 0.374344 0.368145
vt 0.373947 0.368483
vt 0.372811 0.366263
vt 0.372330 0.366497
vt 0.372608 0.365789
vt 0.372049 0.365842
vt 0.372190 0.365056
vt 0.372703 0.365260
vt 0.372686 0.364510
vt 0.372835 0.365767
vt 0.373007 0.366166
vt 0.374504 0.368005
vt 0.374877 0.368274
vt 0.373062 0.364865
vt 0.387955 0.354603
vt 0.372911 0.365344
vt 0.375350 0.368340
vt 0.375791 0.368186
vt 0.375343 0.368340
vt 0.374869 0.368274
vt 0.374497 0.368006
vt 0.372999 0.366166
vt 0.372828 0.365767
vt 0.373213 0.365011
vt 0.372903 0.365344
vt 0.373206 0.365012
vt 0.388257 0.355006
vt 0.372952 0.365312
vt 0.372911 0.365711
vt 0.373095 0.366101
vt 0.373088 0.365223
vt 0.373147 0.365556
vt 0.374593 0.367941
vt 0.388378 0.355173
vt 0.373275 0.365101
vt 0.373367 0.365923
vt 0.374953 0.368218
vt 0.373471 0.365346
vt 0.374865 0.367763
vt 0.375391 0.368308
vt 0.375188 0.368064
vt 0.373741 0.365679
vt 0.375527 0.368219
vt 0.375239 0.367519
vt 0.388878 0.355858
vt 0.388621 0.355516
vt 0.375714 0.368097
vt 0.375512 0.367853
vt 0.390752 0.358340
vt 0.390561 0.358089
vt 0.391305 0.358205
vt 0.391757 0.358445
vt 0.391065 0.357890
vt 0.391400 0.357979
vt 0.390757 0.357483
vt 0.390301 0.357747
vt 0.389301 0.355550
vt 0.388997 0.355143
vt 0.388672 0.354350
vt 0.388765 0.354830
vt 0.388565 0.354199
vt 0.388436 0.355265
vt 0.388688 0.354720
vt 0.388370 0.355173
vt 0.388696 0.354720
vt 0.388573 0.354199
vt 0.388584 0.354702
vt 0.388395 0.354317
vt 0.374943 0.337332
vt 0.375229 0.336842
vt 0.369663 0.337414
vt 0.375343 0.336639
vt 0.369224 0.336734
vt 0.369199 0.336735
vt 0.369321 0.336934
vt 0.367865 0.337747
vt 0.367632 0.337247
vt 0.366188 0.338091
vt 0.366328 0.338646
vt 0.366091 0.337891
vt 0.367535 0.337047
vt 0.367538 0.337095
vt 0.329060 0.369732
vt 0.367486 0.336682
vt 0.367889 0.335607
vt 0.366066 0.337892
vt 0.329035 0.369732
vt 0.367008 0.336631
vt 0.367337 0.335141
vt 0.366033 0.337893
vt 0.329001 0.369733
vt 0.366996 0.336635
vt 0.367320 0.335141
vt 0.440587 0.399180
vt 0.440365 0.399269
vt 0.440383 0.399269
vt 0.440374 0.397646
vt 0.440170 0.384522
vt 0.441452 0.384502
vt 0.439411 0.335645
vt 0.440693 0.335625
vt 0.439263 0.326102
vt 0.431425 0.329991
vt 0.434933 0.325570
vt 0.424258 0.320919
vt 0.420606 0.327081
vt 0.415728 0.313549
vt 0.416740 0.330737
vt 0.407692 0.319124
vt 0.410180 0.304181
vt 0.399877 0.329340
vt 0.400521 0.306639
vt 0.408156 0.293733
vt 0.400123 0.290122
vt 0.367843 0.249422
vt 0.409855 0.283227
vt 0.406390 0.271917
vt 0.415109 0.273692
vt 0.413280 0.264885
vt 0.397002 0.249923
vt 0.398135 0.248847
vt 0.399267 0.247770
vt 0.396989 0.247899
vt 0.397679 0.246616
vt 0.396514 0.246189
vt 0.396047 0.247629
vt 0.394902 0.246215
vt 0.394501 0.247626
vt 0.395872 0.249023
vt 0.394725 0.248752
vt 0.367644 0.248024
vt 0.393363 0.248673
vt 0.367557 0.247183
vt 0.367513 0.246435
vt 0.366375 0.247502
vt 0.366413 0.248263
vt 0.366679 0.248657
vt 0.366568 0.249798
vt 0.366011 0.249720
vt 0.365975 0.248971
vt 0.439303 0.324936
vt 0.435314 0.324447
vt 0.439268 0.325388
vt 0.435170 0.324881
vt 0.425014 0.319949
vt 0.424723 0.320326
vt 0.416783 0.312836
vt 0.416376 0.313113
vt 0.411428 0.303796
vt 0.410946 0.303945
vt 0.408966 0.293721
vt 0.409475 0.293713
vt 0.410628 0.283439
vt 0.415770 0.274108
vt 0.411114 0.283574
vt 0.416186 0.274372
vt 0.378517 0.372345
vt 0.378021 0.372891
vt 0.375210 0.369053
vt 0.331231 0.400279
vt 0.328718 0.398108
vt 0.378161 0.374332
vt 0.328327 0.372901
vt 0.328676 0.371292
vt 0.371820 0.365849
vt 0.368159 0.399706
vt 0.369434 0.337421
vt 0.378266 0.389315
vt 0.384330 0.389101
vt 0.391481 0.387351
vt 0.375439 0.369047
vt 0.331460 0.400272
vt 0.328884 0.394009
vt 0.372330 0.366497
vt 0.372049 0.365842
vt 0.368388 0.399699
vt 0.387956 0.354603
vt 0.378495 0.389309
vt 0.384559 0.389095
vt 0.408728 0.399073
vt 0.391710 0.387345
vt 0.410471 0.398399
vt 0.405551 0.173022
vt 0.405458 0.173025
vt 0.406717 0.208248
vt 0.406624 0.208250
vt 0.404983 0.173463
vt 0.407460 0.209469
vt 0.407553 0.209467
vt 0.406139 0.208378
vt 0.407183 0.209900
vt 0.404988 0.208685
vt 0.403857 0.174520
vt 0.406535 0.210941
vt 0.407481 0.233647
vt 0.409623 0.231635
vt 0.409505 0.210897
vt 0.409188 0.209870
vt 0.409065 0.209445
vt 0.409157 0.209443
vt 0.432912 0.196917
vt 0.433265 0.198369
vt 0.432944 0.197344
vt 0.432819 0.196920
vt 0.434453 0.196886
vt 0.434545 0.196883
vt 0.434183 0.197319
vt 0.433552 0.198363
vt 0.433205 0.218632
vt 0.433707 0.198579
vt 0.434785 0.215934
vt 0.434849 0.198249
vt 0.435953 0.216013
vt 0.435330 0.198112
vt 0.435423 0.198109
vt 0.436537 0.216042
vt 0.436444 0.216045
vt 0.435928 0.218172
vt 0.436021 0.218169
vt 0.435478 0.217968
vt 0.434411 0.217476
vt 0.433948 0.219434
vt 0.410361 0.232441
vt 0.434264 0.219767
vt 0.434357 0.219764
vt 0.410768 0.232772
vt 0.410675 0.232774
vt 0.408977 0.234369
vt 0.409070 0.234366
vt 0.408533 0.234157
vt 0.407891 0.236452
vt 0.408381 0.236500
vt 0.408474 0.236497
vt 0.408759 0.254816
vt 0.408666 0.254819
vt 0.409464 0.255982
vt 0.409556 0.255979
vt 0.408179 0.254944
vt 0.409192 0.256421
vt 0.406729 0.236336
vt 0.407023 0.255244
vt 0.408557 0.257481
vt 0.362688 0.255132
vt 0.359472 0.247611
vt 0.364079 0.262339
vt 0.362924 0.262416
vt 0.361572 0.255408
vt 0.363814 0.270752
vt 0.384067 0.303253
vt 0.362666 0.270629
vt 0.362454 0.262448
vt 0.362198 0.270578
vt 0.362547 0.262445
vt 0.362291 0.270575
vt 0.361118 0.255523
vt 0.361210 0.255520
vt 0.361902 0.278469
vt 0.360802 0.278148
vt 0.360355 0.278015
vt 0.360448 0.278013
vt 0.360076 0.282129
vt 0.358552 0.282656
vt 0.357992 0.282750
vt 0.358085 0.282747
vt 0.357874 0.284306
vt 0.357781 0.284309
vt 0.358341 0.284215
vt 0.359825 0.283971
vt 0.360780 0.285615
vt 0.380143 0.303136
vt 0.359150 0.285607
vt 0.358590 0.285700
vt 0.380555 0.304976
vt 0.358683 0.285697
vt 0.380541 0.305563
vt 0.380634 0.305561
vt 0.382090 0.306129
vt 0.381997 0.306132
vt 0.382011 0.305545
vt 0.382076 0.303891
vt 0.383511 0.305065
vt 0.383497 0.305652
vt 0.432766 0.266380
vt 0.383589 0.305649
vt 0.433135 0.266666
vt 0.433228 0.266664
vt 0.434661 0.264833
vt 0.434568 0.264836
vt 0.434099 0.264678
vt 0.432985 0.264297
vt 0.431895 0.265690
vt 0.411501 0.257352
vt 0.411136 0.256336
vt 0.430751 0.246056
vt 0.433233 0.262615
vt 0.410994 0.255915
vt 0.411086 0.255912
vt 0.430319 0.244626
vt 0.434402 0.262623
vt 0.430374 0.245047
vt 0.430226 0.244629
vt 0.431862 0.244523
vt 0.431955 0.244520
vt 0.431618 0.244966
vt 0.431048 0.246036
vt 0.431221 0.246252
vt 0.432342 0.245869
vt 0.434895 0.262625
vt 0.432814 0.245710
vt 0.432907 0.245707
vt 0.434987 0.262623
vt 0.372983 0.173774
vt 0.372890 0.173777
vt 0.373100 0.174199
vt 0.373625 0.175218
vt 0.343321 0.217750
vt 0.337254 0.211791
vt 0.352465 0.237922
vt 0.335133 0.212378
vt 0.354144 0.239794
vt 0.358433 0.248069
vt 0.353198 0.240388
vt 0.358011 0.248258
vt 0.352814 0.240634
vt 0.352907 0.240631
vt 0.358103 0.248256
vt 0.351459 0.238450
vt 0.334429 0.212453
vt 0.334521 0.212451
vt 0.334217 0.213310
vt 0.334124 0.213312
vt 0.334828 0.213237
vt 0.336817 0.213027
vt 0.337557 0.214138
vt 0.342380 0.218420
vt 0.335343 0.214010
vt 0.341998 0.218697
vt 0.334639 0.214085
vt 0.351051 0.238669
vt 0.342091 0.218695
vt 0.351144 0.238666
vt 0.334732 0.214082
vt 0.405644 0.173019
vt 0.406810 0.208245
vt 0.405189 0.173457
vt 0.407646 0.209464
vt 0.406345 0.208372
vt 0.407389 0.209895
vt 0.405202 0.208679
vt 0.404071 0.174514
vt 0.406749 0.210935
vt 0.407695 0.233641
vt 0.409837 0.231629
vt 0.409719 0.210891
vt 0.409393 0.209865
vt 0.409250 0.209440
vt 0.433479 0.198363
vt 0.433149 0.197339
vt 0.433005 0.196915
vt 0.434638 0.196881
vt 0.434389 0.197313
vt 0.433766 0.198357
vt 0.433419 0.218626
vt 0.433921 0.198573
vt 0.434999 0.215928
vt 0.435054 0.198243
vt 0.436158 0.216007
vt 0.435516 0.198107
vt 0.436630 0.216040
vt 0.436113 0.218166
vt 0.435683 0.217962
vt 0.434625 0.217470
vt 0.434154 0.219429
vt 0.410567 0.232435
vt 0.434450 0.219762
vt 0.410860 0.232769
vt 0.409163 0.234363
vt 0.408739 0.234152
vt 0.408097 0.236446
vt 0.408567 0.236495
vt 0.408851 0.254814
vt 0.409649 0.255977
vt 0.408384 0.254938
vt 0.409398 0.256415
vt 0.406943 0.236330
vt 0.407237 0.255237
vt 0.408771 0.257475
vt 0.362902 0.255126
vt 0.359685 0.247605
vt 0.364293 0.262333
vt 0.363130 0.262410
vt 0.361777 0.255403
vt 0.364029 0.270746
vt 0.384281 0.303247
vt 0.362872 0.270623
vt 0.362640 0.262443
vt 0.362384 0.270572
vt 0.361303 0.255517
vt 0.362116 0.278464
vt 0.361008 0.278143
vt 0.360541 0.278010
vt 0.360290 0.282123
vt 0.358758 0.282651
vt 0.358178 0.282745
vt 0.357967 0.284303
vt 0.358547 0.284210
vt 0.360040 0.283965
vt 0.360994 0.285609
vt 0.380357 0.303130
vt 0.359355 0.285601
vt 0.358776 0.285695
vt 0.380761 0.304970
vt 0.380726 0.305558
vt 0.382182 0.306127
vt 0.382217 0.305539
vt 0.382290 0.303885
vt 0.383717 0.305059
vt 0.383682 0.305647
vt 0.432972 0.266375
vt 0.433321 0.266661
vt 0.434754 0.264831
vt 0.434305 0.264672
vt 0.433199 0.264291
vt 0.432109 0.265684
vt 0.411715 0.257346
vt 0.411342 0.256330
vt 0.430965 0.246050
vt 0.433448 0.262609
vt 0.411179 0.255910
vt 0.434608 0.262617
vt 0.430580 0.245041
vt 0.430412 0.244624
vt 0.432048 0.244517
vt 0.431824 0.244960
vt 0.431262 0.246031
vt 0.431435 0.246246
vt 0.432548 0.245863
vt 0.435080 0.262620
vt 0.433000 0.245705
vt 0.373076 0.173772
vt 0.373305 0.174193
vt 0.373839 0.175212
vt 0.343535 0.217744
vt 0.352678 0.237916
vt 0.337468 0.211785
vt 0.354358 0.239788
vt 0.358638 0.248063
vt 0.353403 0.240382
vt 0.358196 0.248253
vt 0.352999 0.240628
vt 0.351665 0.238444
vt 0.335338 0.212372
vt 0.342586 0.218414
vt 0.337771 0.214132
vt 0.337031 0.213021
vt 0.334614 0.212448
vt 0.334310 0.213307
vt 0.335034 0.213231
vt 0.335548 0.214004
vt 0.342184 0.218692
vt 0.334825 0.214080
vt 0.351237 0.238663
vt 0.385737 0.390252
vt 0.386185 0.391506
vt 0.387071 0.393248
vt 0.386600 0.391861
vt 0.385850 0.387472
vt 0.388605 0.392462
vt 0.389080 0.393912
vt 0.386952 0.388627
vt 0.391178 0.379682
vt 0.389029 0.389252
vt 0.390574 0.391707
vt 0.391034 0.393114
vt 0.392448 0.380728
vt 0.390862 0.388981
vt 0.391376 0.387972
vt 0.391353 0.390035
vt 0.391787 0.391317
vt 0.390489 0.388426
vt 0.390901 0.389575
vt 0.388892 0.388910
vt 0.394224 0.381777
vt 0.398989 0.373452
vt 0.398145 0.371983
vt 0.407418 0.370485
vt 0.388485 0.387825
vt 0.386937 0.389709
vt 0.400156 0.375181
vt 0.407556 0.372027
vt 0.416526 0.370422
vt 0.395468 0.382216
vt 0.400963 0.376157
vt 0.390273 0.386817
vt 0.386516 0.388580
vt 0.388196 0.386193
vt 0.386363 0.386463
vt 0.391156 0.379252
vt 0.392399 0.379691
vt 0.394176 0.380740
vt 0.398117 0.371632
vt 0.398923 0.372609
vt 0.407410 0.370196
vt 0.400091 0.374338
vt 0.395446 0.381786
vt 0.400935 0.375807
vt 0.407537 0.371333
vt 0.416569 0.370146
vt 0.423337 0.371536
vt 0.407724 0.373226
vt 0.416457 0.371295
vt 0.407863 0.374767
vt 0.416257 0.373192
vt 0.416085 0.374727
vt 0.423406 0.371340
vt 0.422648 0.372438
vt 0.430614 0.378802
vt 0.430650 0.379014
vt 0.421508 0.374185
vt 0.420654 0.375557
vt 0.416043 0.375003
vt 0.429359 0.379458
vt 0.435656 0.385860
vt 0.436038 0.386682
vt 0.436402 0.388855
vt 0.433947 0.385785
vt 0.436018 0.387289
vt 0.436223 0.390739
vt 0.427623 0.380598
vt 0.435893 0.388906
vt 0.436216 0.391504
vt 0.435885 0.389615
vt 0.434246 0.386408
vt 0.434156 0.387815
vt 0.434148 0.388494
vt 0.432025 0.388796
vt 0.431915 0.386499
vt 0.432127 0.386725
vt 0.432033 0.388101
vt 0.430759 0.390348
vt 0.430766 0.389601
vt 0.431090 0.392238
vt 0.430902 0.388059
vt 0.431097 0.391434
vt 0.432827 0.393358
vt 0.430750 0.387586
vt 0.431286 0.389625
vt 0.432833 0.392526
vt 0.434950 0.393056
vt 0.426422 0.381553
vt 0.420585 0.375753
vt 0.426458 0.381765
vt 0.431132 0.388408
vt 0.433057 0.390507
vt 0.434957 0.392239
vt 0.427713 0.381108
vt 0.435176 0.390189
vt 0.432841 0.388483
vt 0.434873 0.387769
vt 0.429449 0.379969
vt 0.421343 0.374654
vt 0.422483 0.372907
vt 0.416355 0.371957
vt 0.416154 0.373855
vt 0.407744 0.373920
vt 0.407871 0.375056
vt 0.385844 0.390249
vt 0.386723 0.391858
vt 0.386034 0.387467
vt 0.388733 0.392459
vt 0.387160 0.388621
vt 0.391403 0.379676
vt 0.389235 0.389246
vt 0.390696 0.391704
vt 0.392695 0.380721
vt 0.391044 0.388976
vt 0.391524 0.387968
vt 0.391460 0.390032
vt 0.390581 0.388424
vt 0.394467 0.381770
vt 0.399261 0.373444
vt 0.398395 0.371976
vt 0.407668 0.370478
vt 0.388571 0.387823
vt 0.400421 0.375173
vt 0.407828 0.372019
vt 0.416775 0.370415
vt 0.395680 0.382210
vt 0.401197 0.376151
vt 0.390398 0.386813
vt 0.386607 0.388578
vt 0.388323 0.386189
vt 0.386514 0.386459
vt 0.391345 0.379247
vt 0.392559 0.379687
vt 0.394330 0.380736
vt 0.398331 0.371626
vt 0.399106 0.372604
vt 0.407623 0.370190
vt 0.400267 0.374333
vt 0.395622 0.381781
vt 0.401132 0.375801
vt 0.407720 0.371328
vt 0.416781 0.370140
vt 0.423585 0.371529
vt 0.407902 0.373221
vt 0.416639 0.371289
vt 0.408062 0.374762
vt 0.416434 0.373187
vt 0.416285 0.374722
vt 0.423617 0.371334
vt 0.422829 0.372433
vt 0.430812 0.378796
vt 0.430885 0.379007
vt 0.421685 0.374180
vt 0.420855 0.375551
vt 0.416279 0.374997
vt 0.429530 0.379454
vt 0.435831 0.385855
vt 0.436247 0.386676
vt 0.436575 0.388850
vt 0.434096 0.385781
vt 0.436169 0.387285
vt 0.436315 0.390737
vt 0.427791 0.380593
vt 0.435975 0.388904
vt 0.434384 0.386404
vt 0.434233 0.387813
vt 0.432062 0.386495
vt 0.432267 0.386721
vt 0.432112 0.388099
vt 0.430855 0.389599
vt 0.431059 0.388054
vt 0.431195 0.391431
vt 0.430921 0.387581
vt 0.432937 0.392523
vt 0.431465 0.389620
vt 0.426616 0.381547
vt 0.420823 0.375746
vt 0.426689 0.381758
vt 0.431338 0.388403
vt 0.433250 0.390501
vt 0.435058 0.392237
vt 0.427971 0.381101
vt 0.435367 0.390183
vt 0.433073 0.388477
vt 0.435107 0.387762
vt 0.429709 0.379961
vt 0.421610 0.374647
vt 0.422754 0.372900
vt 0.416626 0.371950
vt 0.416421 0.373848
vt 0.408010 0.373913
vt 0.408107 0.375050
vt 0.383717 0.209353
vt 0.390192 0.207700
vt 0.389874 0.207229
vt 0.383706 0.208804
vt 0.389739 0.207034
vt 0.383698 0.208576
vt 0.389732 0.207034
vt 0.383691 0.208576
vt 0.389631 0.206889
vt 0.383684 0.208408
vt 0.389395 0.206540
vt 0.383677 0.208000
vt 0.393539 0.202728
vt 0.393940 0.202926
vt 0.394109 0.203007
vt 0.394116 0.203007
vt 0.394342 0.203121
vt 0.394877 0.203396
vt 0.387034 0.203014
vt 0.389513 0.200734
vt 0.394998 0.197586
vt 0.390385 0.197658
vt 0.395457 0.197579
vt 0.395650 0.197576
vt 0.395657 0.197576
vt 0.395917 0.197572
vt 0.396536 0.197562
vt 0.393775 0.192282
vt 0.393941 0.192195
vt 0.393948 0.192195
vt 0.394172 0.192078
vt 0.394704 0.191795
vt 0.393380 0.192493
vt 0.389345 0.188455
vt 0.389441 0.188307
vt 0.389448 0.188307
vt 0.389578 0.188107
vt 0.389881 0.187627
vt 0.389120 0.188811
vt 0.389418 0.194611
vt 0.389925 0.197665
vt 0.389111 0.200534
vt 0.389022 0.194823
vt 0.386869 0.192408
vt 0.389737 0.197668
vt 0.386799 0.202661
vt 0.388948 0.200451
vt 0.383613 0.203888
vt 0.383359 0.187529
vt 0.383354 0.187122
vt 0.383355 0.186953
vt 0.383362 0.186952
vt 0.383364 0.186725
vt 0.383357 0.186175
vt 0.380166 0.203121
vt 0.377915 0.206718
vt 0.377694 0.207074
vt 0.377605 0.207222
vt 0.377612 0.207222
vt 0.377492 0.207421
vt 0.377194 0.207901
vt 0.380393 0.202760
vt 0.383608 0.203476
vt 0.386705 0.202514
vt 0.378016 0.200706
vt 0.377617 0.200919
vt 0.373655 0.203037
vt 0.373264 0.203247
vt 0.373105 0.203333
vt 0.373112 0.203333
vt 0.372897 0.203450
vt 0.372370 0.203734
vt 0.376650 0.197871
vt 0.377114 0.197864
vt 0.372037 0.197943
vt 0.377309 0.197861
vt 0.378184 0.200618
vt 0.380491 0.202611
vt 0.383609 0.203305
vt 0.377522 0.194795
vt 0.373496 0.192801
vt 0.377927 0.194995
vt 0.371582 0.197950
vt 0.371396 0.197953
vt 0.371403 0.197953
vt 0.371153 0.197956
vt 0.370538 0.197966
vt 0.373098 0.192604
vt 0.372937 0.192522
vt 0.372944 0.192521
vt 0.372726 0.192411
vt 0.372190 0.192144
vt 0.377407 0.188640
vt 0.377314 0.188495
vt 0.377321 0.188495
vt 0.377195 0.188300
vt 0.376882 0.187828
vt 0.377640 0.188990
vt 0.380001 0.192515
vt 0.383423 0.191641
vt 0.380240 0.192868
vt 0.386645 0.192769
vt 0.378098 0.195078
vt 0.383431 0.192053
vt 0.388862 0.194911
vt 0.380342 0.193015
vt 0.386556 0.192918
vt 0.383437 0.192224
vt 0.377327 0.197860
vt 0.378116 0.195077
vt 0.380359 0.193014
vt 0.383455 0.192224
vt 0.383541 0.197764
vt 0.378202 0.200618
vt 0.386573 0.192918
vt 0.388880 0.194910
vt 0.380508 0.202610
vt 0.389755 0.197667
vt 0.383627 0.203304
vt 0.388966 0.200451
vt 0.386723 0.202514
vt 0.390485 0.207691
vt 0.384010 0.209345
vt 0.390172 0.207220
vt 0.384004 0.208795
vt 0.390046 0.207025
vt 0.384005 0.208568
vt 0.390053 0.207025
vt 0.384012 0.208567
vt 0.389960 0.206880
vt 0.384013 0.208399
vt 0.389728 0.206530
vt 0.384009 0.207991
vt 0.393871 0.202719
vt 0.394269 0.202916
vt 0.394430 0.202998
vt 0.394424 0.202999
vt 0.394639 0.203113
vt 0.395170 0.203388
vt 0.387366 0.203005
vt 0.389845 0.200725
vt 0.395330 0.197577
vt 0.390718 0.197649
vt 0.395786 0.197570
vt 0.395971 0.197567
vt 0.395965 0.197567
vt 0.396215 0.197563
vt 0.396829 0.197554
vt 0.394104 0.192273
vt 0.394263 0.192187
vt 0.394256 0.192187
vt 0.394470 0.192070
vt 0.394998 0.191786
vt 0.393713 0.192483
vt 0.389674 0.188445
vt 0.389762 0.188298
vt 0.389756 0.188298
vt 0.389875 0.188099
vt 0.390174 0.187618
vt 0.389452 0.188802
vt 0.389750 0.194601
vt 0.390254 0.197656
vt 0.389440 0.200525
vt 0.389351 0.194814
vt 0.387201 0.192399
vt 0.390059 0.197659
vt 0.387128 0.202651
vt 0.389269 0.200442
vt 0.383945 0.203878
vt 0.383691 0.187520
vt 0.383683 0.187112
vt 0.383676 0.186943
vt 0.383670 0.186944
vt 0.383661 0.186716
vt 0.383650 0.186167
vt 0.380498 0.203111
vt 0.378247 0.206709
vt 0.378022 0.207065
vt 0.377926 0.207213
vt 0.377920 0.207213
vt 0.377790 0.207412
vt 0.377487 0.207893
vt 0.380722 0.202751
vt 0.383937 0.203466
vt 0.387026 0.202505
vt 0.378345 0.200697
vt 0.377950 0.200909
vt 0.373987 0.203027
vt 0.373593 0.203237
vt 0.373426 0.203324
vt 0.373419 0.203325
vt 0.373195 0.203442
vt 0.372663 0.203725
vt 0.376982 0.197862
vt 0.377443 0.197855
vt 0.372369 0.197934
vt 0.377630 0.197852
vt 0.378506 0.200609
vt 0.380812 0.202602
vt 0.383930 0.203296
vt 0.377854 0.194786
vt 0.373828 0.192792
vt 0.378256 0.194986
vt 0.371911 0.197941
vt 0.371717 0.197944
vt 0.371711 0.197944
vt 0.371450 0.197948
vt 0.370832 0.197958
vt 0.373427 0.192594
vt 0.373258 0.192512
vt 0.373252 0.192513
vt 0.373023 0.192402
vt 0.372483 0.192136
vt 0.377736 0.188631
vt 0.377636 0.188486
vt 0.377629 0.188487
vt 0.377493 0.188291
vt 0.377175 0.187820
vt 0.377972 0.188980
vt 0.380333 0.192506
vt 0.383755 0.191632
vt 0.380568 0.192859
vt 0.386974 0.192760
vt 0.378420 0.195069
vt 0.383759 0.192044
vt 0.389183 0.194902
vt 0.380663 0.193006
vt 0.386877 0.192909
vt 0.383758 0.192215
vt 0.377612 0.197852
vt 0.378402 0.195069
vt 0.380645 0.193006
vt 0.383740 0.192216
vt 0.383827 0.197756
vt 0.378488 0.200610
vt 0.386859 0.192910
vt 0.389165 0.194902
vt 0.380794 0.202602
vt 0.390041 0.197659
vt 0.383913 0.203296
vt 0.389251 0.200443
vt 0.387008 0.202506
vt 0.392329 0.270058
vt 0.393242 0.273992
vt 0.393577 0.273987
vt 0.392041 0.270211
vt 0.391920 0.270275
vt 0.393101 0.273994
vt 0.391908 0.270275
vt 0.393089 0.273994
vt 0.391789 0.270338
vt 0.392950 0.273997
vt 0.392620 0.274002
vt 0.391505 0.270489
vt 0.391903 0.277690
vt 0.392024 0.277749
vt 0.392036 0.277748
vt 0.392159 0.277808
vt 0.392452 0.277952
vt 0.388999 0.280532
vt 0.389010 0.280531
vt 0.389084 0.280637
vt 0.389256 0.280892
vt 0.388926 0.280428
vt 0.391615 0.277548
vt 0.388757 0.280176
vt 0.390872 0.274029
vt 0.390089 0.276792
vt 0.390003 0.271292
vt 0.390463 0.274035
vt 0.387862 0.278840
vt 0.389731 0.276614
vt 0.388567 0.267950
vt 0.388728 0.267693
vt 0.388798 0.267587
vt 0.388809 0.267587
vt 0.388880 0.267479
vt 0.389044 0.267219
vt 0.387714 0.269313
vt 0.389652 0.271480
vt 0.390296 0.274038
vt 0.384594 0.267066
vt 0.384590 0.266773
vt 0.384591 0.266651
vt 0.384603 0.266651
vt 0.384603 0.266527
vt 0.384600 0.266230
vt 0.389586 0.276541
vt 0.387653 0.278526
vt 0.384788 0.279625
vt 0.384813 0.281184
vt 0.384818 0.281477
vt 0.384823 0.281598
vt 0.384835 0.281598
vt 0.384839 0.281721
vt 0.384845 0.282019
vt 0.384784 0.279259
vt 0.387569 0.278396
vt 0.381894 0.278616
vt 0.381692 0.278936
vt 0.380839 0.280299
vt 0.384785 0.279107
vt 0.381981 0.278483
vt 0.389610 0.276540
vt 0.387593 0.278395
vt 0.390320 0.274037
vt 0.384809 0.279106
vt 0.384732 0.274124
vt 0.389533 0.271558
vt 0.382005 0.278482
vt 0.379907 0.276691
vt 0.389509 0.271559
vt 0.379931 0.276690
vt 0.379757 0.276769
vt 0.379120 0.274211
vt 0.379403 0.276958
vt 0.387459 0.269766
vt 0.387515 0.269634
vt 0.387435 0.269766
vt 0.384618 0.268624
vt 0.378946 0.274214
vt 0.384655 0.269142
vt 0.384625 0.268991
vt 0.384631 0.269142
vt 0.381871 0.269852
vt 0.381847 0.269853
vt 0.381756 0.269723
vt 0.381544 0.269409
vt 0.379854 0.271708
vt 0.379830 0.271709
vt 0.379144 0.274211
vt 0.379678 0.271635
vt 0.380650 0.268073
vt 0.379317 0.271457
vt 0.380482 0.267822
vt 0.380415 0.267718
vt 0.380427 0.267717
vt 0.380359 0.267611
vt 0.380189 0.267356
vt 0.378534 0.274220
vt 0.377792 0.270702
vt 0.377506 0.270559
vt 0.377390 0.270501
vt 0.377401 0.270500
vt 0.377283 0.270440
vt 0.376993 0.270296
vt 0.377901 0.277761
vt 0.376786 0.274247
vt 0.376458 0.274253
vt 0.376325 0.274255
vt 0.376336 0.274254
vt 0.376201 0.274257
vt 0.375868 0.274262
vt 0.380680 0.280556
vt 0.377620 0.277912
vt 0.377505 0.277974
vt 0.377517 0.277974
vt 0.377401 0.278037
vt 0.377116 0.278190
vt 0.380616 0.280662
vt 0.380628 0.280662
vt 0.380563 0.280769
vt 0.380401 0.281030
vt 0.393538 0.273984
vt 0.392623 0.270050
vt 0.393870 0.273978
vt 0.392337 0.270203
vt 0.392221 0.270266
vt 0.393402 0.273986
vt 0.392233 0.270266
vt 0.393414 0.273985
vt 0.392118 0.270328
vt 0.393280 0.273988
vt 0.392953 0.273993
vt 0.391837 0.270479
vt 0.392233 0.277681
vt 0.392349 0.277740
vt 0.392337 0.277740
vt 0.392455 0.277800
vt 0.392745 0.277944
vt 0.389323 0.280523
vt 0.389311 0.280523
vt 0.389379 0.280629
vt 0.389549 0.280884
vt 0.389256 0.280419
vt 0.391947 0.277538
vt 0.389089 0.280167
vt 0.391205 0.274020
vt 0.390421 0.276783
vt 0.390335 0.271282
vt 0.390792 0.274026
vt 0.388194 0.278831
vt 0.390061 0.276605
vt 0.388899 0.267941
vt 0.389058 0.267684
vt 0.389122 0.267578
vt 0.389110 0.267579
vt 0.389175 0.267471
vt 0.389337 0.267210
vt 0.388046 0.269304
vt 0.389981 0.271471
vt 0.390619 0.274029
vt 0.384926 0.267057
vt 0.384920 0.266763
vt 0.384915 0.266642
vt 0.384904 0.266642
vt 0.384899 0.266519
vt 0.384893 0.266221
vt 0.389909 0.276532
vt 0.387982 0.278517
vt 0.385121 0.279616
vt 0.385145 0.281174
vt 0.385148 0.281467
vt 0.385147 0.281589
vt 0.385136 0.281589
vt 0.385135 0.281713
vt 0.385138 0.282010
vt 0.385113 0.279250
vt 0.387891 0.278387
vt 0.382224 0.278606
vt 0.382024 0.278927
vt 0.381171 0.280290
vt 0.389885 0.276532
vt 0.390594 0.274029
vt 0.385108 0.279098
vt 0.387867 0.278388
vt 0.385006 0.274116
vt 0.389807 0.271550
vt 0.385084 0.279098
vt 0.387733 0.269758
vt 0.382303 0.278474
vt 0.389831 0.271549
vt 0.382279 0.278474
vt 0.380229 0.276682
vt 0.387844 0.269625
vt 0.387757 0.269757
vt 0.384950 0.268615
vt 0.380205 0.276682
vt 0.380086 0.276760
vt 0.379442 0.274202
vt 0.379735 0.276949
vt 0.384954 0.268981
vt 0.379418 0.274203
vt 0.379275 0.274205
vt 0.378233 0.277751
vt 0.378866 0.274211
vt 0.381010 0.280546
vt 0.380940 0.280653
vt 0.380929 0.280653
vt 0.380859 0.280761
vt 0.380695 0.281021
vt 0.377950 0.277902
vt 0.377830 0.277965
vt 0.377818 0.277965
vt 0.377697 0.278029
vt 0.377409 0.278182
vt 0.377118 0.274238
vt 0.376788 0.274243
vt 0.376649 0.274246
vt 0.376637 0.274246
vt 0.376496 0.274248
vt 0.376161 0.274254
vt 0.378124 0.270692
vt 0.377836 0.270550
vt 0.377714 0.270492
vt 0.377702 0.270492
vt 0.377579 0.270432
vt 0.377286 0.270288
vt 0.379650 0.271448
vt 0.380007 0.271626
vt 0.380152 0.271699
vt 0.380128 0.271700
vt 0.380982 0.268064
vt 0.381877 0.269400
vt 0.382086 0.269714
vt 0.382169 0.269844
vt 0.382145 0.269845
vt 0.380812 0.267813
vt 0.380740 0.267708
vt 0.380728 0.267709
vt 0.380654 0.267603
vt 0.380482 0.267348
vt 0.384929 0.269134
vt 0.384953 0.269133
vt 0.393350 0.286937
vt 0.393313 0.286938
vt 0.384999 0.289070
vt 0.384962 0.289071
vt 0.393177 0.286743
vt 0.384803 0.288882
vt 0.392860 0.286272
vt 0.384428 0.288425
vt 0.398596 0.280995
vt 0.399136 0.281262
vt 0.399365 0.281372
vt 0.399402 0.281371
vt 0.371217 0.281891
vt 0.400642 0.273784
vt 0.401242 0.273840
vt 0.401495 0.273864
vt 0.401532 0.273863
vt 0.400293 0.263509
vt 0.400891 0.263513
vt 0.385665 0.258124
vt 0.401145 0.263558
vt 0.401195 0.263934
vt 0.400746 0.250717
vt 0.400704 0.250580
vt 0.400351 0.239098
vt 0.400314 0.239099
vt 0.400063 0.239105
vt 0.400452 0.250568
vt 0.399465 0.239119
vt 0.399854 0.250578
vt 0.393574 0.249979
vt 0.393398 0.238599
vt 0.392742 0.251804
vt 0.393366 0.250967
vt 0.392804 0.238608
vt 0.392980 0.249988
vt 0.392780 0.250756
vt 0.392324 0.251430
vt 0.392611 0.226227
vt 0.393205 0.226218
vt 0.392633 0.225170
vt 0.392200 0.225647
vt 0.391358 0.224885
vt 0.392371 0.226231
vt 0.392563 0.238612
vt 0.392740 0.249992
vt 0.392593 0.250686
vt 0.391478 0.225406
vt 0.390244 0.225073
vt 0.390273 0.225608
vt 0.389654 0.225177
vt 0.391531 0.225620
vt 0.392111 0.225751
vt 0.392376 0.226231
vt 0.389774 0.225609
vt 0.389414 0.225220
vt 0.390290 0.225830
vt 0.392117 0.225751
vt 0.389697 0.225702
vt 0.391537 0.225620
vt 0.389704 0.225701
vt 0.389424 0.225219
vt 0.390295 0.225829
vt 0.389612 0.225811
vt 0.389181 0.225232
vt 0.392036 0.225843
vt 0.391542 0.225843
vt 0.392136 0.226276
vt 0.390345 0.226045
vt 0.389189 0.226293
vt 0.388588 0.225263
vt 0.384851 0.226878
vt 0.384894 0.229587
vt 0.384258 0.226888
vt 0.390456 0.226567
vt 0.391544 0.226383
vt 0.392569 0.238612
vt 0.392327 0.238616
vt 0.392745 0.249992
vt 0.391734 0.238625
vt 0.392599 0.250686
vt 0.392506 0.250123
vt 0.392161 0.251275
vt 0.392474 0.250639
vt 0.391917 0.250438
vt 0.385032 0.238507
vt 0.392155 0.251275
vt 0.392093 0.251030
vt 0.385078 0.257595
vt 0.385083 0.257595
vt 0.385247 0.257750
vt 0.384436 0.258067
vt 0.384553 0.258229
vt 0.384900 0.258689
vt 0.385152 0.257227
vt 0.385308 0.256339
vt 0.384028 0.259113
vt 0.384439 0.238516
vt 0.383798 0.258626
vt 0.376625 0.261940
vt 0.383706 0.258423
vt 0.384501 0.258127
vt 0.376283 0.261494
vt 0.376147 0.261310
vt 0.370849 0.267253
vt 0.382444 0.258918
vt 0.384519 0.258126
vt 0.376184 0.261309
vt 0.368830 0.274371
vt 0.370313 0.266987
vt 0.370095 0.266876
vt 0.370132 0.266875
vt 0.368215 0.274380
vt 0.367965 0.274384
vt 0.368002 0.274383
vt 0.370584 0.281843
vt 0.370327 0.281823
vt 0.370364 0.281822
vt 0.365042 0.293240
vt 0.364317 0.293350
vt 0.364031 0.293394
vt 0.364068 0.293393
vt 0.370885 0.298290
vt 0.370429 0.298634
vt 0.373983 0.302373
vt 0.373990 0.303324
vt 0.373998 0.303709
vt 0.374035 0.303708
vt 0.370252 0.298770
vt 0.370289 0.298769
vt 0.400029 0.221860
vt 0.399992 0.221862
vt 0.399739 0.221856
vt 0.399141 0.221841
vt 0.400501 0.206740
vt 0.389567 0.213847
vt 0.401101 0.206735
vt 0.401353 0.206733
vt 0.401391 0.206732
vt 0.388973 0.213875
vt 0.388732 0.213888
vt 0.388729 0.213889
vt 0.388490 0.213957
vt 0.387904 0.214120
vt 0.384668 0.214947
vt 0.384081 0.214851
vt 0.384017 0.226895
vt 0.383824 0.214384
vt 0.384034 0.226890
vt 0.383839 0.214384
vt 0.384027 0.214331
vt 0.384144 0.214450
vt 0.384636 0.214403
vt 0.384620 0.214178
vt 0.387885 0.213574
vt 0.387875 0.213346
vt 0.388372 0.213533
vt 0.388449 0.213434
vt 0.388449 0.213433
vt 0.387873 0.213345
vt 0.388531 0.213326
vt 0.384613 0.214178
vt 0.388934 0.212821
vt 0.387803 0.213134
vt 0.383844 0.214455
vt 0.383156 0.214867
vt 0.367469 0.226553
vt 0.367464 0.226553
vt 0.367472 0.226263
vt 0.382972 0.214716
vt 0.367500 0.225544
vt 0.387637 0.212624
vt 0.384541 0.213968
vt 0.383725 0.214293
vt 0.384376 0.213457
vt 0.383424 0.213809
vt 0.382532 0.214360
vt 0.399561 0.197553
vt 0.368415 0.206381
vt 0.364862 0.223228
vt 0.400158 0.197522
vt 0.398742 0.189550
vt 0.364447 0.223609
vt 0.400414 0.197548
vt 0.399318 0.189305
vt 0.399560 0.189203
vt 0.399597 0.189202
vt 0.400485 0.197881
vt 0.392209 0.183905
vt 0.364285 0.223761
vt 0.364290 0.223761
vt 0.360433 0.220428
vt 0.360428 0.220428
vt 0.360714 0.220379
vt 0.392512 0.183424
vt 0.383291 0.181920
vt 0.392642 0.183225
vt 0.392679 0.183224
vt 0.383285 0.181371
vt 0.383286 0.181143
vt 0.383323 0.181142
vt 0.374439 0.184181
vt 0.374125 0.183710
vt 0.374000 0.183514
vt 0.374037 0.183513
vt 0.368024 0.190081
vt 0.367488 0.189814
vt 0.365766 0.198040
vt 0.367271 0.189704
vt 0.367308 0.189703
vt 0.365152 0.198050
vt 0.367784 0.206341
vt 0.364902 0.198053
vt 0.364939 0.198052
vt 0.361429 0.220257
vt 0.367529 0.206325
vt 0.367566 0.206324
vt 0.384073 0.229416
vt 0.384059 0.229600
vt 0.384214 0.238519
vt 0.384300 0.229596
vt 0.384197 0.238521
vt 0.393592 0.286931
vt 0.393555 0.286931
vt 0.385203 0.289064
vt 0.385240 0.289063
vt 0.393466 0.286735
vt 0.385092 0.288874
vt 0.393153 0.286264
vt 0.384722 0.288417
vt 0.398889 0.280987
vt 0.399425 0.281254
vt 0.399643 0.281364
vt 0.399606 0.281365
vt 0.371510 0.281882
vt 0.400935 0.273776
vt 0.401531 0.273832
vt 0.401773 0.273856
vt 0.401736 0.273857
vt 0.400586 0.263501
vt 0.401180 0.263505
vt 0.385958 0.258116
vt 0.401423 0.263550
vt 0.401399 0.263928
vt 0.400950 0.250711
vt 0.400983 0.250572
vt 0.400556 0.239092
vt 0.400593 0.239091
vt 0.400352 0.239097
vt 0.400741 0.250560
vt 0.399758 0.239111
vt 0.400147 0.250570
vt 0.393867 0.249971
vt 0.393691 0.238591
vt 0.393035 0.251796
vt 0.393659 0.250958
vt 0.393093 0.238600
vt 0.393269 0.249980
vt 0.393069 0.250747
vt 0.392613 0.251422
vt 0.392900 0.226219
vt 0.393498 0.226210
vt 0.392927 0.225161
vt 0.392489 0.225638
vt 0.391651 0.224877
vt 0.392649 0.226223
vt 0.392842 0.238604
vt 0.393018 0.249984
vt 0.392872 0.250678
vt 0.391766 0.225398
vt 0.390537 0.225064
vt 0.390562 0.225600
vt 0.389942 0.225169
vt 0.391809 0.225612
vt 0.392389 0.225743
vt 0.392644 0.226223
vt 0.390061 0.225601
vt 0.389692 0.225212
vt 0.390568 0.225822
vt 0.392384 0.225743
vt 0.389974 0.225694
vt 0.391804 0.225612
vt 0.389971 0.225693
vt 0.389691 0.225212
vt 0.390562 0.225822
vt 0.389869 0.225803
vt 0.389438 0.225225
vt 0.392295 0.225836
vt 0.391799 0.225836
vt 0.392393 0.226268
vt 0.390602 0.226038
vt 0.389442 0.226286
vt 0.388840 0.225256
vt 0.385104 0.226871
vt 0.385146 0.229580
vt 0.384506 0.226881
vt 0.390709 0.226560
vt 0.391796 0.226376
vt 0.392836 0.238604
vt 0.392584 0.238608
vt 0.393013 0.249984
vt 0.391987 0.238618
vt 0.384549 0.229589
vt 0.384255 0.226889
vt 0.392866 0.250678
vt 0.392763 0.250115
vt 0.385285 0.238500
vt 0.392428 0.251267
vt 0.392733 0.250632
vt 0.392170 0.250431
vt 0.392434 0.251267
vt 0.392349 0.251023
vt 0.385562 0.256331
vt 0.385410 0.257219
vt 0.385351 0.257587
vt 0.384687 0.238509
vt 0.384297 0.229593
vt 0.384435 0.238514
vt 0.384277 0.229410
vt 0.384238 0.226884
vt 0.384419 0.238513
vt 0.384723 0.258120
vt 0.384740 0.258120
vt 0.400233 0.221855
vt 0.400270 0.221854
vt 0.400028 0.221847
vt 0.399435 0.221833
vt 0.400794 0.206732
vt 0.389860 0.213839
vt 0.401390 0.206727
vt 0.401632 0.206725
vt 0.401595 0.206726
vt 0.389262 0.213867
vt 0.389010 0.213880
vt 0.388996 0.213881
vt 0.388747 0.213950
vt 0.388157 0.214113
vt 0.384918 0.214941
vt 0.384327 0.214844
vt 0.384059 0.214378
vt 0.384044 0.214378
vt 0.384277 0.214324
vt 0.384394 0.214443
vt 0.384891 0.214395
vt 0.384885 0.214170
vt 0.388142 0.213567
vt 0.388142 0.213339
vt 0.388631 0.213526
vt 0.388716 0.213426
vt 0.388728 0.213425
vt 0.388152 0.213337
vt 0.388821 0.213318
vt 0.384891 0.214170
vt 0.389228 0.212813
vt 0.388092 0.213126
vt 0.384122 0.214447
vt 0.383432 0.214859
vt 0.367690 0.226546
vt 0.367695 0.226546
vt 0.367713 0.226256
vt 0.383258 0.214708
vt 0.367747 0.225537
vt 0.387930 0.212616
vt 0.384830 0.213959
vt 0.384014 0.214285
vt 0.384670 0.213448
vt 0.383717 0.213801
vt 0.382823 0.214352
vt 0.399854 0.197544
vt 0.368708 0.206372
vt 0.365109 0.223221
vt 0.400447 0.197514
vt 0.399036 0.189542
vt 0.364688 0.223602
vt 0.400692 0.197540
vt 0.399607 0.189296
vt 0.399839 0.189195
vt 0.399802 0.189196
vt 0.400689 0.197875
vt 0.392502 0.183897
vt 0.364516 0.223755
vt 0.364511 0.223755
vt 0.360654 0.220422
vt 0.360659 0.220422
vt 0.360955 0.220372
vt 0.392801 0.183416
vt 0.383584 0.181912
vt 0.392921 0.183217
vt 0.392884 0.183218
vt 0.383574 0.181363
vt 0.383565 0.181135
vt 0.383528 0.181136
vt 0.374732 0.184173
vt 0.374414 0.183702
vt 0.374278 0.183507
vt 0.374241 0.183508
vt 0.368318 0.190073
vt 0.366060 0.198032
vt 0.367777 0.189806
vt 0.367549 0.189696
vt 0.367512 0.189697
vt 0.365441 0.198041
vt 0.368073 0.206333
vt 0.365180 0.198045
vt 0.365143 0.198047
vt 0.361675 0.220250
vt 0.367807 0.206317
vt 0.367770 0.206318
vt 0.376425 0.261302
vt 0.376388 0.261303
vt 0.382649 0.258912
vt 0.383985 0.258415
vt 0.376572 0.261486
vt 0.384715 0.258060
vt 0.384087 0.258617
vt 0.376918 0.261932
vt 0.384842 0.258221
vt 0.384321 0.259104
vt 0.385193 0.258680
vt 0.385536 0.257742
vt 0.371142 0.267245
vt 0.385356 0.257587
vt 0.370602 0.266978
vt 0.369123 0.274363
vt 0.370374 0.266868
vt 0.370337 0.266869
vt 0.368504 0.274372
vt 0.368244 0.274376
vt 0.368207 0.274377
vt 0.370873 0.281835
vt 0.370606 0.281815
vt 0.370569 0.281816
vt 0.365291 0.293233
vt 0.364559 0.293343
vt 0.364262 0.293388
vt 0.364225 0.293389
vt 0.371133 0.298283
vt 0.370671 0.298627
vt 0.374231 0.302366
vt 0.374232 0.303317
vt 0.374229 0.303703
vt 0.374192 0.303704
vt 0.370483 0.298763
vt 0.370446 0.298764
vt 0.376395 0.173750
vt 0.389390 0.173548
vt 0.376377 0.171367
vt 0.389351 0.171172
vt 0.383100 0.160349
vt 0.389199 0.160288
vt 0.383697 0.159515
vt 0.389191 0.159448
vt 0.384584 0.159186
vt 0.381523 0.159528
vt 0.380733 0.160333
vt 0.373914 0.171395
vt 0.373923 0.173787
vt 0.389195 0.159115
vt 0.389259 0.159113
vt 0.393838 0.159043
vt 0.382692 0.159215
vt 0.394721 0.159344
vt 0.397004 0.159288
vt 0.395337 0.160159
vt 0.402363 0.170964
vt 0.402419 0.173346
vt 0.397818 0.160068
vt 0.404978 0.170913
vt 0.405043 0.173304
vt 0.395825 0.159011
vt 0.393934 0.159040
vt 0.394830 0.159341
vt 0.395453 0.160156
vt 0.402515 0.170960
vt 0.389323 0.159111
vt 0.389337 0.159444
vt 0.389355 0.160284
vt 0.389541 0.171167
vt 0.384679 0.159184
vt 0.383807 0.159512
vt 0.383216 0.160346
vt 0.376528 0.171363
vt 0.376547 0.173746
vt 0.389576 0.173543
vt 0.402571 0.173341
vt 0.440149 0.385841
vt 0.444578 0.363840
vt 0.444262 0.363844
vt 0.439885 0.385638
vt 0.439360 0.386380
vt 0.439664 0.386598
vt 0.433430 0.382279
vt 0.433939 0.381520
vt 0.437367 0.363913
vt 0.436543 0.363923
vt 0.432968 0.381914
vt 0.433171 0.381245
vt 0.435515 0.363938
vt 0.432166 0.381145
vt 0.389567 0.381807
vt 0.385686 0.364712
vt 0.388571 0.381937
vt 0.384662 0.364729
vt 0.383850 0.364744
vt 0.387823 0.382237
vt 0.377106 0.364886
vt 0.388796 0.382600
vt 0.389590 0.382666
vt 0.432175 0.382004
vt 0.388356 0.382978
vt 0.382705 0.387259
vt 0.382157 0.386534
vt 0.376805 0.364892
vt 0.381914 0.386745
vt 0.382422 0.387487
vt 0.389307 0.383294
vt 0.432490 0.382624
vt 0.438312 0.386652
vt 0.383759 0.387498
vt 0.383422 0.387702
vt 0.382720 0.387259
vt 0.438672 0.386844
vt 0.439375 0.386380
vt 0.383776 0.387498
vt 0.388520 0.382974
vt 0.438329 0.386651
vt 0.433594 0.382274
vt 0.389470 0.383289
vt 0.388970 0.382595
vt 0.432653 0.382619
vt 0.433142 0.381909
vt 0.389765 0.382661
vt 0.432351 0.381999
vt 0.389748 0.381802
vt 0.432347 0.381140
vt 0.433347 0.381240
vt 0.435695 0.363933
vt 0.436720 0.363918
vt 0.385867 0.364707
vt 0.437532 0.363909
vt 0.434103 0.381516
vt 0.444277 0.363843
vt 0.388747 0.381932
vt 0.384838 0.364724
vt 0.439901 0.385638
vt 0.387988 0.382232
vt 0.384015 0.364740
vt 0.377121 0.364886
vt 0.382172 0.386534
vt 0.393561 0.405962
vt 0.393021 0.405517
vt 0.393363 0.406188
vt 0.393190 0.405279
vt 0.389598 0.381276
vt 0.397040 0.402015
vt 0.389820 0.381271
vt 0.396629 0.401368
vt 0.393954 0.381173
vt 0.394601 0.381392
vt 0.397361 0.401664
vt 0.397206 0.401091
vt 0.395514 0.381995
vt 0.398023 0.400976
vt 0.426260 0.381518
vt 0.398017 0.401720
vt 0.424341 0.400568
vt 0.397814 0.402283
vt 0.425166 0.400657
vt 0.427158 0.380887
vt 0.424375 0.401311
vt 0.425762 0.400915
vt 0.427809 0.380647
vt 0.432063 0.380615
vt 0.425030 0.401235
vt 0.429440 0.404716
vt 0.432299 0.380613
vt 0.429631 0.404949
vt 0.425370 0.401575
vt 0.429091 0.405410
vt 0.429309 0.405630
vt 0.424605 0.401867
vt 0.428313 0.405684
vt 0.394347 0.406212
vt 0.394140 0.406408
vt 0.393575 0.405961
vt 0.428540 0.405874
vt 0.429104 0.405410
vt 0.394361 0.406211
vt 0.397175 0.402011
vt 0.428327 0.405684
vt 0.425505 0.401572
vt 0.397948 0.402279
vt 0.397504 0.401660
vt 0.424740 0.401863
vt 0.425173 0.401231
vt 0.398161 0.401716
vt 0.424520 0.401307
vt 0.398172 0.400972
vt 0.424490 0.400564
vt 0.397351 0.401087
vt 0.396763 0.401364
vt 0.393204 0.405278
vt 0.389834 0.381270
vt 0.394088 0.381169
vt 0.394713 0.381156
vt 0.395550 0.381142
vt 0.426495 0.380662
vt 0.427328 0.380650
vt 0.425310 0.400653
vt 0.427943 0.380643
vt 0.425896 0.400912
vt 0.432078 0.380615
vt 0.429455 0.404715
vt 0.531903 0.403834
vt 0.538790 0.394264
vt 0.545235 0.405392
vt 0.531683 0.478932
vt 0.545014 0.480491
vt 0.531563 0.519524
vt 0.544895 0.521083
vt 0.531475 0.549601
vt 0.544806 0.551159
vt 0.532138 0.553048
vt 0.544804 0.554529
vt 0.533758 0.554651
vt 0.522905 0.552013
vt 0.525695 0.553747
vt 0.519581 0.551700
vt 0.522792 0.553473
vt 0.525826 0.553904
vt 0.521758 0.548511
vt 0.521846 0.518434
vt 0.523055 0.552194
vt 0.533985 0.554924
vt 0.518259 0.548181
vt 0.521965 0.477842
vt 0.521916 0.548701
vt 0.518347 0.518105
vt 0.522186 0.402744
vt 0.533932 0.393719
vt 0.518467 0.477513
vt 0.522004 0.518625
vt 0.518687 0.402415
vt 0.532182 0.393554
vt 0.522124 0.478033
vt 0.522344 0.402934
vt 0.534011 0.393814
vt 0.531837 0.519853
vt 0.531956 0.479262
vt 0.532177 0.404163
vt 0.538927 0.394428
vt 0.531748 0.549930
vt 0.532397 0.553361
vt 0.545105 0.554890
vt 0.545081 0.556260
vt 0.545122 0.551539
vt 0.545211 0.521463
vt 0.545330 0.480871
vt 0.545551 0.405773
vt 0.545614 0.395233
vt 0.557771 0.556371
vt 0.556143 0.557553
vt 0.558454 0.553098
vt 0.558542 0.523021
vt 0.558661 0.482430
vt 0.558882 0.407331
vt 0.552280 0.396012
vt 0.567004 0.557407
vt 0.564206 0.558457
vt 0.568171 0.554188
vt 0.568259 0.524111
vt 0.568378 0.483519
vt 0.568599 0.408421
vt 0.572098 0.408750
vt 0.557138 0.396557
vt 0.558888 0.396722
vt 0.571877 0.483849
vt 0.571758 0.524441
vt 0.571670 0.554517
vt 0.570328 0.557720
vt 0.567109 0.558730
vt 0.564075 0.558299
vt 0.566853 0.557226
vt 0.568013 0.553997
vt 0.568101 0.523921
vt 0.557511 0.556058
vt 0.549429 0.555085
vt 0.558180 0.552768
vt 0.549674 0.551745
vt 0.549762 0.521668
vt 0.558269 0.522692
vt 0.568221 0.483329
vt 0.558388 0.482100
vt 0.549881 0.481076
vt 0.568441 0.408231
vt 0.557059 0.396462
vt 0.558608 0.407002
vt 0.550102 0.405978
vt 0.544295 0.480423
vt 0.544175 0.521016
vt 0.549043 0.521601
vt 0.549162 0.481009
vt 0.531046 0.404718
vt 0.537933 0.395147
vt 0.544377 0.406276
vt 0.530825 0.479816
vt 0.544156 0.481374
vt 0.530706 0.520408
vt 0.544037 0.521966
vt 0.530617 0.550484
vt 0.543949 0.552043
vt 0.531280 0.553932
vt 0.543947 0.555413
vt 0.532900 0.555534
vt 0.522048 0.552896
vt 0.524838 0.554630
vt 0.518723 0.552584
vt 0.521935 0.554357
vt 0.524969 0.554788
vt 0.520900 0.549394
vt 0.520989 0.519318
vt 0.522198 0.553077
vt 0.533127 0.555808
vt 0.517402 0.549065
vt 0.521108 0.478726
vt 0.521058 0.549585
vt 0.517490 0.518989
vt 0.521328 0.403628
vt 0.533074 0.394603
vt 0.517609 0.478397
vt 0.521146 0.519508
vt 0.517830 0.403298
vt 0.531325 0.394438
vt 0.521266 0.478916
vt 0.521486 0.403818
vt 0.533153 0.394697
vt 0.530979 0.520737
vt 0.531099 0.480146
vt 0.531319 0.405047
vt 0.538069 0.395312
vt 0.530891 0.550814
vt 0.531540 0.554245
vt 0.544247 0.555774
vt 0.544224 0.557143
vt 0.544265 0.552423
vt 0.544353 0.522347
vt 0.544472 0.481755
vt 0.544693 0.406657
vt 0.544757 0.396117
vt 0.556914 0.557255
vt 0.555286 0.558436
vt 0.557597 0.553982
vt 0.557685 0.523905
vt 0.557804 0.483313
vt 0.558025 0.408215
vt 0.551422 0.396896
vt 0.566146 0.558290
vt 0.563348 0.559341
vt 0.567313 0.555071
vt 0.567402 0.524995
vt 0.567521 0.484403
vt 0.567742 0.409305
vt 0.571241 0.409634
vt 0.556281 0.397441
vt 0.558030 0.397606
vt 0.571020 0.484732
vt 0.570901 0.525325
vt 0.570812 0.555401
vt 0.569471 0.558603
vt 0.566252 0.559614
vt 0.563218 0.559183
vt 0.565996 0.558110
vt 0.567155 0.554881
vt 0.567244 0.524805
vt 0.556654 0.556942
vt 0.548572 0.555969
vt 0.557323 0.553652
vt 0.548816 0.552629
vt 0.548905 0.522552
vt 0.557411 0.523576
vt 0.567363 0.484213
vt 0.557530 0.482984
vt 0.549024 0.481960
vt 0.567584 0.409115
vt 0.556202 0.397346
vt 0.557751 0.407885
vt 0.549245 0.406862
vt 0.543437 0.481307
vt 0.543318 0.521899
vt 0.548185 0.522485
vt 0.548305 0.481893
vt 0.440209 0.397650
vt 0.440231 0.398798
vt 0.545535 0.395138
vt 0.544950 0.556102
vt 0.544678 0.396022
vt 0.544093 0.556986
vt 0.810634 0.524050
vt 0.813275 0.524664
vt 0.810260 0.537548
vt 0.821669 0.546854
vt 0.823456 0.533469
vt 0.824374 0.546669
vt 1.810634 0.524050
vt 1.810260 0.537548
vt 1.813275 0.524664
vt 1.821669 0.546854
vt 1.824374 0.546669
vt 1.823456 0.533469
vt 0.779333 0.569560
vt 0.768030 0.533874
vt 0.768008 0.427232
vt 0.802343 0.547056
vt 0.790623 0.605601
vt 0.811856 0.586283
vt 0.815045 0.614786
vt 0.792806 0.620216
vt 0.815505 0.638054
vt 0.793735 0.638315
vt 0.786743 0.827174
vt 0.804785 0.826670
vt 0.803980 0.869564
vt 0.786430 0.870137
vt 0.804319 0.908648
vt 0.787192 0.909293
vt 0.789322 0.946486
vt 0.806374 0.945749
vt 0.807507 0.957848
vt 0.790233 0.958611
vt 0.809589 0.971091
vt 0.800277 0.967339
vt 0.801722 0.992197
vt 0.808839 0.971140
vt 0.810581 0.991894
vt 0.799894 0.967364
vt 0.791416 0.992528
vt 0.768126 0.992494
vt 0.768119 0.958612
vt 0.746005 0.958620
vt 0.744835 0.992538
vt 0.736347 0.967377
vt 0.734529 0.992211
vt 0.746911 0.946495
vt 0.768116 0.946365
vt 0.749025 0.909301
vt 0.768108 0.908886
vt 0.768100 0.869741
vt 0.749770 0.870145
vt 0.768091 0.826742
vt 0.749439 0.827182
vt 0.742368 0.638326
vt 0.743290 0.620227
vt 0.745467 0.605611
vt 0.756741 0.569565
vt 0.815669 0.972808
vt 0.817285 0.991700
vt 0.810260 0.513867
vt 0.811476 0.508646
vt 0.814848 0.514935
vt 0.733722 0.547071
vt 0.724225 0.586302
vt 0.721049 0.614806
vt 0.720598 0.638074
vt 0.731397 0.826686
vt 0.732220 0.869579
vt 0.731898 0.908663
vt 0.729858 0.945765
vt 0.728730 0.957865
vt 0.726653 0.971108
vt 0.735964 0.967352
vt 0.727404 0.971157
vt 0.725671 0.991912
vt 0.720574 0.972828
vt 0.718966 0.991720
vt 0.819674 0.556846
vt 0.824374 0.556524
vt 0.820040 0.562194
vt 1.779333 0.569560
vt 1.768008 0.427232
vt 1.768030 0.533874
vt 1.802343 0.547056
vt 1.790623 0.605601
vt 1.811856 0.586283
vt 1.815045 0.614786
vt 1.792806 0.620216
vt 1.815505 0.638054
vt 1.793735 0.638315
vt 1.786743 0.827174
vt 1.804785 0.826670
vt 1.803980 0.869564
vt 1.786430 0.870137
vt 1.804319 0.908648
vt 1.787192 0.909293
vt 1.789322 0.946486
vt 1.806374 0.945749
vt 1.807507 0.957848
vt 1.790233 0.958611
vt 1.809589 0.971091
vt 1.800277 0.967339
vt 1.801722 0.992197
vt 1.808839 0.971140
vt 1.799894 0.967364
vt 1.810581 0.991894
vt 1.791416 0.992528
vt 1.768126 0.992494
vt 1.768119 0.958612
vt 1.746005 0.958620
vt 1.744835 0.992538
vt 1.736347 0.967377
vt 1.734529 0.992211
vt 1.746911 0.946495
vt 1.768116 0.946365
vt 1.749025 0.909301
vt 1.768108 0.908886
vt 1.768100 0.869741
vt 1.749770 0.870145
vt 1.768091 0.826742
vt 1.749439 0.827182
vt 1.742368 0.638326
vt 1.743290 0.620227
vt 1.745467 0.605611
vt 1.756741 0.569565
vt 1.815669 0.972808
vt 1.817285 0.991700
vt 1.810260 0.513867
vt 1.814848 0.514935
vt 1.811476 0.508646
vt 1.733722 0.547071
vt 1.724225 0.586302
vt 1.721049 0.614806
vt 1.720598 0.638074
vt 1.731397 0.826686
vt 1.732220 0.869579
vt 1.731898 0.908663
vt 1.729858 0.945765
vt 1.728730 0.957865
vt 1.726653 0.971108
vt 1.735964 0.967352
vt 1.727404 0.971157
vt 1.725671 0.991912
vt 1.720574 0.972828
vt 1.718966 0.991720
vt 1.819674 0.556846
vt 1.820040 0.562194
vt 1.824374 0.556524
vt 0.343825 0.885708
vt 0.349583 0.926641
vt 0.343825 0.926641
vt 0.349583 0.885708
vt 0.356634 0.885708
vt 0.356634 0.926641
vt 0.364330 0.885708
vt 0.364330 0.926641
vt 0.372663 0.885708
vt 0.372663 0.926641
vt 0.381264 0.885708
vt 0.381264 0.926641
vt 0.388997 0.885708
vt 0.388997 0.926641
vt 0.395194 0.885708
vt 0.395194 0.926641
vt 0.400006 0.885708
vt 0.400003 0.926641
vt 0.404817 0.885708
vt 0.404817 0.926641
vt 0.411010 0.885708
vt 0.411010 0.926641
vt 0.418739 0.885708
vt 0.418739 0.926641
vt 0.427334 0.885708
vt 0.427334 0.926641
vt 0.435666 0.885708
vt 0.435666 0.926641
vt 0.443361 0.885708
vt 0.443361 0.926641
vt 0.450413 0.885708
vt 0.450413 0.926641
vt 0.456170 0.885708
vt 0.456170 0.926641
vt 0.343825 0.935685
vt 0.349583 0.948112
vt 0.343825 0.948112
vt 0.349583 0.935685
vt 0.356634 0.935685
vt 0.356634 0.948112
vt 0.364330 0.935685
vt 0.364330 0.948112
vt 0.372663 0.935685
vt 0.372663 0.948112
vt 0.381264 0.935685
vt 0.381264 0.948112
vt 0.388997 0.935685
vt 0.388997 0.948112
vt 0.395194 0.935685
vt 0.395194 0.948112
vt 0.400003 0.935685
vt 0.400004 0.948112
vt 0.404817 0.935685
vt 0.404817 0.948112
vt 0.411010 0.935685
vt 0.411010 0.948112
vt 0.418739 0.935685
vt 0.418739 0.948112
vt 0.427334 0.935685
vt 0.427334 0.948112
vt 0.435666 0.935685
vt 0.435666 0.948112
vt 0.443361 0.935685
vt 0.443361 0.948112
vt 0.450413 0.935685
vt 0.450413 0.948112
vt 0.456170 0.935685
vt 0.456170 0.948112
vt 0.349583 0.958952
vt 0.343825 0.958952
vt 0.356634 0.958952
vt 0.364330 0.958952
vt 0.372663 0.958952
vt 0.381264 0.958952
vt 0.388997 0.958952
vt 0.395194 0.958952
vt 0.400008 0.958952
vt 0.404817 0.958952
vt 0.411010 0.958952
vt 0.418739 0.958952
vt 0.427334 0.958952
vt 0.435666 0.958952
vt 0.443361 0.958952
vt 0.450413 0.958952
vt 0.456170 0.958952
vt 0.339052 0.118648
vt 0.331900 0.122777
vt 0.322469 0.110360
vt 0.342670 0.113982
vt 0.322474 0.124404
vt 0.343506 0.110365
vt 0.313046 0.122776
vt 0.342668 0.106746
vt 0.305891 0.118644
vt 0.339046 0.102076
vt 0.302269 0.113973
vt 0.331891 0.097943
vt 0.301432 0.110354
vt 0.322463 0.096315
vt 0.302268 0.106737
vt 0.313037 0.097942
vt 0.305886 0.102072
vt 0.371760 0.769328
vt 0.376807 0.870566
vt 0.371760 0.870566
vt 0.376807 0.769328
vt 0.382500 0.870566
vt 0.382500 0.769328
vt 0.388995 0.870566
vt 0.388995 0.769328
vt 0.396003 0.870566
vt 0.396003 0.769328
vt 0.403011 0.870566
vt 0.403011 0.769328
vt 0.409509 0.870566
vt 0.409509 0.769328
vt 0.415206 0.870566
vt 0.415206 0.769328
vt 0.420256 0.870566
vt 0.420256 0.769328
vt 0.425309 0.870566
vt 0.425309 0.769328
vt 0.431003 0.870566
vt 0.431003 0.769328
vt 0.437499 0.870566
vt 0.437499 0.769328
vt 0.444506 0.870566
vt 0.444506 0.769328
vt 0.451514 0.870566
vt 0.451514 0.769328
vt 0.458010 0.870566
vt 0.458010 0.769328
vt 0.463703 0.870566
vt 0.463703 0.769328
vt 0.468755 0.870566
vt 0.468755 0.769328
vt 0.132996 0.260102
vt 0.139795 0.277493
vt 0.134472 0.277398
vt 0.147186 0.260278
vt 0.145123 0.277569
vt 0.072598 0.322579
vt 0.046369 0.327737
vt 0.049261 0.322356
vt 0.072599 0.358375
vt 0.053221 0.358189
vt 0.054982 0.408263
vt 0.072605 0.406622
vt 0.090217 0.408247
vt 0.091975 0.358187
vt 0.098826 0.327737
vt 0.095934 0.322356
vt 0.100119 0.358475
vt 0.098507 0.407157
vt 0.107028 0.326538
vt 0.044014 0.316923
vt 0.038167 0.326539
vt 0.101181 0.316923
vt 0.045077 0.358477
vt 0.046689 0.407168
vt 0.045111 0.409187
vt 0.056469 0.419015
vt 0.045147 0.420610
vt 0.054595 0.410173
vt 0.090604 0.410156
vt 0.100031 0.420603
vt 0.088727 0.418972
vt 0.100083 0.409177
vt 0.072605 0.408290
vt 0.072621 0.419926
vt 0.059595 0.208259
vt 0.054997 0.237439
vt 0.046507 0.233869
vt 0.067033 0.212060
vt 0.043662 0.274214
vt 0.034644 0.271426
vt 0.061595 0.249865
vt 0.065906 0.245205
vt 0.055056 0.273973
vt 0.058445 0.282321
vt 0.045845 0.289934
vt 0.073091 0.288424
vt 0.065456 0.288431
vt 0.073099 0.245201
vt 0.084602 0.249870
vt 0.080292 0.245208
vt 0.091132 0.273980
vt 0.087739 0.282326
vt 0.080726 0.288434
vt 0.060687 0.300419
vt 0.040719 0.292366
vt 0.034594 0.277938
vt 0.048544 0.307141
vt 0.073086 0.314247
vt 0.060433 0.314010
vt 0.073089 0.299739
vt 0.085490 0.300424
vt 0.085738 0.314015
vt 0.073105 0.212054
vt 0.079178 0.212062
vt 0.073107 0.203859
vt 0.067030 0.203860
vt 0.079184 0.203862
vt 0.086617 0.208264
vt 0.091204 0.237446
vt 0.099695 0.233879
vt 0.102525 0.274226
vt 0.111544 0.271441
vt 0.100336 0.289944
vt 0.105461 0.292378
vt 0.111592 0.277953
vt 0.097630 0.307151
vt 0.172036 0.971730
vt 0.166770 0.948378
vt 0.172036 0.948378
vt 0.166770 0.971730
vt 0.160489 0.948378
vt 0.160489 0.971730
vt 0.153120 0.948378
vt 0.153120 0.971730
vt 0.145260 0.948378
vt 0.145260 0.971730
vt 0.137326 0.948378
vt 0.137326 0.971730
vt 0.129807 0.948378
vt 0.129807 0.971730
vt 0.123139 0.948378
vt 0.123139 0.971730
vt 0.117470 0.948378
vt 0.117470 0.971730
vt 0.111802 0.948378
vt 0.111802 0.971730
vt 0.105129 0.948378
vt 0.105129 0.971730
vt 0.097605 0.948378
vt 0.097605 0.971730
vt 0.089668 0.948378
vt 0.089668 0.971730
vt 0.081806 0.948378
vt 0.081806 0.971730
vt 0.074436 0.948378
vt 0.074436 0.971730
vt 0.068156 0.948378
vt 0.068156 0.971730
vt 0.062891 0.948378
vt 0.062891 0.971730
vt 0.062891 0.943472
vt 0.068156 0.943472
vt 0.074436 0.943472
vt 0.081806 0.943472
vt 0.089668 0.943472
vt 0.097605 0.943472
vt 0.105129 0.943472
vt 0.111802 0.943472
vt 0.117470 0.943472
vt 0.123139 0.943472
vt 0.129807 0.943472
vt 0.137326 0.943472
vt 0.145260 0.943472
vt 0.153120 0.943472
vt 0.160489 0.943472
vt 0.166770 0.943472
vt 0.172036 0.943472
vt 0.166770 0.937015
vt 0.172036 0.937015
vt 0.160489 0.937015
vt 0.153120 0.937015
vt 0.145260 0.937015
vt 0.137326 0.937015
vt 0.129807 0.937015
vt 0.123139 0.937015
vt 0.117470 0.937015
vt 0.111802 0.937015
vt 0.105129 0.937015
vt 0.097605 0.937015
vt 0.089668 0.937015
vt 0.081806 0.937015
vt 0.074436 0.937015
vt 0.068156 0.937015
vt 0.062891 0.937015
vt 0.172036 0.978362
vt 0.166770 0.978362
vt 0.160489 0.978362
vt 0.153120 0.978362
vt 0.145260 0.978362
vt 0.137326 0.978362
vt 0.129807 0.978362
vt 0.123139 0.978362
vt 0.117470 0.978362
vt 0.111802 0.978362
vt 0.105129 0.978362
vt 0.097605 0.978362
vt 0.089668 0.978362
vt 0.081806 0.978362
vt 0.074436 0.978362
vt 0.068156 0.978362
vt 0.062891 0.978362
vt 0.062891 0.986433
vt 0.068156 0.995336
vt 0.062891 0.995336
vt 0.068156 0.986433
vt 0.074436 0.995336
vt 0.074436 0.986433
vt 0.081806 0.995336
vt 0.081806 0.986433
vt 0.089668 0.995336
vt 0.089668 0.986433
vt 0.097605 0.995336
vt 0.097605 0.986433
vt 0.105129 0.995336
vt 0.105129 0.986433
vt 0.111802 0.995336
vt 0.111802 0.986433
vt 0.117470 0.995336
vt 0.117470 0.986433
vt 0.123139 0.995336
vt 0.123139 0.986433
vt 0.129807 0.995336
vt 0.129807 0.986433
vt 0.137326 0.995336
vt 0.137326 0.986433
vt 0.145260 0.995336
vt 0.145260 0.986433
vt 0.153120 0.995336
vt 0.153120 0.986433
vt 0.160489 0.995336
vt 0.160489 0.986433
vt 0.166770 0.995336
vt 0.166770 0.986433
vt 0.172036 0.995336
vt 0.172036 0.986433
vt 0.168432 0.634359
vt 0.168432 0.639048
vt 0.166966 0.639048
vt 0.166966 0.634359
vt 0.168432 0.628490
vt 0.166966 0.628490
vt 0.168432 0.622513
vt 0.166966 0.622513
vt 0.168432 0.616375
vt 0.166966 0.616375
vt 0.168432 0.610366
vt 0.166966 0.610366
vt 0.168432 0.604734
vt 0.166966 0.604734
vt 0.168432 0.599365
vt 0.166966 0.599365
vt 0.168432 0.594466
vt 0.166966 0.594467
vt 0.168432 0.589570
vt 0.166966 0.589570
vt 0.168432 0.584200
vt 0.166966 0.584200
vt 0.168432 0.578568
vt 0.166966 0.578568
vt 0.168432 0.572559
vt 0.166966 0.572559
vt 0.168432 0.566420
vt 0.166966 0.566420
vt 0.168432 0.560441
vt 0.166966 0.560441
vt 0.168432 0.554570
vt 0.166966 0.554570
vt 0.168432 0.549882
vt 0.166966 0.549882
vt 0.156555 0.549882
vt 0.158071 0.554570
vt 0.158842 0.560441
vt 0.158776 0.566420
vt 0.157619 0.572559
vt 0.155323 0.578568
vt 0.151991 0.584200
vt 0.147842 0.589570
vt 0.143407 0.594469
vt 0.147836 0.599364
vt 0.151991 0.604734
vt 0.155325 0.610366
vt 0.157622 0.616375
vt 0.158779 0.622513
vt 0.158845 0.628490
vt 0.158079 0.634359
vt 0.156557 0.639048
vt 0.133183 0.411403
vt 0.137131 0.424714
vt 0.132822 0.424338
vt 0.137399 0.411715
vt 0.141453 0.424508
vt 0.141625 0.411580
vt 0.124966 0.410953
vt 0.124111 0.423088
vt 0.150189 0.423571
vt 0.149847 0.411504
vt 0.112160 0.503348
vt 0.125373 0.526888
vt 0.104182 0.513146
vt 0.127705 0.509759
vt 0.134659 0.510516
vt 0.141741 0.527912
vt 0.133452 0.529149
vt 0.141662 0.510596
vt 0.135516 0.496222
vt 0.141848 0.496143
vt 0.129249 0.495547
vt 0.117345 0.493965
vt 0.155422 0.277400
vt 0.124168 0.276911
vt 0.121909 0.257954
vt 0.158392 0.258638
vt 0.158128 0.506272
vt 0.154169 0.495945
vt 0.164275 0.517278
vt 0.083665 0.786076
vt 0.078203 0.794046
vt 0.079448 0.785977
vt 0.084343 0.794309
vt 0.091200 0.781660
vt 0.084279 0.781240
vt 0.079047 0.780904
vt 0.072068 0.781077
vt 0.118977 0.278039
vt 0.117205 0.259878
vt 0.118979 0.410986
vt 0.101927 0.505216
vt 0.108046 0.499710
vt 0.156093 0.423053
vt 0.159684 0.494786
vt 0.160440 0.278700
vt 0.161366 0.411899
vt 0.155818 0.411789
vt 0.167481 0.278972
vt 0.163002 0.260789
vt 0.163033 0.503307
vt 0.118162 0.422379
vt 0.167757 0.510197
vt 0.112246 0.492337
vt 0.168458 0.500764
vt 0.172162 0.507507
vt 0.161380 0.422876
vt 0.165771 0.493256
vt 0.166079 0.145584
vt 0.183593 0.099752
vt 0.183667 0.150720
vt 0.166791 0.104471
vt 0.134432 0.148384
vt 0.122755 0.199822
vt 0.118827 0.148092
vt 0.141754 0.201218
vt 0.149843 0.148606
vt 0.165602 0.148565
vt 0.160811 0.200133
vt 0.181780 0.152790
vt 0.175181 0.197022
vt 0.108258 0.196339
vt 0.103280 0.151526
vt 0.159295 0.207106
vt 0.123605 0.206661
vt 0.108040 0.208455
vt 0.149925 0.145736
vt 0.118425 0.145208
vt 0.134412 0.145621
vt 0.101533 0.149426
vt 0.108402 0.675263
vt 0.129424 0.624618
vt 0.129414 0.680780
vt 0.109063 0.629872
vt 0.174979 0.209623
vt 0.119565 0.104246
vt 0.135364 0.104217
vt 0.150707 0.104413
vt 0.135451 0.101495
vt 0.120084 0.101331
vt 0.126232 0.052009
vt 0.143834 0.051479
vt 0.150653 0.101565
vt 0.166325 0.101588
vt 0.161474 0.052419
vt 0.181786 0.097701
vt 0.175199 0.054378
vt 0.112184 0.053413
vt 0.104284 0.096892
vt 0.102386 0.098885
vt 0.036684 0.680008
vt 0.057676 0.629362
vt 0.057014 0.674746
vt 0.036684 0.623830
vt 0.091069 0.677562
vt 0.108309 0.677381
vt 0.099735 0.732508
vt 0.081817 0.733291
vt 0.074241 0.677406
vt 0.057071 0.676833
vt 0.063982 0.731752
vt 0.037204 0.681895
vt 0.049725 0.730285
vt 0.114200 0.731421
vt 0.128850 0.682730
vt 0.065980 0.737342
vt 0.097993 0.737937
vt 0.109600 0.741791
vt 0.074287 0.675464
vt 0.091071 0.675628
vt 0.187319 0.099248
vt 0.187319 0.151268
vt 0.054366 0.740999
vt 0.091831 0.629153
vt 0.075053 0.629001
vt 0.091868 0.627224
vt 0.101350 0.572644
vt 0.108997 0.627788
vt 0.083722 0.571270
vt 0.075046 0.627053
vt 0.057760 0.627241
vt 0.066010 0.572254
vt 0.037242 0.621879
vt 0.051435 0.573314
vt 0.115909 0.574121
vt 0.128898 0.622730
vt 0.187087 0.153366
vt 0.097976 0.151940
vt 0.097809 0.149830
vt 0.098791 0.098253
vt 0.178640 0.197989
vt 0.179235 0.209989
vt 0.103798 0.208664
vt 0.104732 0.197174
vt 0.187085 0.097136
vt 0.099076 0.096182
vt 0.178521 0.053209
vt 0.108860 0.052130
vt 1.149442 0.703108
vt 1.150037 0.696420
vt 1.148447 0.701719
vt 1.152964 0.694815
vt 1.143209 0.779787
vt 1.147762 0.733775
vt 1.144838 0.734165
vt 1.147762 0.779171
vt 1.143166 0.792567
vt 1.150686 0.734165
vt 1.147762 0.790494
vt 1.152314 0.779787
vt 1.152357 0.792567
vt 1.126964 0.777267
vt 1.133647 0.735465
vt 1.122344 0.787429
vt 1.113785 0.796622
vt 1.173179 0.787429
vt 1.181739 0.796622
vt 1.168559 0.777267
vt 1.161876 0.735465
vt 1.121215 0.775950
vt 1.126367 0.734055
vt 1.109183 0.792178
vt 1.117007 0.784063
vt 1.133746 0.733689
vt 1.146083 0.703105
vt 1.136422 0.704222
vt 1.145249 0.732534
vt 1.147767 0.703346
vt 1.147098 0.701739
vt 1.147264 0.691403
vt 1.145658 0.696376
vt 1.147873 0.694258
vt 1.142762 0.694697
vt 1.148547 0.691422
vt 1.147762 0.732379
vt 1.150275 0.732534
vt 1.174309 0.775950
vt 1.178517 0.784063
vt 1.186340 0.792178
vt 1.169157 0.734056
vt 1.161777 0.733690
vt 1.164608 0.703236
vt 1.159102 0.704225
vt 1.167652 0.732332
vt 1.127871 0.732331
vt 1.130916 0.703234
vt 1.046369 0.327737
vt 1.072598 0.322579
vt 1.049261 0.322356
vt 1.072599 0.358375
vt 1.053221 0.358189
vt 1.054982 0.408263
vt 1.072605 0.406622
vt 1.090217 0.408247
vt 1.091975 0.358187
vt 1.098826 0.327737
vt 1.095934 0.322356
vt 1.100119 0.358475
vt 1.098507 0.407157
vt 1.107028 0.326538
vt 1.044014 0.316923
vt 1.038167 0.326539
vt 1.101181 0.316923
vt 1.045077 0.358477
vt 1.046689 0.407168
vt 1.045111 0.409187
vt 1.056469 0.419015
vt 1.054595 0.410173
vt 1.045147 0.420610
vt 1.090604 0.410156
vt 1.100031 0.420603
vt 1.100083 0.409177
vt 1.088727 0.418972
vt 1.072605 0.408290
vt 1.072621 0.419926
vt 1.059595 0.208259
vt 1.054997 0.237439
vt 1.067032 0.212060
vt 1.046507 0.233869
vt 1.043662 0.274214
vt 1.034644 0.271426
vt 1.061595 0.249865
vt 1.065906 0.245205
vt 1.055055 0.273973
vt 1.058445 0.282321
vt 1.045845 0.289934
vt 1.073091 0.288424
vt 1.065456 0.288431
vt 1.073099 0.245201
vt 1.084602 0.249870
vt 1.080292 0.245208
vt 1.091132 0.273980
vt 1.087739 0.282326
vt 1.080726 0.288434
vt 1.060687 0.300419
vt 1.040719 0.292366
vt 1.034594 0.277938
vt 1.048544 0.307141
vt 1.060433 0.314010
vt 1.073086 0.314247
vt 1.073089 0.299739
vt 1.085490 0.300424
vt 1.085738 0.314015
vt 1.073105 0.212054
vt 1.079178 0.212062
vt 1.073107 0.203859
vt 1.067030 0.203860
vt 1.079184 0.203862
vt 1.086617 0.208264
vt 1.091204 0.237446
vt 1.099695 0.233879
vt 1.102525 0.274226
vt 1.111544 0.271441
vt 1.100336 0.289944
vt 1.105461 0.292378
vt 1.111592 0.277953
vt 1.097630 0.307151
vt 0.070166 0.102831
vt 0.067547 0.105599
vt 0.058970 0.099601
vt 0.071080 0.099577
vt 0.063624 0.107460
vt 0.070151 0.096326
vt 0.058990 0.108123
vt 0.067519 0.093569
vt 0.054354 0.107478
vt 0.063587 0.091723
vt 0.050421 0.105633
vt 0.058950 0.091079
vt 0.047790 0.102876
vt 0.054317 0.091742
vt 0.046860 0.099625
vt 0.050393 0.093603
vt 0.047775 0.096371
s 1
f 1/1/1 3/2/2 2/3/3
f 4/4/4 2/3/3 5/5/5
f 5/5/5 7/6/6 6/7/7
f 8/8/8 10/9/9 9/10/10
f 9/10/10 12/11/11 11/12/12
f 13/13/13 11/12/12 14/14/14
f 15/15/15 17/16/16 16/17/17
f 18/18/18 20/19/19 19/20/20
f 21/21/21 23/22/22 22/23/23
f 24/24/24 26/25/25 25/26/26
f 27/27/27 29/28/28 28/29/23
f 30/30/29 32/31/30 31/32/31
f 33/33/32 35/34/33 34/35/34
f 36/36/35 38/37/36 37/38/37
f 39/39/38 41/40/39 40/41/38
f 41/40/39 42/42/39 40/41/38
f 41/40/39 43/43/40 42/42/39
f 40/41/38 42/42/39 44/44/38
f 43/43/40 45/45/40 42/42/39
f 43/43/40 46/46/41 45/45/40
f 42/42/39 47/47/39 44/44/38
f 48/48/42 44/44/38 47/47/39
f 45/45/40 49/49/40 42/42/39
f 49/49/40 47/47/39 42/42/39
f 46/46/41 50/50/41 45/45/40
f 45/45/40 50/50/41 49/49/40
f 50/50/41 46/46/41 51/51/43
f 52/52/44 50/50/41 51/51/43
f 53/53/41 50/50/41 52/52/44
f 50/50/41 53/53/41 49/49/40
f 54/54/44 53/53/41 52/52/44
f 55/55/45 53/53/41 54/54/44
f 53/53/41 55/55/45 49/49/40
f 56/56/46 55/55/45 54/54/44
f 57/57/47 55/55/45 56/56/46
f 58/58/48 48/48/42 47/47/39
f 59/59/49 48/48/42 58/58/48
f 49/49/40 60/60/50 47/47/39
f 55/55/45 60/60/50 49/49/40
f 60/60/50 58/58/48 47/47/39
f 60/60/50 55/55/45 61/61/51
f 57/57/47 61/61/51 55/55/45
f 58/58/48 60/60/50 62/62/52
f 62/62/52 60/60/50 61/61/51
f 63/63/53 59/59/49 58/58/48
f 63/63/53 58/58/48 62/62/52
f 62/62/52 61/61/51 64/64/54
f 65/65/55 62/62/52 64/64/54
f 66/66/56 62/62/52 65/65/55
f 66/66/56 63/63/53 62/62/52
f 67/67/57 64/64/54 61/61/51
f 67/67/57 61/61/51 57/57/47
f 66/66/56 68/68/58 63/63/53
f 68/68/58 59/59/49 63/63/53
f 67/67/57 57/57/47 69/69/59
f 70/70/60 67/67/57 69/69/59
f 68/68/58 71/71/61 59/59/49
f 68/68/58 72/72/62 71/71/61
f 69/69/59 57/57/47 73/73/63
f 57/57/47 56/56/46 73/73/63
f 70/70/60 69/69/59 74/74/64
f 70/70/60 74/74/64 75/75/65
f 75/75/65 74/74/64 76/76/66
f 69/69/59 73/73/63 77/77/67
f 69/69/59 77/77/67 74/74/64
f 73/73/63 56/56/46 78/78/68
f 77/77/67 73/73/63 78/78/68
f 56/56/46 54/54/44 78/78/68
f 74/74/64 79/79/69 76/76/66
f 74/74/64 77/77/67 79/79/69
f 80/80/70 76/76/66 79/79/69
f 78/78/68 54/54/44 81/81/71
f 54/54/44 52/52/44 81/81/71
f 82/82/72 77/77/67 78/78/68
f 82/82/72 78/78/68 81/81/71
f 77/77/67 83/83/73 79/79/69
f 83/83/73 77/77/67 82/82/72
f 80/80/70 79/79/69 84/84/74
f 84/84/74 79/79/69 83/83/73
f 81/81/71 52/52/44 85/85/68
f 52/52/44 51/51/43 85/85/68
f 81/81/71 85/85/68 86/86/75
f 87/87/75 81/81/71 86/86/75
f 87/87/75 82/82/72 81/81/71
f 87/87/75 86/86/75 88/88/76
f 89/89/72 87/87/75 88/88/76
f 90/90/77 82/82/72 87/87/75
f 89/89/72 90/90/77 87/87/75
f 90/90/77 83/83/73 82/82/72
f 80/80/70 84/84/74 91/91/78
f 92/92/79 80/80/70 91/91/78
f 89/89/72 93/93/80 90/90/77
f 89/89/72 94/94/81 93/93/80
f 93/93/80 94/94/81 95/95/82
f 90/90/77 93/93/80 95/95/82
f 94/94/81 96/96/83 95/95/82
f 96/96/83 97/97/84 95/95/82
f 98/98/85 90/90/77 95/95/82
f 83/83/73 90/90/77 98/98/85
f 97/97/84 98/98/85 95/95/82
f 84/84/74 83/83/73 99/99/86
f 99/99/86 83/83/73 98/98/85
f 84/84/74 99/99/86 100/100/87
f 100/100/87 99/99/86 98/98/85
f 100/100/87 98/98/85 97/97/84
f 91/91/78 84/84/74 100/100/87
f 101/101/88 100/100/87 97/97/84
f 91/91/78 100/100/87 101/101/88
f 2/3/3 101/101/88 97/97/84
f 91/91/78 101/101/88 102/102/89
f 92/92/79 91/91/78 102/102/89
f 92/92/79 102/102/89 103/103/90
f 103/103/90 102/102/89 104/104/91
f 102/102/89 101/101/88 104/104/91
f 103/103/90 104/104/91 105/105/92
f 106/106/93 101/101/88 2/3/3
f 101/101/88 107/107/94 104/104/91
f 106/106/93 107/107/94 101/101/88
f 105/105/92 104/104/91 108/108/95
f 104/104/91 107/107/94 108/108/95
f 109/109/96 106/106/93 2/3/3
f 3/2/2 109/109/96 2/3/3
f 3/2/2 110/110/97 109/109/96
f 1/1/1 110/110/97 3/2/2
f 109/109/96 111/111/98 106/106/93
f 110/110/97 111/111/98 109/109/96
f 106/106/93 112/112/99 107/107/94
f 111/111/98 112/112/99 106/106/93
f 113/113/100 105/105/92 108/108/95
f 114/114/101 105/105/92 113/113/100
f 107/107/94 115/115/102 108/108/95
f 112/112/99 115/115/102 107/107/94
f 116/116/103 114/114/101 113/113/100
f 117/117/104 114/114/101 116/116/103
f 118/118/105 113/113/100 108/108/95
f 115/115/102 118/118/105 108/108/95
f 116/116/103 113/113/100 118/118/105
f 112/112/99 119/119/106 115/115/102
f 119/119/106 118/118/105 115/115/102
f 111/111/98 120/120/107 112/112/99
f 120/120/107 119/119/106 112/112/99
f 110/110/97 121/121/108 111/111/98
f 121/121/108 120/120/107 111/111/98
f 122/122/109 116/116/103 118/118/105
f 122/122/109 118/118/105 119/119/106
f 123/123/110 117/117/104 116/116/103
f 123/123/110 116/116/103 122/122/109
f 124/124/111 121/121/108 110/110/97
f 1/1/1 124/124/111 110/110/97
f 125/125/112 117/117/104 123/123/110
f 125/125/112 126/126/113 117/117/104
f 4/4/4 124/124/111 1/1/1
f 4/4/4 1/1/1 2/3/3
f 127/127/114 126/126/113 125/125/112
f 127/127/114 128/128/115 126/126/113
f 129/129/116 128/128/115 127/127/114
f 129/129/116 130/130/117 128/128/115
f 131/131/118 130/130/117 129/129/116
f 131/131/118 132/132/119 130/130/117
f 133/133/120 132/132/119 131/131/118
f 134/134/121 133/133/120 131/131/118
f 135/135/122 133/133/120 134/134/121
f 136/136/123 131/131/118 129/129/116
f 134/134/121 131/131/118 136/136/123
f 137/137/124 129/129/116 127/127/114
f 136/136/123 129/129/116 137/137/124
f 138/138/125 127/127/114 125/125/112
f 137/137/124 127/127/114 138/138/125
f 139/139/126 135/135/122 134/134/121
f 140/140/127 135/135/122 139/139/126
f 141/141/128 134/134/121 136/136/123
f 139/139/126 134/134/121 141/141/128
f 138/138/125 125/125/112 142/142/129
f 142/142/129 125/125/112 123/123/110
f 142/142/129 123/123/110 143/143/130
f 143/143/130 123/123/110 122/122/109
f 143/143/130 122/122/109 144/144/131
f 144/144/131 122/122/109 119/119/106
f 142/142/129 143/143/130 145/145/132
f 145/145/132 143/143/130 144/144/131
f 138/138/125 142/142/129 146/146/133
f 146/146/133 142/142/129 145/145/132
f 144/144/131 119/119/106 147/147/134
f 119/119/106 120/120/107 147/147/134
f 147/147/134 120/120/107 148/148/135
f 120/120/107 121/121/108 148/148/135
f 149/149/136 144/144/131 147/147/134
f 149/149/136 147/147/134 148/148/135
f 145/145/132 144/144/131 150/150/137
f 150/150/137 144/144/131 149/149/136
f 151/151/138 149/149/136 148/148/135
f 150/150/137 149/149/136 151/151/138
f 145/145/132 150/150/137 152/152/139
f 146/146/133 145/145/132 152/152/139
f 152/152/139 150/150/137 151/151/138
f 153/153/140 138/138/125 146/146/133
f 137/137/124 138/138/125 153/153/140
f 148/148/135 121/121/108 154/154/141
f 151/151/138 148/148/135 154/154/141
f 152/152/139 151/151/138 155/155/142
f 155/155/142 151/151/138 154/154/141
f 146/146/133 152/152/139 156/156/143
f 153/153/140 146/146/133 156/156/143
f 156/156/143 152/152/139 155/155/142
f 157/157/144 137/137/124 153/153/140
f 136/136/123 137/137/124 157/157/144
f 153/153/140 156/156/143 158/158/145
f 157/157/144 153/153/140 158/158/145
f 156/156/143 155/155/142 159/159/146
f 158/158/145 156/156/143 159/159/146
f 160/160/147 136/136/123 157/157/144
f 141/141/128 136/136/123 160/160/147
f 157/157/144 158/158/145 161/161/148
f 160/160/147 157/157/144 161/161/148
f 155/155/142 154/154/141 162/162/149
f 159/159/146 155/155/142 162/162/149
f 158/158/145 159/159/146 163/163/150
f 161/161/148 158/158/145 163/163/150
f 159/159/146 162/162/149 164/164/151
f 163/163/150 159/159/146 164/164/151
f 154/154/141 165/165/152 162/162/149
f 162/162/149 165/165/152 164/164/151
f 154/154/141 166/166/153 165/165/152
f 121/121/108 166/166/153 154/154/141
f 124/124/111 166/166/153 121/121/108
f 167/167/154 166/166/153 124/124/111
f 167/167/154 165/165/152 166/166/153
f 4/4/4 167/167/154 124/124/111
f 160/160/147 161/161/148 168/168/155
f 161/161/148 163/163/150 169/169/156
f 168/168/155 161/161/148 169/169/156
f 168/168/155 169/169/156 170/170/157
f 171/171/158 160/160/147 168/168/155
f 171/171/158 168/168/155 170/170/157
f 171/171/158 141/141/128 160/160/147
f 169/169/156 163/163/150 172/172/159
f 169/169/156 172/172/159 170/170/157
f 163/163/150 164/164/151 172/172/159
f 173/173/160 141/141/128 171/171/158
f 170/170/157 173/173/160 171/171/158
f 173/173/160 139/139/126 141/141/128
f 165/165/152 174/174/161 164/164/151
f 164/164/151 174/174/161 172/172/159
f 175/175/162 165/165/152 167/167/154
f 175/175/162 174/174/161 165/165/152
f 176/176/163 139/139/126 173/173/160
f 176/176/163 140/140/127 139/139/126
f 174/174/161 177/177/164 172/172/159
f 172/172/159 177/177/164 170/170/157
f 178/178/165 173/173/160 170/170/157
f 178/178/165 176/176/163 173/173/160
f 179/179/166 175/175/162 167/167/154
f 179/179/166 167/167/154 4/4/4
f 180/180/167 174/174/161 175/175/162
f 180/180/167 177/177/164 174/174/161
f 177/177/164 181/181/168 170/170/157
f 181/181/168 178/178/165 170/170/157
f 182/182/169 181/181/168 177/177/164
f 182/182/169 177/177/164 180/180/167
f 183/183/170 180/180/167 175/175/162
f 183/183/170 175/175/162 179/179/166
f 179/179/166 4/4/4 184/184/171
f 184/184/171 4/4/4 5/5/5
f 5/5/5 6/7/7 184/184/171
f 185/185/172 178/178/165 181/181/168
f 185/185/172 181/181/168 182/182/169
f 186/186/173 182/182/169 180/180/167
f 186/186/173 180/180/167 183/183/170
f 178/178/165 185/185/172 187/187/174
f 176/176/163 178/178/165 187/187/174
f 188/188/175 185/185/172 182/182/169
f 188/188/175 182/182/169 186/186/173
f 185/185/172 188/188/175 187/187/174
f 189/189/176 176/176/163 187/187/174
f 188/188/175 189/189/176 187/187/174
f 189/189/176 140/140/127 176/176/163
f 188/188/175 186/186/173 190/190/177
f 190/190/177 186/186/173 183/183/170
f 189/189/176 188/188/175 191/191/178
f 191/191/178 188/188/175 190/190/177
f 140/140/127 189/189/176 192/192/179
f 189/189/176 191/191/178 192/192/179
f 140/140/127 192/192/179 193/193/180
f 193/193/180 192/192/179 194/194/181
f 192/192/179 191/191/178 194/194/181
f 195/195/100 193/193/180 194/194/181
f 196/196/101 193/193/180 195/195/100
f 197/197/103 196/196/101 195/195/100
f 198/198/182 196/196/101 197/197/103
f 199/199/183 195/195/100 194/194/181
f 197/197/103 195/195/100 199/199/183
f 191/191/178 200/200/184 194/194/181
f 200/200/184 199/199/183 194/194/181
f 201/201/185 200/200/184 191/191/178
f 190/190/177 201/201/185 191/191/178
f 202/202/186 199/199/183 200/200/184
f 201/201/185 202/202/186 200/200/184
f 203/203/187 197/197/103 199/199/183
f 203/203/187 199/199/183 202/202/186
f 204/204/110 198/198/182 197/197/103
f 204/204/110 197/197/103 203/203/187
f 205/205/112 198/198/182 204/204/110
f 205/205/112 206/206/113 198/198/182
f 207/207/114 206/206/113 205/205/112
f 207/207/114 208/208/115 206/206/113
f 209/209/188 208/208/115 207/207/114
f 209/209/188 210/210/189 208/208/115
f 211/211/190 210/210/189 209/209/188
f 211/211/190 212/212/119 210/210/189
f 213/213/191 212/212/119 211/211/190
f 214/214/121 213/213/191 211/211/190
f 215/215/192 213/213/191 214/214/121
f 216/216/193 211/211/190 209/209/188
f 214/214/121 211/211/190 216/216/193
f 217/217/124 209/209/188 207/207/114
f 216/216/193 209/209/188 217/217/124
f 218/218/125 207/207/114 205/205/112
f 217/217/124 207/207/114 218/218/125
f 219/219/194 205/205/112 204/204/110
f 218/218/125 205/205/112 219/219/194
f 220/220/195 215/215/192 214/214/121
f 221/221/196 215/215/192 220/220/195
f 222/222/128 214/214/121 216/216/193
f 220/220/195 214/214/121 222/222/128
f 219/219/194 204/204/110 223/223/197
f 223/223/197 204/204/110 203/203/187
f 223/223/197 203/203/187 224/224/198
f 224/224/198 203/203/187 202/202/186
f 219/219/194 223/223/197 225/225/199
f 225/225/199 223/223/197 224/224/198
f 218/218/125 219/219/194 226/226/200
f 226/226/200 219/219/194 225/225/199
f 227/227/201 218/218/125 226/226/200
f 217/217/124 218/218/125 227/227/201
f 216/216/193 217/217/124 228/228/202
f 228/228/202 217/217/124 227/227/201
f 222/222/128 216/216/193 229/229/203
f 229/229/203 216/216/193 228/228/202
f 226/226/200 225/225/199 230/230/204
f 227/227/201 226/226/200 231/231/205
f 226/226/200 230/230/204 231/231/205
f 228/228/202 227/227/201 232/232/145
f 227/227/201 231/231/205 232/232/145
f 225/225/199 224/224/198 233/233/206
f 225/225/199 233/233/206 230/230/204
f 229/229/203 228/228/202 234/234/207
f 228/228/202 232/232/145 234/234/207
f 235/235/208 222/222/128 229/229/203
f 229/229/203 234/234/207 236/236/209
f 235/235/208 229/229/203 236/236/209
f 235/235/208 236/236/209 237/237/210
f 238/238/211 222/222/128 235/235/208
f 237/237/210 238/238/211 235/235/208
f 238/238/211 220/220/195 222/222/128
f 236/236/209 234/234/207 239/239/212
f 236/236/209 239/239/212 237/237/210
f 234/234/207 232/232/145 240/240/213
f 234/234/207 240/240/213 239/239/212
f 241/241/214 220/220/195 238/238/211
f 241/241/214 221/221/196 220/220/195
f 242/242/215 238/238/211 237/237/210
f 242/242/215 241/241/214 238/238/211
f 243/243/176 221/221/196 241/241/214
f 221/221/196 243/243/176 244/244/216
f 232/232/145 245/245/217 240/240/213
f 232/232/145 231/231/205 245/245/217
f 239/239/212 240/240/213 246/246/218
f 239/239/212 246/246/218 237/237/210
f 241/241/214 242/242/215 247/247/219
f 243/243/176 241/241/214 247/247/219
f 243/243/176 248/248/220 244/244/216
f 244/244/216 248/248/220 249/249/221
f 250/250/222 243/243/176 247/247/219
f 243/243/176 250/250/222 248/248/220
f 242/242/215 251/251/223 247/247/219
f 251/251/223 250/250/222 247/247/219
f 252/252/168 242/242/215 237/237/210
f 251/251/223 242/242/215 252/252/168
f 253/253/164 252/252/168 237/237/210
f 246/246/218 253/253/164 237/237/210
f 251/251/223 252/252/168 254/254/169
f 250/250/222 251/251/223 254/254/169
f 254/254/169 252/252/168 253/253/164
f 240/240/213 255/255/224 246/246/218
f 240/240/213 245/245/217 255/255/224
f 256/256/225 253/253/164 246/246/218
f 255/255/224 256/256/225 246/246/218
f 254/254/169 253/253/164 257/257/226
f 257/257/226 253/253/164 256/256/225
f 250/250/222 254/254/169 258/258/173
f 258/258/173 254/254/169 257/257/226
f 250/250/222 259/259/227 248/248/220
f 259/259/227 250/250/222 258/258/173
f 248/248/220 259/259/227 260/260/228
f 259/259/227 258/258/173 5/5/5
f 260/260/228 259/259/227 5/5/5
f 258/258/173 257/257/226 261/261/229
f 258/258/173 261/261/229 5/5/5
f 257/257/226 256/256/225 262/262/230
f 261/261/229 257/257/226 262/262/230
f 5/5/5 261/261/229 7/6/6
f 261/261/229 262/262/230 7/6/6
f 263/263/231 260/260/228 5/5/5
f 264/264/232 256/256/225 255/255/224
f 262/262/230 256/256/225 264/264/232
f 7/6/6 262/262/230 265/265/233
f 262/262/230 264/264/232 265/265/233
f 7/6/6 265/265/233 6/7/7
f 6/7/7 265/265/233 266/266/111
f 6/7/7 266/266/111 184/184/171
f 267/267/234 264/264/232 255/255/224
f 245/245/217 267/267/234 255/255/224
f 265/265/233 264/264/232 268/268/235
f 265/265/233 268/268/235 266/266/111
f 245/245/217 269/269/236 267/267/234
f 231/231/205 269/269/236 245/245/217
f 231/231/205 230/230/204 269/269/236
f 270/270/237 264/264/232 267/267/234
f 270/270/237 268/268/235 264/264/232
f 269/269/236 270/270/237 267/267/234
f 230/230/204 271/271/238 269/269/236
f 269/269/236 271/271/238 270/270/237
f 230/230/204 233/233/206 271/271/238
f 266/266/111 268/268/235 272/272/239
f 272/272/239 268/268/235 270/270/237
f 184/184/171 266/266/111 273/273/240
f 266/266/111 272/272/239 273/273/240
f 271/271/238 274/274/241 270/270/237
f 274/274/241 272/272/239 270/270/237
f 233/233/206 275/275/242 271/271/238
f 271/271/238 275/275/242 274/274/241
f 233/233/206 224/224/198 275/275/242
f 275/275/242 224/224/198 276/276/134
f 275/275/242 276/276/134 274/274/241
f 224/224/198 202/202/186 276/276/134
f 276/276/134 277/277/243 274/274/241
f 202/202/186 277/277/243 276/276/134
f 277/277/243 272/272/239 274/274/241
f 277/277/243 202/202/186 201/201/185
f 272/272/239 277/277/243 278/278/244
f 278/278/244 277/277/243 201/201/185
f 273/273/240 272/272/239 278/278/244
f 278/278/244 201/201/185 190/190/177
f 279/279/245 278/278/244 190/190/177
f 273/273/240 278/278/244 279/279/245
f 279/279/245 190/190/177 183/183/170
f 280/280/246 273/273/240 279/279/245
f 279/279/245 183/183/170 280/280/246
f 184/184/171 273/273/240 280/280/246
f 183/183/170 179/179/166 280/280/246
f 280/280/246 179/179/166 184/184/171
f 281/281/247 33/33/32 34/35/34
f 282/282/248 33/33/32 281/281/247
f 282/282/248 281/281/247 283/283/249
f 282/282/248 283/283/249 284/284/250
f 285/285/248 282/282/248 284/284/250
f 285/285/248 284/284/250 286/286/251
f 287/287/248 282/282/248 285/285/248
f 287/287/248 33/33/32 282/282/248
f 285/285/248 286/286/251 288/288/248
f 288/288/248 287/287/248 285/285/248
f 288/288/248 286/286/251 289/289/252
f 288/288/248 290/290/248 287/287/248
f 287/287/248 290/290/248 33/33/32
f 288/288/248 289/289/252 291/291/248
f 290/290/248 288/288/248 291/291/248
f 291/291/248 289/289/252 292/292/253
f 290/290/248 5/5/5 33/33/32
f 290/290/248 291/291/248 5/5/5
f 291/291/248 292/292/253 293/293/254
f 293/293/254 292/292/253 294/294/255
f 263/263/231 5/5/5 291/291/248
f 263/263/231 291/291/248 293/293/254
f 293/293/254 295/295/256 263/263/231
f 33/33/32 5/5/5 2/3/3
f 295/295/256 296/296/257 263/263/231
f 293/293/254 294/294/255 297/297/258
f 297/297/258 294/294/255 298/298/259
f 297/297/258 298/298/259 299/299/260
f 300/300/261 33/33/32 2/3/3
f 2/3/3 97/97/84 300/300/261
f 293/293/254 297/297/258 301/301/262
f 293/293/254 301/301/262 295/295/256
f 297/297/258 299/299/260 302/302/263
f 297/297/258 302/302/263 301/301/262
f 299/299/260 303/303/264 302/302/263
f 302/302/263 303/303/264 304/304/265
f 301/301/262 302/302/263 304/304/265
f 303/303/264 305/305/266 304/304/265
f 305/305/266 306/306/267 304/304/265
f 306/306/267 307/307/268 304/304/265
f 308/308/269 307/307/268 306/306/267
f 308/308/269 309/309/270 307/307/268
f 310/310/271 309/309/270 308/308/269
f 310/310/271 311/311/272 309/309/270
f 312/312/273 301/301/262 304/304/265
f 295/295/256 301/301/262 312/312/273
f 307/307/268 312/312/273 304/304/265
f 307/307/268 313/313/274 312/312/273
f 309/309/270 313/313/274 307/307/268
f 314/314/275 295/295/256 312/312/273
f 314/314/275 312/312/273 313/313/274
f 309/309/270 315/315/276 313/313/274
f 311/311/272 315/315/276 309/309/270
f 311/311/272 316/316/277 315/315/276
f 317/317/278 313/313/274 315/315/276
f 317/317/278 314/314/275 313/313/274
f 316/316/277 318/318/279 315/315/276
f 318/318/279 317/317/278 315/315/276
f 316/316/277 319/319/280 318/318/279
f 318/318/279 319/319/280 320/320/281
f 321/321/282 318/318/279 320/320/281
f 317/317/278 318/318/279 321/321/282
f 322/322/283 317/317/278 321/321/282
f 314/314/275 317/317/278 322/322/283
f 314/314/275 322/322/283 323/323/284
f 295/295/256 314/314/275 323/323/284
f 324/324/285 295/295/256 323/323/284
f 295/295/256 324/324/285 296/296/257
f 324/324/285 325/325/286 296/296/257
f 326/326/287 324/324/285 323/323/284
f 324/324/285 326/326/287 325/325/286
f 322/322/283 326/326/287 323/323/284
f 327/327/39 325/325/286 326/326/287
f 326/326/287 322/322/283 328/328/288
f 327/327/39 326/326/287 328/328/288
f 329/329/289 327/327/39 328/328/288
f 322/322/283 321/321/282 328/328/288
f 330/330/290 329/329/289 328/328/288
f 328/328/288 321/321/282 330/330/290
f 321/321/282 320/320/281 330/330/290
f 329/329/289 331/331/38 327/327/39
f 331/331/38 332/332/291 327/327/39
f 331/331/38 333/333/292 332/332/291
f 327/327/39 332/332/291 325/325/286
f 333/333/292 334/334/293 332/332/291
f 333/333/292 335/335/294 334/334/293
f 332/332/291 336/336/295 325/325/286
f 332/332/291 334/334/293 336/336/295
f 296/296/257 325/325/286 336/336/295
f 296/296/257 336/336/295 337/337/296
f 263/263/231 296/296/257 337/337/296
f 336/336/295 338/338/297 337/337/296
f 334/334/293 338/338/297 336/336/295
f 339/339/298 263/263/231 337/337/296
f 338/338/297 339/339/298 337/337/296
f 260/260/228 263/263/231 339/339/298
f 335/335/294 340/340/294 334/334/293
f 335/335/294 39/39/38 340/340/294
f 39/39/38 40/41/38 340/340/294
f 340/340/294 341/341/292 334/334/293
f 340/340/294 40/41/38 341/341/292
f 341/341/292 338/338/297 334/334/293
f 40/41/38 44/44/38 341/341/292
f 342/342/299 341/341/292 44/44/38
f 341/341/292 342/342/299 338/338/297
f 48/48/42 342/342/299 44/44/38
f 59/59/49 342/342/299 48/48/42
f 59/59/49 71/71/61 342/342/299
f 342/342/299 343/343/300 338/338/297
f 343/343/300 339/339/298 338/338/297
f 343/343/300 342/342/299 71/71/61
f 344/344/301 260/260/228 339/339/298
f 343/343/300 344/344/301 339/339/298
f 345/345/302 343/343/300 71/71/61
f 345/345/302 71/71/61 72/72/62
f 346/346/303 345/345/302 72/72/62
f 346/346/303 347/347/304 345/345/302
f 348/348/305 344/344/301 343/343/300
f 345/345/302 348/348/305 343/343/300
f 348/348/305 260/260/228 344/344/301
f 347/347/304 348/348/305 345/345/302
f 348/348/305 349/349/306 260/260/228
f 347/347/304 349/349/306 348/348/305
f 248/248/220 260/260/228 349/349/306
f 347/347/304 249/249/221 349/349/306
f 248/248/220 349/349/306 249/249/221
f 350/350/307 352/351/308 351/352/309
f 353/353/310 350/350/307 351/352/309
f 351/352/309 354/354/311 353/353/310
f 355/355/312 350/350/307 353/353/310
f 354/354/311 356/356/313 353/353/310
f 354/354/311 298/298/259 356/356/313
f 298/298/259 294/294/255 356/356/313
f 357/357/314 355/355/312 353/353/310
f 353/353/310 356/356/313 357/357/314
f 356/356/313 294/294/255 358/358/315
f 356/356/313 358/358/315 357/357/314
f 294/294/255 292/292/253 358/358/315
f 358/358/315 292/292/253 289/289/252
f 359/359/316 355/355/312 357/357/314
f 357/357/314 358/358/315 359/359/316
f 359/359/316 360/360/317 355/355/312
f 358/358/315 289/289/252 361/361/318
f 358/358/315 361/361/318 359/359/316
f 361/361/318 289/289/252 286/286/251
f 361/361/318 286/286/251 362/362/319
f 359/359/316 361/361/318 362/362/319
f 362/362/319 286/286/251 284/284/250
f 363/363/320 360/360/317 359/359/316
f 359/359/316 362/362/319 363/363/320
f 363/363/320 364/364/321 360/360/317
f 362/362/319 284/284/250 365/365/322
f 363/363/320 362/362/319 365/365/322
f 365/365/322 284/284/250 283/283/249
f 366/366/323 364/364/321 363/363/320
f 363/363/320 365/365/322 366/366/323
f 366/366/323 367/367/324 364/364/321
f 365/365/322 283/283/249 368/368/325
f 366/366/323 365/365/322 368/368/325
f 368/368/325 283/283/249 281/281/247
f 369/369/326 367/367/324 366/366/323
f 366/366/323 368/368/325 369/369/326
f 369/369/326 370/370/327 367/367/324
f 368/368/325 281/281/247 371/371/328
f 369/369/326 368/368/325 371/371/328
f 371/371/328 281/281/247 34/35/34
f 372/372/329 370/370/327 369/369/326
f 369/369/326 371/371/328 372/372/329
f 372/372/329 373/373/330 370/370/327
f 371/371/328 34/35/34 374/374/331
f 372/372/329 371/371/328 374/374/331
f 375/375/332 373/373/330 372/372/329
f 372/372/329 374/374/331 375/375/332
f 375/375/332 376/376/333 373/373/330
f 375/375/332 377/377/334 376/376/333
f 374/374/331 377/377/334 375/375/332
f 374/374/331 378/378/335 377/377/334
f 34/35/34 378/378/335 374/374/331
f 34/35/34 35/34/33 378/378/335
f 41/40/39 39/39/38 379/379/38
f 380/380/289 41/40/39 379/379/38
f 43/43/40 41/40/39 380/380/289
f 380/380/289 379/379/38 381/381/38
f 382/382/40 43/43/40 380/380/289
f 46/46/41 43/43/40 382/382/40
f 383/383/39 380/380/289 381/381/38
f 381/381/38 384/384/336 383/383/39
f 385/385/337 46/46/41 382/382/40
f 46/46/41 385/385/337 51/51/43
f 385/385/337 386/386/43 51/51/43
f 387/387/40 382/382/40 380/380/289
f 385/385/337 382/382/40 387/387/40
f 383/383/39 387/387/40 380/380/289
f 385/385/337 388/388/41 386/386/43
f 388/388/41 385/385/337 387/387/40
f 388/388/41 389/389/338 386/386/43
f 388/388/41 390/390/339 389/389/338
f 390/390/339 388/388/41 387/387/40
f 390/390/339 391/391/340 389/389/338
f 390/390/339 392/392/341 391/391/340
f 384/384/336 393/393/342 383/383/39
f 384/384/336 394/394/343 393/393/342
f 395/395/344 387/387/40 383/383/39
f 395/395/344 390/390/339 387/387/40
f 393/393/342 395/395/344 383/383/39
f 390/390/339 395/395/344 396/396/345
f 390/390/339 396/396/345 392/392/341
f 395/395/344 393/393/342 397/397/346
f 395/395/344 397/397/346 396/396/345
f 394/394/343 398/398/347 393/393/342
f 393/393/342 398/398/347 397/397/346
f 396/396/345 397/397/346 399/399/348
f 397/397/346 400/400/349 399/399/348
f 397/397/346 401/401/350 400/400/349
f 397/397/346 398/398/347 401/401/350
f 396/396/345 399/399/348 402/402/351
f 396/396/345 402/402/351 392/392/341
f 403/403/352 401/401/350 398/398/347
f 394/394/343 403/403/352 398/398/347
f 392/392/341 402/402/351 404/404/353
f 402/402/351 405/405/354 404/404/353
f 406/406/355 403/403/352 394/394/343
f 406/406/355 407/407/356 403/403/352
f 392/392/341 404/404/353 408/408/357
f 391/391/340 392/392/341 408/408/357
f 409/409/358 404/404/353 405/405/354
f 409/409/358 405/405/354 410/410/359
f 409/409/358 410/410/359 411/411/360
f 391/391/340 408/408/357 412/412/68
f 389/389/338 391/391/340 412/412/68
f 413/413/361 408/408/357 404/404/353
f 413/413/361 404/404/353 409/409/358
f 408/408/357 413/413/361 412/412/68
f 414/414/362 409/409/358 411/411/360
f 413/413/361 409/409/358 414/414/362
f 414/414/362 411/411/360 415/415/363
f 389/389/338 412/412/68 416/416/68
f 386/386/43 389/389/338 416/416/68
f 413/413/361 417/417/364 412/412/68
f 412/412/68 417/417/364 416/416/68
f 418/418/365 413/413/361 414/414/362
f 413/413/361 418/418/365 417/417/364
f 414/414/362 415/415/363 419/419/366
f 418/418/365 414/414/362 419/419/366
f 386/386/43 416/416/68 85/85/68
f 51/51/43 386/386/43 85/85/68
f 85/85/68 416/416/68 86/86/75
f 416/416/68 420/420/364 86/86/75
f 417/417/364 420/420/364 416/416/68
f 86/86/75 420/420/364 88/88/76
f 420/420/364 421/421/364 88/88/76
f 417/417/364 422/422/367 420/420/364
f 422/422/367 421/421/364 420/420/364
f 418/418/365 422/422/367 417/417/364
f 419/419/366 415/415/363 423/423/368
f 415/415/363 424/424/369 423/423/368
f 425/425/370 421/421/364 422/422/367
f 426/426/371 421/421/364 425/425/370
f 426/426/371 425/425/370 427/427/372
f 425/425/370 422/422/367 427/427/372
f 428/428/373 426/426/371 427/427/372
f 429/429/374 428/428/373 427/427/372
f 422/422/367 430/430/375 427/427/372
f 422/422/367 418/418/365 430/430/375
f 430/430/375 429/429/374 427/427/372
f 418/418/365 419/419/366 431/431/376
f 418/418/365 431/431/376 430/430/375
f 431/431/376 419/419/366 432/432/377
f 430/430/375 431/431/376 432/432/377
f 430/430/375 432/432/377 429/429/374
f 419/419/366 423/423/368 432/432/377
f 432/432/377 433/433/378 429/429/374
f 433/433/378 432/432/377 423/423/368
f 433/433/378 9/10/10 429/429/374
f 434/434/379 423/423/368 424/424/369
f 433/433/378 423/423/368 434/434/379
f 434/434/379 424/424/369 435/435/380
f 436/436/381 434/434/379 435/435/380
f 433/433/378 434/434/379 436/436/381
f 436/436/381 435/435/380 437/437/382
f 433/433/378 438/438/383 9/10/10
f 439/439/384 433/433/378 436/436/381
f 439/439/384 438/438/383 433/433/378
f 436/436/381 437/437/382 440/440/385
f 439/439/384 436/436/381 440/440/385
f 438/438/383 441/441/386 9/10/10
f 441/441/386 8/8/8 9/10/10
f 442/442/387 8/8/8 441/441/386
f 442/442/387 10/9/9 8/8/8
f 443/443/388 441/441/386 438/438/383
f 443/443/388 442/442/387 441/441/386
f 444/444/389 438/438/383 439/439/384
f 444/444/389 443/443/388 438/438/383
f 437/437/382 445/445/390 440/440/385
f 437/437/382 446/446/391 445/445/390
f 447/447/392 439/439/384 440/440/385
f 447/447/392 444/444/389 439/439/384
f 446/446/391 448/448/393 445/445/390
f 446/446/391 449/449/394 448/448/393
f 445/445/390 450/450/395 440/440/385
f 450/450/395 447/447/392 440/440/385
f 445/445/390 448/448/393 450/450/395
f 451/451/396 444/444/389 447/447/392
f 450/450/395 451/451/396 447/447/392
f 452/452/397 443/443/388 444/444/389
f 451/451/396 452/452/397 444/444/389
f 453/453/398 442/442/387 443/443/388
f 452/452/397 453/453/398 443/443/388
f 448/448/393 454/454/399 450/450/395
f 450/450/395 454/454/399 451/451/396
f 449/449/394 455/455/400 448/448/393
f 448/448/393 455/455/400 454/454/399
f 453/453/398 456/456/401 442/442/387
f 442/442/387 456/456/401 10/9/9
f 449/449/394 457/457/402 455/455/400
f 449/449/394 458/458/403 457/457/402
f 456/456/401 12/11/11 10/9/9
f 10/9/9 12/11/11 9/10/10
f 458/458/403 459/459/404 457/457/402
f 458/458/403 460/460/405 459/459/404
f 460/460/405 461/461/406 459/459/404
f 460/460/405 462/462/407 461/461/406
f 462/462/407 463/463/408 461/461/406
f 462/462/407 464/464/409 463/463/408
f 464/464/409 465/465/410 463/463/408
f 465/465/410 466/466/411 463/463/408
f 465/465/410 467/467/412 466/466/411
f 461/461/406 463/463/408 468/468/413
f 463/463/408 466/466/411 468/468/413
f 459/459/404 461/461/406 469/469/414
f 461/461/406 468/468/413 469/469/414
f 457/457/402 459/459/404 470/470/415
f 459/459/404 469/469/414 470/470/415
f 467/467/412 471/471/416 466/466/411
f 467/467/412 472/472/417 471/471/416
f 466/466/411 473/473/418 468/468/413
f 466/466/411 471/471/416 473/473/418
f 457/457/402 470/470/415 474/474/419
f 455/455/400 457/457/402 474/474/419
f 455/455/400 474/474/419 475/475/420
f 455/455/400 475/475/420 454/454/399
f 454/454/399 475/475/420 476/476/421
f 454/454/399 476/476/421 451/451/396
f 475/475/420 474/474/419 477/477/422
f 475/475/420 477/477/422 476/476/421
f 474/474/419 470/470/415 478/478/423
f 474/474/419 478/478/423 477/477/422
f 451/451/396 476/476/421 479/479/424
f 452/452/397 451/451/396 479/479/424
f 452/452/397 479/479/424 480/480/425
f 453/453/398 452/452/397 480/480/425
f 476/476/421 481/481/426 479/479/424
f 479/479/424 481/481/426 480/480/425
f 476/476/421 477/477/422 482/482/427
f 476/476/421 482/482/427 481/481/426
f 481/481/426 483/483/428 480/480/425
f 481/481/426 482/482/427 483/483/428
f 482/482/427 477/477/422 484/484/429
f 477/477/422 478/478/423 484/484/429
f 482/482/427 484/484/429 483/483/428
f 470/470/415 485/485/430 478/478/423
f 470/470/415 469/469/414 485/485/430
f 453/453/398 480/480/425 486/486/431
f 480/480/425 483/483/428 486/486/431
f 483/483/428 484/484/429 487/487/432
f 483/483/428 487/487/432 486/486/431
f 484/484/429 478/478/423 488/488/433
f 478/478/423 485/485/430 488/488/433
f 484/484/429 488/488/433 487/487/432
f 469/469/414 489/489/434 485/485/430
f 469/469/414 468/468/413 489/489/434
f 488/488/433 485/485/430 490/490/435
f 485/485/430 489/489/434 490/490/435
f 487/487/432 488/488/433 491/491/436
f 488/488/433 490/490/435 491/491/436
f 468/468/413 492/492/437 489/489/434
f 468/468/413 473/473/418 492/492/437
f 490/490/435 489/489/434 493/493/438
f 489/489/434 492/492/437 493/493/438
f 486/486/431 487/487/432 494/494/439
f 487/487/432 491/491/436 494/494/439
f 491/491/436 490/490/435 495/495/440
f 490/490/435 493/493/438 495/495/440
f 494/494/439 491/491/436 496/496/441
f 491/491/436 495/495/440 496/496/441
f 497/497/442 486/486/431 494/494/439
f 497/497/442 494/494/439 496/496/441
f 497/497/442 498/498/443 486/486/431
f 498/498/443 453/453/398 486/486/431
f 453/453/398 498/498/443 456/456/401
f 498/498/443 499/499/444 456/456/401
f 498/498/443 497/497/442 499/499/444
f 456/456/401 499/499/444 12/11/11
f 493/493/438 492/492/437 500/500/445
f 495/495/440 493/493/438 501/501/446
f 493/493/438 500/500/445 501/501/446
f 501/501/446 500/500/445 502/502/447
f 492/492/437 503/503/448 500/500/445
f 500/500/445 503/503/448 502/502/447
f 473/473/418 503/503/448 492/492/437
f 495/495/440 501/501/446 504/504/449
f 504/504/449 501/501/446 502/502/447
f 496/496/441 495/495/440 504/504/449
f 473/473/418 505/505/450 503/503/448
f 505/505/450 502/502/447 503/503/448
f 471/471/416 505/505/450 473/473/418
f 506/506/451 497/497/442 496/496/441
f 506/506/451 496/496/441 504/504/449
f 497/497/442 507/507/452 499/499/444
f 497/497/442 506/506/451 507/507/452
f 471/471/416 508/508/453 505/505/450
f 472/472/417 508/508/453 471/471/416
f 509/509/454 506/506/451 504/504/449
f 509/509/454 504/504/449 502/502/447
f 505/505/450 510/510/455 502/502/447
f 508/508/453 510/510/455 505/505/450
f 499/499/444 507/507/452 511/511/13
f 499/499/444 511/511/13 12/11/11
f 506/506/451 512/512/456 507/507/452
f 506/506/451 509/509/454 512/512/456
f 513/513/457 509/509/454 502/502/447
f 510/510/455 513/513/457 502/502/447
f 509/509/454 513/513/457 514/514/458
f 509/509/454 514/514/458 512/512/456
f 507/507/452 512/512/456 515/515/459
f 507/507/452 515/515/459 511/511/13
f 12/11/11 511/511/13 516/516/460
f 12/11/11 516/516/460 11/12/12
f 14/14/14 11/12/12 516/516/460
f 513/513/457 510/510/455 517/517/461
f 513/513/457 517/517/461 514/514/458
f 512/512/456 514/514/458 518/518/462
f 512/512/456 518/518/462 515/515/459
f 517/517/461 510/510/455 519/519/463
f 510/510/455 508/508/453 519/519/463
f 514/514/458 517/517/461 520/520/464
f 514/514/458 520/520/464 518/518/462
f 520/520/464 517/517/461 519/519/463
f 508/508/453 521/521/465 519/519/463
f 521/521/465 520/520/464 519/519/463
f 508/508/453 472/472/417 521/521/465
f 518/518/462 520/520/464 522/522/466
f 518/518/462 522/522/466 515/515/459
f 523/523/467 520/520/464 521/521/465
f 520/520/464 523/523/467 522/522/466
f 524/524/468 521/521/465 472/472/417
f 523/523/467 521/521/465 524/524/468
f 524/524/468 472/472/417 525/525/469
f 524/524/468 525/525/469 526/526/470
f 523/523/467 524/524/468 526/526/470
f 525/525/469 527/527/471 526/526/470
f 525/525/469 528/528/472 527/527/471
f 528/528/472 529/529/473 527/527/471
f 528/528/472 530/530/474 529/529/473
f 527/527/471 531/531/475 526/526/470
f 527/527/471 529/529/473 531/531/475
f 532/532/476 523/523/467 526/526/470
f 531/531/475 532/532/476 526/526/470
f 532/532/476 533/533/477 523/523/467
f 533/533/477 522/522/466 523/523/467
f 531/531/475 534/534/478 532/532/476
f 534/534/478 533/533/477 532/532/476
f 529/529/473 535/535/399 531/531/475
f 531/531/475 535/535/399 534/534/478
f 530/530/474 536/536/479 529/529/473
f 529/529/473 536/536/479 535/535/399
f 530/530/474 537/537/480 536/536/479
f 530/530/474 538/538/481 537/537/480
f 538/538/481 539/539/404 537/537/480
f 538/538/481 540/540/405 539/539/404
f 540/540/405 541/541/406 539/539/404
f 540/540/405 542/542/482 541/541/406
f 542/542/482 543/543/483 541/541/406
f 542/542/482 544/544/484 543/543/483
f 544/544/484 545/545/410 543/543/483
f 545/545/410 546/546/485 543/543/483
f 545/545/410 547/547/486 546/546/485
f 541/541/406 543/543/483 548/548/487
f 543/543/483 546/546/485 548/548/487
f 539/539/404 541/541/406 549/549/414
f 541/541/406 548/548/487 549/549/414
f 537/537/480 539/539/404 550/550/488
f 539/539/404 549/549/414 550/550/488
f 536/536/479 537/537/480 551/551/419
f 537/537/480 550/550/488 551/551/419
f 547/547/486 552/552/489 546/546/485
f 547/547/486 553/553/490 552/552/489
f 546/546/485 554/554/418 548/548/487
f 546/546/485 552/552/489 554/554/418
f 536/536/479 551/551/419 555/555/420
f 536/536/479 555/555/420 535/535/399
f 535/535/399 555/555/420 556/556/491
f 535/535/399 556/556/491 534/534/478
f 555/555/420 551/551/419 557/557/492
f 555/555/420 557/557/492 556/556/491
f 551/551/419 550/550/488 558/558/493
f 551/551/419 558/558/493 557/557/492
f 550/550/488 559/559/494 558/558/493
f 550/550/488 549/549/414 559/559/494
f 549/549/414 548/548/487 560/560/495
f 549/549/414 560/560/495 559/559/494
f 548/548/487 554/554/418 561/561/496
f 548/548/487 561/561/496 560/560/495
f 552/552/489 562/562/497 554/554/418
f 554/554/418 563/563/498 561/561/496
f 554/554/418 562/562/497 563/563/498
f 562/562/497 564/564/499 563/563/498
f 552/552/489 565/565/453 562/562/497
f 553/553/490 565/565/453 552/552/489
f 561/561/496 563/563/498 566/566/500
f 566/566/500 563/563/498 564/564/499
f 560/560/495 561/561/496 567/567/501
f 567/567/501 561/561/496 566/566/500
f 559/559/494 560/560/495 568/568/435
f 568/568/435 560/560/495 567/567/501
f 567/567/501 566/566/500 569/569/502
f 569/569/502 566/566/500 564/564/499
f 570/570/503 567/567/501 569/569/502
f 568/568/435 567/567/501 570/570/503
f 571/571/504 559/559/494 568/568/435
f 558/558/493 559/559/494 571/571/504
f 562/562/497 572/572/505 564/564/499
f 565/565/453 572/572/505 562/562/497
f 570/570/503 569/569/502 573/573/449
f 573/573/449 569/569/502 564/564/499
f 574/574/436 568/568/435 570/570/503
f 571/571/504 568/568/435 574/574/436
f 575/575/506 558/558/493 571/571/504
f 557/557/492 558/558/493 575/575/506
f 576/576/507 570/570/503 573/573/449
f 574/574/436 570/570/503 576/576/507
f 577/577/508 571/571/504 574/574/436
f 575/575/506 571/571/504 577/577/508
f 578/578/509 557/557/492 575/575/506
f 556/556/491 557/557/492 578/578/509
f 578/578/509 575/575/506 579/579/510
f 579/579/510 575/575/506 577/577/508
f 577/577/508 574/574/436 580/580/511
f 580/580/511 574/574/436 576/576/507
f 556/556/491 578/578/509 581/581/512
f 581/581/512 578/578/509 579/579/510
f 582/582/513 577/577/508 580/580/511
f 579/579/510 577/577/508 582/582/513
f 583/583/442 580/580/511 576/576/507
f 583/583/442 582/582/513 580/580/511
f 584/584/514 576/576/507 573/573/449
f 584/584/514 583/583/442 576/576/507
f 556/556/491 581/581/512 585/585/515
f 534/534/478 556/556/491 585/585/515
f 581/581/512 579/579/510 586/586/516
f 585/585/515 581/581/512 586/586/516
f 586/586/516 579/579/510 582/582/513
f 587/587/517 534/534/478 585/585/515
f 587/587/517 585/585/515 586/586/516
f 534/534/478 587/587/517 533/533/477
f 588/588/518 586/586/516 582/582/513
f 588/588/518 587/587/517 586/586/516
f 587/587/517 589/589/519 533/533/477
f 587/587/517 588/588/518 589/589/519
f 533/533/477 589/589/519 522/522/466
f 589/589/519 590/590/520 522/522/466
f 522/522/466 590/590/520 515/515/459
f 589/589/519 591/591/521 590/590/520
f 588/588/518 591/591/521 589/589/519
f 515/515/459 590/590/520 592/592/522
f 591/591/521 592/592/522 590/590/520
f 511/511/13 515/515/459 592/592/522
f 511/511/13 592/592/522 516/516/460
f 591/591/521 516/516/460 592/592/522
f 591/591/521 593/593/523 516/516/460
f 588/588/518 593/593/523 591/591/521
f 593/593/523 14/14/14 516/516/460
f 594/594/524 588/588/518 582/582/513
f 588/588/518 594/594/524 593/593/523
f 583/583/442 594/594/524 582/582/513
f 593/593/523 595/595/525 14/14/14
f 594/594/524 595/595/525 593/593/523
f 594/594/524 583/583/442 595/595/525
f 595/595/525 13/13/13 14/14/14
f 583/583/442 596/596/526 595/595/525
f 595/595/525 596/596/526 13/13/13
f 583/583/442 584/584/514 596/596/526
f 596/596/526 597/597/459 13/13/13
f 597/597/459 11/12/12 13/13/13
f 584/584/514 598/598/527 596/596/526
f 596/596/526 598/598/527 597/597/459
f 597/597/459 599/599/462 11/12/12
f 598/598/527 599/599/462 597/597/459
f 584/584/514 600/600/528 598/598/527
f 600/600/528 584/584/514 573/573/449
f 600/600/528 573/573/449 564/564/499
f 600/600/528 601/601/529 598/598/527
f 598/598/527 601/601/529 599/599/462
f 602/602/530 600/600/528 564/564/499
f 600/600/528 602/602/530 601/601/529
f 572/572/505 602/602/530 564/564/499
f 602/602/530 603/603/531 601/601/529
f 602/602/530 572/572/505 603/603/531
f 601/601/529 604/604/464 599/599/462
f 601/601/529 603/603/531 604/604/464
f 603/603/531 572/572/505 605/605/532
f 604/604/464 603/603/531 605/605/532
f 572/572/505 565/565/453 605/605/532
f 565/565/453 606/606/533 605/605/532
f 606/606/533 604/604/464 605/605/532
f 565/565/453 553/553/490 606/606/533
f 606/606/533 553/553/490 607/607/534
f 608/608/535 606/606/533 607/607/534
f 604/604/464 606/606/533 608/608/535
f 608/608/535 607/607/534 609/609/536
f 604/604/464 610/610/537 599/599/462
f 610/610/537 604/604/464 608/608/535
f 611/611/538 610/610/537 608/608/535
f 599/599/462 610/610/537 11/12/12
f 610/610/537 611/611/538 11/12/12
f 611/611/538 612/612/539 11/12/12
f 613/613/540 608/608/535 609/609/536
f 611/611/538 608/608/535 613/613/540
f 613/613/540 609/609/536 614/614/541
f 613/613/540 614/614/541 615/615/542
f 611/611/538 613/613/540 615/615/542
f 615/615/542 614/614/541 616/616/543
f 614/614/541 617/617/544 616/616/543
f 616/616/543 617/617/544 407/407/356
f 406/406/355 616/616/543 407/407/356
f 615/615/542 616/616/543 618/618/545
f 618/618/545 616/616/543 406/406/355
f 611/611/538 615/615/542 619/619/546
f 619/619/546 615/615/542 618/618/545
f 611/611/538 619/619/546 620/620/547
f 612/612/539 611/611/538 620/620/547
f 620/620/547 619/619/546 618/618/545
f 621/621/548 618/618/545 406/406/355
f 621/621/548 406/406/355 394/394/343
f 621/621/548 394/394/343 384/384/336
f 621/621/548 384/384/336 381/381/38
f 612/612/539 620/620/547 622/622/549
f 623/623/550 612/612/539 622/622/549
f 620/620/547 618/618/545 624/624/551
f 618/618/545 621/621/548 624/624/551
f 620/620/547 624/624/551 622/622/549
f 625/625/292 621/621/548 381/381/38
f 621/621/548 625/625/292 624/624/551
f 381/381/38 379/379/38 625/625/292
f 626/626/552 623/623/550 622/622/549
f 624/624/551 626/626/552 622/622/549
f 626/626/552 627/627/553 623/623/550
f 624/624/551 625/625/292 628/628/554
f 624/624/551 628/628/554 626/626/552
f 379/379/38 629/629/294 625/625/292
f 625/625/292 629/629/294 628/628/554
f 379/379/38 39/39/38 629/629/294
f 39/39/38 335/335/294 629/629/294
f 629/629/294 335/335/294 628/628/554
f 335/335/294 333/333/292 628/628/554
f 626/626/552 630/630/555 627/627/553
f 628/628/554 630/630/555 626/626/552
f 628/628/554 333/333/292 630/630/555
f 630/630/555 631/631/289 627/627/553
f 333/333/292 331/331/38 630/630/555
f 630/630/555 331/331/38 631/631/289
f 331/331/38 329/329/289 631/631/289
f 632/632/556 88/88/76 633/633/557
f 88/88/76 421/421/364 633/633/557
f 634/634/558 633/633/557 421/421/364
f 426/426/371 634/634/558 421/421/364
f 634/634/558 426/426/371 428/428/373
f 634/634/558 428/428/373 38/37/36
f 38/37/36 428/428/373 635/635/559
f 428/428/373 429/429/374 635/635/559
f 635/635/559 429/429/374 636/636/560
f 637/637/561 635/635/559 636/636/560
f 429/429/374 9/10/10 636/636/560
f 636/636/560 638/638/562 637/637/561
f 638/638/562 636/636/560 9/10/10
f 638/638/562 639/639/561 637/637/561
f 639/639/561 638/638/562 35/34/33
f 638/638/562 640/640/563 35/34/33
f 11/12/12 638/638/562 9/10/10
f 640/640/563 638/638/562 641/641/564
f 640/640/563 641/641/564 642/642/565
f 642/642/565 641/641/564 643/643/566
f 641/641/564 644/644/564 643/643/566
f 645/645/567 643/643/566 644/644/564
f 641/641/564 638/638/562 646/646/564
f 641/641/564 646/646/564 644/644/564
f 645/645/567 644/644/564 647/647/564
f 646/646/564 647/647/564 644/644/564
f 648/648/568 645/645/567 647/647/564
f 649/649/564 646/646/564 638/638/562
f 11/12/12 649/649/564 638/638/562
f 646/646/564 649/649/564 647/647/564
f 648/648/568 647/647/564 650/650/564
f 650/650/564 647/647/564 649/649/564
f 650/650/564 649/649/564 11/12/12
f 651/651/569 648/648/568 650/650/564
f 650/650/564 11/12/12 612/612/539
f 651/651/569 650/650/564 652/652/564
f 650/650/564 612/612/539 652/652/564
f 653/653/570 652/652/564 612/612/539
f 654/654/571 651/651/569 652/652/564
f 623/623/550 653/653/570 612/612/539
f 654/654/571 652/652/564 655/655/572
f 656/656/573 654/654/571 655/655/572
f 656/656/573 655/655/572 657/657/574
f 655/655/572 652/652/564 658/658/575
f 653/653/570 658/658/575 652/652/564
f 657/657/574 655/655/572 659/659/576
f 659/659/576 655/655/572 658/658/575
f 660/660/577 657/657/574 659/659/576
f 660/660/577 659/659/576 661/661/578
f 659/659/576 658/658/575 661/661/578
f 662/662/579 660/660/577 661/661/578
f 663/663/580 662/662/579 661/661/578
f 664/664/581 663/663/580 661/661/578
f 664/664/581 665/665/582 663/663/580
f 664/664/581 666/666/583 665/665/582
f 666/666/583 310/310/271 665/665/582
f 666/666/583 311/311/272 310/310/271
f 658/658/575 667/667/584 661/661/578
f 658/658/575 653/653/570 667/667/584
f 667/667/584 664/664/581 661/661/578
f 667/667/584 668/668/585 664/664/581
f 668/668/585 666/666/583 664/664/581
f 653/653/570 669/669/586 667/667/584
f 667/667/584 669/669/586 668/668/585
f 668/668/585 670/670/587 666/666/583
f 670/670/587 311/311/272 666/666/583
f 670/670/587 316/316/277 311/311/272
f 668/668/585 671/671/588 670/670/587
f 669/669/586 671/671/588 668/668/585
f 672/672/589 316/316/277 670/670/587
f 671/671/588 672/672/589 670/670/587
f 672/672/589 319/319/280 316/316/277
f 319/319/280 672/672/589 320/320/281
f 672/672/589 673/673/590 320/320/281
f 672/672/589 671/671/588 673/673/590
f 671/671/588 674/674/591 673/673/590
f 674/674/591 671/671/588 669/669/586
f 674/674/591 669/669/586 675/675/592
f 669/669/586 653/653/570 675/675/592
f 653/653/570 676/676/593 675/675/592
f 623/623/550 676/676/593 653/653/570
f 627/627/553 676/676/593 623/623/550
f 676/676/593 677/677/594 675/675/592
f 627/627/553 677/677/594 676/676/593
f 677/677/594 674/674/591 675/675/592
f 677/677/594 627/627/553 631/631/289
f 674/674/591 677/677/594 678/678/595
f 677/677/594 631/631/289 678/678/595
f 631/631/289 329/329/289 678/678/595
f 673/673/590 674/674/591 678/678/595
f 329/329/289 330/330/290 678/678/595
f 673/673/590 678/678/595 330/330/290
f 320/320/281 673/673/590 330/330/290
f 373/373/330 376/376/333 377/377/334
f 373/373/330 377/377/334 679/679/596
f 370/370/327 373/373/330 679/679/596
f 378/378/335 679/679/596 377/377/334
f 370/370/327 679/679/596 680/680/597
f 367/367/324 370/370/327 680/680/597
f 378/378/335 681/681/598 679/679/596
f 681/681/598 680/680/597 679/679/596
f 35/34/33 681/681/598 378/378/335
f 35/34/33 640/640/563 681/681/598
f 640/640/563 682/682/599 681/681/598
f 681/681/598 682/682/599 680/680/597
f 640/640/563 642/642/565 682/682/599
f 367/367/324 680/680/597 683/683/600
f 682/682/599 683/683/600 680/680/597
f 364/364/321 367/367/324 683/683/600
f 642/642/565 684/684/601 682/682/599
f 682/682/599 684/684/601 683/683/600
f 642/642/565 643/643/566 684/684/601
f 364/364/321 683/683/600 685/685/602
f 684/684/601 685/685/602 683/683/600
f 360/360/317 364/364/321 685/685/602
f 643/643/566 686/686/603 684/684/601
f 684/684/601 686/686/603 685/685/602
f 643/643/566 645/645/567 686/686/603
f 360/360/317 685/685/602 687/687/604
f 686/686/603 687/687/604 685/685/602
f 355/355/312 360/360/317 687/687/604
f 645/645/567 688/688/605 686/686/603
f 686/686/603 688/688/605 687/687/604
f 645/645/567 648/648/568 688/688/605
f 648/648/568 689/689/606 688/688/605
f 688/688/605 689/689/606 687/687/604
f 648/648/568 651/651/569 689/689/606
f 651/651/569 654/654/571 689/689/606
f 355/355/312 687/687/604 690/690/607
f 689/689/606 690/690/607 687/687/604
f 654/654/571 691/691/608 689/689/606
f 689/689/606 691/691/608 690/690/607
f 654/654/571 656/656/573 691/691/608
f 656/656/573 692/692/609 691/691/608
f 355/355/312 690/690/607 693/693/610
f 691/691/608 693/693/610 690/690/607
f 691/691/608 692/692/609 693/693/610
f 350/350/307 355/355/312 693/693/610
f 692/692/609 694/694/611 693/693/610
f 350/350/307 693/693/610 694/694/611
f 352/351/308 350/350/307 694/694/611
f 695/695/248 140/140/127 193/193/180
f 695/695/248 193/193/180 196/196/101
f 196/196/101 696/696/248 695/695/248
f 196/196/101 697/697/612 696/696/248
f 697/697/612 698/132/254 696/696/248
f 697/697/612 206/206/113 698/132/254
f 67/67/57 698/132/254 206/206/113
f 67/67/57 699/698/254 698/132/254
f 700/699/248 67/67/57 206/206/113
f 699/698/254 701/700/254 698/132/254
f 65/65/55 700/699/248 206/206/113
f 65/65/55 206/206/113 208/208/115
f 208/208/115 702/701/248 65/65/55
f 208/208/115 210/210/189 702/701/248
f 703/702/248 702/701/248 210/210/189
f 703/702/248 210/210/189 704/703/248
f 72/72/62 703/702/248 704/703/248
f 699/698/254 705/704/248 701/700/254
f 72/72/62 704/703/248 213/213/191
f 346/346/303 72/72/62 213/213/191
f 347/347/304 346/346/303 213/213/191
f 347/347/304 213/213/191 215/215/192
f 706/705/248 347/347/304 215/215/192
f 706/705/248 215/215/192 221/221/196
f 244/244/216 706/705/248 221/221/196
f 705/704/248 128/128/115 701/700/254
f 705/704/248 707/706/248 128/128/115
f 707/706/248 126/126/113 128/128/115
f 707/706/248 117/117/104 126/126/113
f 708/707/248 707/706/248 705/704/248
f 707/706/248 708/707/248 117/117/104
f 708/707/248 705/704/248 76/76/66
f 708/707/248 114/114/101 117/117/104
f 76/76/66 709/708/248 708/707/248
f 708/707/248 709/708/248 114/114/101
f 105/105/92 114/114/101 709/708/248
f 76/76/66 80/80/70 709/708/248
f 103/103/90 105/105/92 709/708/248
f 709/708/248 80/80/70 103/103/90
f 80/80/70 92/92/79 103/103/90
f 525/525/469 472/472/417 467/467/412
f 525/525/469 467/467/412 528/528/472
f 465/465/410 528/528/472 467/467/412
f 465/465/410 710/709/613 528/528/472
f 464/464/409 710/709/613 465/465/410
f 464/464/409 538/538/481 710/709/613
f 464/464/409 402/402/351 538/538/481
f 711/710/614 402/402/351 464/464/409
f 402/402/351 399/399/348 538/538/481
f 462/462/407 711/710/614 464/464/409
f 538/538/481 399/399/348 712/711/614
f 538/538/481 712/711/614 540/540/405
f 401/401/350 540/540/405 712/711/614
f 401/401/350 713/712/564 540/540/405
f 713/712/564 401/401/350 403/403/352
f 713/712/564 403/403/352 714/713/564
f 714/713/564 403/403/352 407/407/356
f 715/714/564 711/710/614 462/462/407
f 714/713/564 407/407/356 545/545/410
f 407/407/356 617/617/544 545/545/410
f 617/617/544 614/614/541 545/545/410
f 545/545/410 614/614/541 547/547/486
f 614/614/541 609/609/536 547/547/486
f 547/547/486 609/609/536 716/715/564
f 609/609/536 607/607/534 716/715/564
f 460/460/405 715/714/564 462/462/407
f 717/716/564 715/714/564 460/460/405
f 458/458/403 717/716/564 460/460/405
f 449/449/394 717/716/564 458/458/403
f 715/714/564 717/716/564 718/717/564
f 449/449/394 718/717/564 717/716/564
f 715/714/564 718/717/564 719/718/564
f 446/446/391 718/717/564 449/449/394
f 720/719/564 719/718/564 718/717/564
f 446/446/391 720/719/564 718/717/564
f 446/446/391 437/437/382 720/719/564
f 720/719/564 721/720/564 719/718/564
f 437/437/382 435/435/380 720/719/564
f 721/720/564 720/719/564 435/435/380
f 424/424/369 721/720/564 435/435/380
f 722/721/615 724/722/616 723/723/617
f 724/722/616 725/724/618 723/723/617
f 724/722/616 726/725/619 725/724/618
f 725/724/618 727/726/620 723/723/617
f 727/726/620 728/727/621 723/723/617
f 726/725/619 729/728/622 725/724/618
f 725/724/618 729/728/622 727/726/620
f 729/728/622 730/729/623 727/726/620
f 729/728/622 731/730/624 730/729/623
f 726/725/619 732/731/625 729/728/622
f 732/731/625 731/730/624 729/728/622
f 731/730/624 733/732/626 730/729/623
f 733/732/626 731/730/624 734/733/627
f 735/734/628 733/732/626 734/733/627
f 736/735/629 733/732/626 735/734/628
f 730/729/623 733/732/626 736/735/629
f 730/729/623 736/735/629 737/736/630
f 727/726/620 730/729/623 737/736/630
f 727/726/620 737/736/630 738/737/631
f 727/726/620 738/737/631 728/727/621
f 738/737/631 739/738/632 728/727/621
f 739/738/632 738/737/631 740/739/633
f 737/736/630 736/735/629 741/740/634
f 738/737/631 737/736/630 742/741/635
f 737/736/630 741/740/634 742/741/635
f 738/737/631 743/742/636 740/739/633
f 738/737/631 742/741/635 743/742/636
f 743/742/636 744/743/637 740/739/633
f 744/743/637 745/744/638 740/739/633
f 743/742/636 746/745/639 744/743/637
f 743/742/636 742/741/635 746/745/639
f 742/741/635 747/746/640 746/745/639
f 742/741/635 741/740/634 747/746/640
f 748/747/641 741/740/634 736/735/629
f 748/747/641 736/735/629 735/734/628
f 749/748/642 747/746/640 741/740/634
f 748/747/641 750/749/643 741/740/634
f 750/749/643 749/748/642 741/740/634
f 747/746/640 749/748/642 751/750/644
f 746/745/639 747/746/640 751/750/644
f 749/748/642 750/749/643 752/751/645
f 751/750/644 749/748/642 752/751/645
f 746/745/639 751/750/644 753/752/646
f 744/743/637 746/745/639 753/752/646
f 744/743/637 753/752/646 745/744/638
f 753/752/646 754/753/647 745/744/638
f 754/753/647 753/752/646 755/754/648
f 753/752/646 751/750/644 756/755/649
f 753/752/646 756/755/649 755/754/648
f 751/750/644 752/751/645 756/755/649
f 756/755/649 757/756/650 755/754/648
f 756/755/649 752/751/645 757/756/650
f 757/756/650 758/757/651 755/754/648
f 752/751/645 759/758/652 757/756/650
f 752/751/645 760/759/653 759/758/652
f 752/751/645 750/749/643 760/759/653
f 748/747/641 760/759/653 750/749/643
f 760/759/653 748/747/641 761/760/654
f 759/758/652 760/759/653 761/760/654
f 761/760/654 748/747/641 762/761/655
f 748/747/641 735/734/628 762/761/655
f 759/758/652 761/760/654 763/762/656
f 757/756/650 759/758/652 763/762/656
f 757/756/650 763/762/656 758/757/651
f 763/762/656 764/763/657 758/757/651
f 764/763/657 763/762/656 765/764/658
f 763/762/656 761/760/654 766/765/659
f 763/762/656 766/765/659 765/764/658
f 761/760/654 762/761/655 766/765/659
f 766/765/659 767/766/660 765/764/658
f 766/765/659 762/761/655 767/766/660
f 767/766/660 768/767/661 765/764/658
f 762/761/655 769/768/662 767/766/660
f 762/761/655 735/734/628 769/768/662
f 735/734/628 734/733/627 769/768/662
f 769/768/662 734/733/627 770/769/663
f 769/768/662 770/769/663 771/770/664
f 767/766/660 769/768/662 771/770/664
f 767/766/660 771/770/664 768/767/661
f 771/770/664 772/771/665 768/767/661
f 772/771/665 771/770/664 773/772/666
f 771/770/664 774/773/667 773/772/666
f 771/770/664 770/769/663 774/773/667
f 774/773/667 775/774/668 773/772/666
f 775/774/668 776/775/669 773/772/666
f 774/773/667 777/776/670 775/774/668
f 770/769/663 777/776/670 774/773/667
f 777/776/670 778/777/671 775/774/668
f 770/769/663 779/778/672 777/776/670
f 734/733/627 779/778/672 770/769/663
f 777/776/670 780/779/673 778/777/671
f 779/778/672 780/779/673 777/776/670
f 780/779/673 781/780/674 778/777/671
f 780/779/673 779/778/672 782/781/675
f 734/733/627 783/782/676 779/778/672
f 779/778/672 783/782/676 782/781/675
f 781/780/674 780/779/673 784/783/677
f 780/779/673 782/781/675 784/783/677
f 785/784/678 784/783/677 782/781/675
f 786/785/679 782/781/675 783/782/676
f 785/784/678 782/781/675 786/785/679
f 781/780/674 784/783/677 787/786/680
f 787/786/680 784/783/677 785/784/678
f 787/786/680 788/787/681 781/780/674
f 789/788/682 787/786/680 785/784/678
f 789/788/682 785/784/678 790/789/683
f 791/790/684 789/788/682 790/789/683
f 791/790/684 790/789/683 792/791/685
f 793/792/686 791/790/684 792/791/685
f 790/789/683 785/784/678 786/785/679
f 790/789/683 786/785/679 794/793/687
f 790/789/683 794/793/687 795/794/688
f 792/791/685 790/789/683 795/794/688
f 787/786/680 796/795/689 788/787/681
f 796/795/689 787/786/680 789/788/682
f 797/796/690 796/795/689 789/788/682
f 797/796/690 789/788/682 791/790/684
f 798/797/691 797/796/690 791/790/684
f 798/797/691 791/790/684 793/792/686
f 799/798/692 798/797/691 793/792/686
f 800/799/693 796/795/689 797/796/690
f 801/800/694 800/799/693 797/796/690
f 801/800/694 797/796/690 798/797/691
f 802/801/695 801/800/694 798/797/691
f 802/801/695 798/797/691 799/798/692
f 803/802/696 802/801/695 799/798/692
f 802/801/695 803/802/696 804/803/697
f 805/804/698 802/801/695 804/803/697
f 806/805/699 802/801/695 805/804/698
f 806/805/699 801/800/694 802/801/695
f 807/806/700 801/800/694 806/805/699
f 807/806/700 800/799/693 801/800/694
f 800/799/693 808/807/701 796/795/689
f 800/799/693 807/806/700 808/807/701
f 808/807/701 809/808/702 796/795/689
f 796/795/689 809/808/702 788/787/681
f 808/807/701 807/806/700 810/809/703
f 809/808/702 808/807/701 810/809/703
f 807/806/700 806/805/699 810/809/703
f 810/809/703 806/805/699 811/810/704
f 806/805/699 805/804/698 811/810/704
f 812/811/705 809/808/702 810/809/703
f 812/811/705 810/809/703 811/810/704
f 811/810/704 805/804/698 813/812/706
f 805/804/698 804/803/697 813/812/706
f 814/813/707 811/810/704 813/812/706
f 814/813/707 812/811/705 811/810/704
f 815/814/708 814/813/707 813/812/706
f 814/813/707 815/814/708 816/815/709
f 817/816/710 814/813/707 816/815/709
f 818/817/711 814/813/707 817/816/710
f 818/817/711 812/811/705 814/813/707
f 819/818/712 812/811/705 818/817/711
f 819/818/712 809/808/702 812/811/705
f 809/808/702 819/818/712 788/787/681
f 788/787/681 819/818/712 820/819/713
f 819/818/712 818/817/711 820/819/713
f 820/819/713 818/817/711 821/820/714
f 818/817/711 817/816/710 821/820/714
f 822/821/715 788/787/681 820/819/713
f 822/821/715 820/819/713 821/820/714
f 821/820/714 817/816/710 823/822/716
f 817/816/710 816/815/709 823/822/716
f 824/823/717 821/820/714 823/822/716
f 824/823/717 822/821/715 821/820/714
f 825/824/718 824/823/717 823/822/716
f 824/823/717 825/824/718 826/825/719
f 827/826/720 824/823/717 826/825/719
f 827/826/720 828/827/721 824/823/717
f 828/827/721 822/821/715 824/823/717
f 828/827/721 829/828/722 822/821/715
f 822/821/715 830/829/723 788/787/681
f 829/828/722 830/829/723 822/821/715
f 788/787/681 830/829/723 781/780/674
f 831/830/724 781/780/674 830/829/723
f 778/777/671 781/780/674 831/830/724
f 778/777/671 831/830/724 832/831/725
f 775/774/668 778/777/671 832/831/725
f 830/829/723 833/832/726 831/830/724
f 832/831/725 831/830/724 833/832/726
f 830/829/723 829/828/722 834/833/727
f 830/829/723 834/833/727 833/832/726
f 775/774/668 832/831/725 835/834/728
f 775/774/668 835/834/728 776/775/669
f 835/834/728 836/835/729 776/775/669
f 836/835/729 835/834/728 837/836/730
f 838/837/731 834/833/727 829/828/722
f 838/837/731 829/828/722 828/827/721
f 835/834/728 832/831/725 839/838/732
f 832/831/725 833/832/726 839/838/732
f 835/834/728 840/839/733 837/836/730
f 835/834/728 839/838/732 840/839/733
f 840/839/733 841/840/734 837/836/730
f 841/840/734 842/841/735 837/836/730
f 840/839/733 843/842/736 841/840/734
f 840/839/733 839/838/732 843/842/736
f 839/838/732 844/843/737 843/842/736
f 839/838/732 833/832/726 844/843/737
f 845/844/738 833/832/726 834/833/727
f 845/844/738 844/843/737 833/832/726
f 845/844/738 834/833/727 838/837/731
f 844/843/737 845/844/738 846/845/739
f 846/845/739 845/844/738 838/837/731
f 843/842/736 844/843/737 846/845/739
f 846/845/739 838/837/731 847/846/740
f 847/846/740 838/837/731 828/827/721
f 847/846/740 828/827/721 827/826/720
f 843/842/736 846/845/739 848/847/741
f 848/847/741 846/845/739 847/846/740
f 841/840/734 843/842/736 848/847/741
f 841/840/734 848/847/741 842/841/735
f 848/847/741 849/848/742 842/841/735
f 849/848/742 848/847/741 850/849/743
f 848/847/741 847/846/740 850/849/743
f 847/846/740 827/826/720 850/849/743
f 827/826/720 826/825/719 850/849/743
f 851/850/744 852/851/745 722/721/615
f 852/851/745 724/722/616 722/721/615
f 852/851/745 726/725/619 724/722/616
f 852/851/745 853/852/746 726/725/619
f 853/852/746 732/731/625 726/725/619
f 853/852/746 854/853/747 732/731/625
f 731/730/624 732/731/625 854/853/747
f 854/853/747 855/854/748 731/730/624
f 854/853/747 856/855/749 855/854/748
f 856/855/749 854/853/747 853/852/746
f 855/854/748 857/856/750 731/730/624
f 734/733/627 731/730/624 857/856/750
f 858/857/751 856/855/749 853/852/746
f 858/857/751 853/852/746 852/851/745
f 734/733/627 857/856/750 859/858/752
f 734/733/627 859/858/752 783/782/676
f 860/859/753 783/782/676 859/858/752
f 860/859/753 859/858/752 861/860/754
f 862/861/755 860/859/753 861/860/754
f 862/861/755 861/860/754 863/862/756
f 862/861/755 863/862/756 864/863/757
f 865/864/758 862/861/755 864/863/757
f 861/860/754 859/858/752 857/856/750
f 861/860/754 857/856/750 866/865/759
f 863/862/756 861/860/754 866/865/759
f 867/866/760 858/857/751 852/851/745
f 867/866/760 852/851/745 851/850/744
f 868/867/761 867/866/760 851/850/744
f 867/866/760 868/867/761 869/868/762
f 870/869/763 867/866/760 869/868/762
f 871/870/764 867/866/760 870/869/763
f 871/870/764 858/857/751 867/866/760
f 872/871/765 858/857/751 871/870/764
f 872/871/765 856/855/749 858/857/751
f 856/855/749 872/871/765 873/872/766
f 856/855/749 873/872/766 855/854/748
f 857/856/750 855/854/748 874/873/767
f 874/873/767 855/854/748 873/872/766
f 866/865/759 857/856/750 874/873/767
f 873/872/766 872/871/765 875/874/768
f 874/873/767 873/872/766 875/874/768
f 872/871/765 871/870/764 875/874/768
f 866/865/759 874/873/767 876/875/769
f 876/875/769 874/873/767 875/874/768
f 875/874/768 871/870/764 877/876/770
f 876/875/769 875/874/768 877/876/770
f 871/870/764 870/869/763 877/876/770
f 878/877/771 866/865/759 876/875/769
f 878/877/771 876/875/769 879/878/772
f 863/862/756 866/865/759 878/877/771
f 880/879/773 878/877/771 879/878/772
f 863/862/756 878/877/771 880/879/773
f 864/863/757 863/862/756 880/879/773
f 876/875/769 877/876/770 881/880/774
f 877/876/770 870/869/763 881/880/774
f 879/878/772 876/875/769 881/880/774
f 870/869/763 869/868/762 881/880/774
f 795/794/688 794/793/687 865/864/758
f 794/793/687 862/861/755 865/864/758
f 794/793/687 860/859/753 862/861/755
f 794/793/687 786/785/679 860/859/753
f 786/785/679 783/782/676 860/859/753
f 882/881/775 722/721/615 723/723/617
f 883/882/776 882/881/775 723/723/617
f 884/883/777 882/881/775 883/882/776
f 885/884/778 883/882/776 723/723/617
f 728/727/621 885/884/778 723/723/617
f 886/885/779 884/883/777 883/882/776
f 886/885/779 883/882/776 885/884/778
f 887/886/780 886/885/779 885/884/778
f 888/887/781 886/885/779 887/886/780
f 889/888/782 884/883/777 886/885/779
f 888/887/781 889/888/782 886/885/779
f 890/889/783 888/887/781 887/886/780
f 888/887/781 890/889/783 891/890/784
f 890/889/783 892/891/785 891/890/784
f 890/889/783 893/892/786 892/891/785
f 893/892/786 890/889/783 887/886/780
f 893/892/786 887/886/780 894/893/787
f 894/893/787 887/886/780 885/884/778
f 894/893/787 885/884/778 895/894/788
f 895/894/788 885/884/778 728/727/621
f 739/738/632 895/894/788 728/727/621
f 895/894/788 739/738/632 740/739/633
f 896/895/789 893/892/786 894/893/787
f 897/896/790 894/893/787 895/894/788
f 896/895/789 894/893/787 897/896/790
f 898/897/791 895/894/788 740/739/633
f 897/896/790 895/894/788 898/897/791
f 899/898/792 898/897/791 740/739/633
f 745/744/638 899/898/792 740/739/633
f 900/899/793 898/897/791 899/898/792
f 900/899/793 897/896/790 898/897/791
f 901/900/794 897/896/790 900/899/793
f 901/900/794 896/895/789 897/896/790
f 896/895/789 902/901/795 893/892/786
f 893/892/786 902/901/795 892/891/785
f 901/900/794 903/902/796 896/895/789
f 896/895/789 904/903/797 902/901/795
f 903/902/796 904/903/797 896/895/789
f 903/902/796 901/900/794 905/904/798
f 901/900/794 900/899/793 905/904/798
f 904/903/797 903/902/796 906/905/799
f 903/902/796 905/904/798 906/905/799
f 905/904/798 900/899/793 907/906/800
f 900/899/793 899/898/792 907/906/800
f 907/906/800 899/898/792 745/744/638
f 754/753/647 907/906/800 745/744/638
f 907/906/800 754/753/647 755/754/648
f 905/904/798 907/906/800 908/907/801
f 908/907/801 907/906/800 755/754/648
f 906/905/799 905/904/798 908/907/801
f 909/908/802 908/907/801 755/754/648
f 906/905/799 908/907/801 909/908/802
f 758/757/651 909/908/802 755/754/648
f 910/909/803 906/905/799 909/908/802
f 911/910/804 906/905/799 910/909/803
f 911/910/804 904/903/797 906/905/799
f 911/910/804 902/901/795 904/903/797
f 902/901/795 911/910/804 912/911/805
f 911/910/804 910/909/803 912/911/805
f 902/901/795 912/911/805 913/912/806
f 892/891/785 902/901/795 913/912/806
f 912/911/805 910/909/803 914/913/807
f 910/909/803 909/908/802 914/913/807
f 914/913/807 909/908/802 758/757/651
f 764/763/657 914/913/807 758/757/651
f 914/913/807 764/763/657 765/764/658
f 912/911/805 914/913/807 915/914/808
f 915/914/808 914/913/807 765/764/658
f 913/912/806 912/911/805 915/914/808
f 916/915/809 915/914/808 765/764/658
f 913/912/806 915/914/808 916/915/809
f 768/767/661 916/915/809 765/764/658
f 917/916/810 913/912/806 916/915/809
f 892/891/785 913/912/806 917/916/810
f 891/890/784 892/891/785 917/916/810
f 891/890/784 917/916/810 918/917/811
f 918/917/811 917/916/810 919/918/812
f 917/916/810 916/915/809 919/918/812
f 919/918/812 916/915/809 768/767/661
f 772/771/665 919/918/812 768/767/661
f 919/918/812 772/771/665 773/772/666
f 920/919/813 919/918/812 773/772/666
f 918/917/811 919/918/812 920/919/813
f 921/920/814 920/919/813 773/772/666
f 776/775/669 921/920/814 773/772/666
f 922/921/815 920/919/813 921/920/814
f 922/921/815 918/917/811 920/919/813
f 923/922/816 922/921/815 921/920/814
f 924/923/817 918/917/811 922/921/815
f 924/923/817 891/890/784 918/917/811
f 925/924/818 922/921/815 923/922/816
f 925/924/818 924/923/817 922/921/815
f 926/925/819 925/924/818 923/922/816
f 924/923/817 925/924/818 927/926/820
f 928/927/821 891/890/784 924/923/817
f 928/927/821 924/923/817 927/926/820
f 929/928/822 925/924/818 926/925/819
f 927/926/820 925/924/818 929/928/822
f 927/926/820 929/928/822 930/929/823
f 928/927/821 927/926/820 931/930/824
f 927/926/820 930/929/823 931/930/824
f 929/928/822 926/925/819 932/931/825
f 929/928/822 932/931/825 930/929/823
f 933/932/826 932/931/825 926/925/819
f 932/931/825 934/933/827 930/929/823
f 930/929/823 934/933/827 935/934/828
f 934/933/827 936/935/829 935/934/828
f 935/934/828 936/935/829 792/791/685
f 936/935/829 793/792/686 792/791/685
f 931/930/824 930/929/823 935/934/828
f 931/930/824 935/934/828 937/936/830
f 937/936/830 935/934/828 795/794/688
f 935/934/828 792/791/685 795/794/688
f 938/937/831 932/931/825 933/932/826
f 932/931/825 938/937/831 934/933/827
f 938/937/831 939/938/832 934/933/827
f 934/933/827 939/938/832 936/935/829
f 939/938/832 940/939/833 936/935/829
f 936/935/829 940/939/833 793/792/686
f 940/939/833 799/798/692 793/792/686
f 938/937/831 941/940/834 939/938/832
f 941/940/834 942/941/835 939/938/832
f 939/938/832 942/941/835 940/939/833
f 942/941/835 943/942/836 940/939/833
f 940/939/833 943/942/836 799/798/692
f 943/942/836 803/802/696 799/798/692
f 803/802/696 943/942/836 804/803/697
f 943/942/836 944/943/837 804/803/697
f 943/942/836 945/944/838 944/943/837
f 943/942/836 942/941/835 945/944/838
f 942/941/835 946/945/839 945/944/838
f 942/941/835 941/940/834 946/945/839
f 947/946/840 941/940/834 938/937/831
f 946/945/839 941/940/834 947/946/840
f 948/947/841 947/946/840 938/937/831
f 948/947/841 938/937/831 933/932/826
f 946/945/839 947/946/840 949/948/842
f 947/946/840 948/947/841 949/948/842
f 945/944/838 946/945/839 949/948/842
f 945/944/838 949/948/842 950/949/843
f 944/943/837 945/944/838 950/949/843
f 948/947/841 951/950/844 949/948/842
f 949/948/842 951/950/844 950/949/843
f 944/943/837 950/949/843 813/812/706
f 804/803/697 944/943/837 813/812/706
f 950/949/843 952/951/845 813/812/706
f 951/950/844 952/951/845 950/949/843
f 952/951/845 815/814/708 813/812/706
f 815/814/708 952/951/845 816/815/709
f 952/951/845 953/952/846 816/815/709
f 952/951/845 954/953/847 953/952/846
f 952/951/845 951/950/844 954/953/847
f 951/950/844 955/954/848 954/953/847
f 951/950/844 948/947/841 955/954/848
f 955/954/848 948/947/841 933/932/826
f 955/954/848 933/932/826 956/955/849
f 954/953/847 955/954/848 956/955/849
f 954/953/847 956/955/849 957/956/850
f 953/952/846 954/953/847 957/956/850
f 933/932/826 958/957/851 956/955/849
f 956/955/849 958/957/851 957/956/850
f 953/952/846 957/956/850 823/822/716
f 816/815/709 953/952/846 823/822/716
f 957/956/850 959/958/852 823/822/716
f 958/957/851 959/958/852 957/956/850
f 959/958/852 825/824/718 823/822/716
f 825/824/718 959/958/852 826/825/719
f 959/958/852 960/959/853 826/825/719
f 961/960/854 960/959/853 959/958/852
f 958/957/851 961/960/854 959/958/852
f 962/961/855 961/960/854 958/957/851
f 933/932/826 963/962/856 958/957/851
f 963/962/856 962/961/855 958/957/851
f 963/962/856 933/932/826 926/925/819
f 926/925/819 964/963/857 963/962/856
f 964/963/857 926/925/819 923/922/816
f 964/963/857 923/922/816 965/964/858
f 965/964/858 923/922/816 921/920/814
f 966/965/859 963/962/856 964/963/857
f 966/965/859 964/963/857 965/964/858
f 962/961/855 963/962/856 967/966/860
f 966/965/859 967/966/860 963/962/856
f 965/964/858 921/920/814 968/967/861
f 968/967/861 921/920/814 776/775/669
f 836/835/729 968/967/861 776/775/669
f 968/967/861 836/835/729 837/836/730
f 962/961/855 967/966/860 969/968/862
f 962/961/855 969/968/862 961/960/854
f 970/969/863 965/964/858 968/967/861
f 966/965/859 965/964/858 970/969/863
f 971/970/864 968/967/861 837/836/730
f 970/969/863 968/967/861 971/970/864
f 972/971/865 971/970/864 837/836/730
f 842/841/735 972/971/865 837/836/730
f 973/972/866 971/970/864 972/971/865
f 973/972/866 970/969/863 971/970/864
f 974/973/867 970/969/863 973/972/866
f 974/973/867 966/965/859 970/969/863
f 966/965/859 975/974/868 967/966/860
f 974/973/867 975/974/868 966/965/859
f 967/966/860 975/974/868 969/968/862
f 975/974/868 974/973/867 976/975/869
f 975/974/868 976/975/869 969/968/862
f 974/973/867 973/972/866 976/975/869
f 961/960/854 969/968/862 977/976/870
f 969/968/862 976/975/869 977/976/870
f 961/960/854 977/976/870 960/959/853
f 976/975/869 973/972/866 978/977/871
f 976/975/869 978/977/871 977/976/870
f 973/972/866 972/971/865 978/977/871
f 978/977/871 972/971/865 842/841/735
f 849/848/742 978/977/871 842/841/735
f 978/977/871 849/848/742 850/849/743
f 977/976/870 978/977/871 850/849/743
f 960/959/853 977/976/870 850/849/743
f 826/825/719 960/959/853 850/849/743
f 979/978/872 851/850/744 722/721/615
f 882/881/775 979/978/872 722/721/615
f 884/883/777 979/978/872 882/881/775
f 884/883/777 980/979/873 979/978/872
f 889/888/782 980/979/873 884/883/777
f 889/888/782 981/980/874 980/979/873
f 889/888/782 888/887/781 981/980/874
f 982/981/875 981/980/874 888/887/781
f 983/982/876 982/981/875 888/887/781
f 983/982/876 888/887/781 891/890/784
f 984/983/877 981/980/874 982/981/875
f 981/980/874 984/983/877 980/979/873
f 983/982/876 891/890/784 985/984/878
f 928/927/821 985/984/878 891/890/784
f 985/984/878 928/927/821 986/985/879
f 985/984/878 986/985/879 987/986/880
f 987/986/880 986/985/879 988/987/881
f 987/986/880 988/987/881 989/988/882
f 989/988/882 988/987/881 864/863/757
f 988/987/881 865/864/758 864/863/757
f 983/982/876 985/984/878 987/986/880
f 983/982/876 987/986/880 990/989/883
f 990/989/883 987/986/880 989/988/882
f 984/983/877 991/990/884 980/979/873
f 980/979/873 991/990/884 979/978/872
f 983/982/876 990/989/883 992/991/885
f 982/981/875 983/982/876 992/991/885
f 993/992/886 984/983/877 982/981/875
f 993/992/886 982/981/875 992/991/885
f 994/993/887 984/983/877 993/992/886
f 991/990/884 984/983/877 994/993/887
f 991/990/884 995/994/888 979/978/872
f 979/978/872 995/994/888 851/850/744
f 995/994/888 868/867/761 851/850/744
f 868/867/761 995/994/888 869/868/762
f 995/994/888 996/995/889 869/868/762
f 995/994/888 997/996/890 996/995/889
f 995/994/888 991/990/884 997/996/890
f 991/990/884 994/993/887 997/996/890
f 994/993/887 993/992/886 998/997/891
f 993/992/886 992/991/885 998/997/891
f 997/996/890 994/993/887 998/997/891
f 998/997/891 992/991/885 999/998/892
f 997/996/890 998/997/891 1000/999/893
f 998/997/891 999/998/892 1000/999/893
f 996/995/889 997/996/890 1000/999/893
f 1000/999/893 999/998/892 881/880/774
f 996/995/889 1000/999/893 881/880/774
f 999/998/892 879/878/772 881/880/774
f 869/868/762 996/995/889 881/880/774
f 992/991/885 990/989/883 999/998/892
f 990/989/883 1001/1000/894 999/998/892
f 999/998/892 1001/1000/894 879/878/772
f 990/989/883 989/988/882 1001/1000/894
f 1001/1000/894 880/879/773 879/878/772
f 1001/1000/894 989/988/882 880/879/773
f 989/988/882 864/863/757 880/879/773
f 937/936/830 795/794/688 865/864/758
f 988/987/881 937/936/830 865/864/758
f 986/985/879 937/936/830 988/987/881
f 986/985/879 931/930/824 937/936/830
f 928/927/821 931/930/824 986/985/879
f 1002/1001/895 1004/1002/896 1003/1003/897
f 1005/1004/898 1002/1001/895 1003/1003/897
f 1006/1005/899 1002/1001/895 1005/1004/898
f 1007/1006/900 1005/1004/898 1003/1003/897
f 1007/1006/900 1003/1003/897 1008/1007/901
f 1009/1008/902 1006/1005/899 1005/1004/898
f 1010/1009/903 1006/1005/899 1009/1008/902
f 1011/1010/904 1009/1008/902 1005/1004/898
f 1011/1010/904 1005/1004/898 1007/1006/900
f 1012/1011/905 1007/1006/900 1008/1007/901
f 1012/1011/905 1008/1007/901 1013/1012/906
f 1014/1013/907 1010/1009/903 1009/1008/902
f 1014/1013/907 1009/1008/902 1011/1010/904
f 1015/1014/908 1011/1010/904 1007/1006/900
f 1015/1014/908 1007/1006/900 1012/1011/905
f 1016/1015/909 1015/1014/908 1012/1011/905
f 1017/1016/910 1012/1011/905 1013/1012/906
f 1016/1015/909 1012/1011/905 1017/1016/910
f 1017/1016/910 1013/1012/906 1018/1017/911
f 1019/1018/912 1017/1016/910 1018/1017/911
f 1016/1015/909 1017/1016/910 1019/1018/912
f 1019/1018/912 1018/1017/911 1020/1019/913
f 1019/1018/912 1020/1019/913 1021/1020/914
f 1022/1021/915 1011/1010/904 1015/1014/908
f 1022/1021/915 1014/1013/907 1011/1010/904
f 1023/1022/916 1010/1009/903 1014/1013/907
f 1023/1022/916 1024/1023/917 1010/1009/903
f 1025/1024/918 1024/1023/917 1023/1022/916
f 1026/1025/919 1019/1018/912 1021/1020/914
f 1026/1025/919 1021/1020/914 1027/1026/920
f 1028/1027/921 1023/1022/916 1014/1013/907
f 1028/1027/921 1014/1013/907 1022/1021/915
f 1029/1028/922 1025/1024/918 1023/1022/916
f 1029/1028/922 1023/1022/916 1028/1027/921
f 1030/1029/923 1025/1024/918 1029/1028/922
f 1031/1030/924 1022/1021/915 1015/1014/908
f 1031/1030/924 1015/1014/908 1016/1015/909
f 1032/1031/925 1028/1027/921 1022/1021/915
f 1032/1031/925 1022/1021/915 1031/1030/924
f 1033/1032/926 1019/1018/912 1026/1025/919
f 1033/1032/926 1016/1015/909 1019/1018/912
f 1034/1033/927 1026/1025/919 1027/1026/920
f 1034/1033/927 1027/1026/920 1004/1002/896
f 1002/1001/895 1034/1033/927 1004/1002/896
f 1035/1034/928 1026/1025/919 1034/1033/927
f 1035/1034/928 1033/1032/926 1026/1025/919
f 1036/1035/929 1034/1033/927 1002/1001/895
f 1036/1035/929 1035/1034/928 1034/1033/927
f 1006/1005/899 1036/1035/929 1002/1001/895
f 1010/1009/903 1036/1035/929 1006/1005/899
f 1037/1036/930 1035/1034/928 1036/1035/929
f 1010/1009/903 1037/1036/930 1036/1035/929
f 1038/1037/931 1033/1032/926 1035/1034/928
f 1037/1036/930 1038/1037/931 1035/1034/928
f 1039/1038/932 1016/1015/909 1033/1032/926
f 1038/1037/931 1039/1038/932 1033/1032/926
f 1040/1039/933 1037/1036/930 1010/1009/903
f 1024/1023/917 1040/1039/933 1010/1009/903
f 1041/1040/934 1038/1037/931 1037/1036/930
f 1040/1039/933 1041/1040/934 1037/1036/930
f 1042/1041/935 1040/1039/933 1024/1023/917
f 1042/1041/935 1041/1040/934 1040/1039/933
f 1025/1024/918 1042/1041/935 1024/1023/917
f 1041/1040/934 1043/1042/936 1038/1037/931
f 1043/1042/936 1039/1038/932 1038/1037/931
f 1039/1038/932 1044/1043/937 1016/1015/909
f 1044/1043/937 1031/1030/924 1016/1015/909
f 1045/1044/938 1044/1043/937 1039/1038/932
f 1045/1044/938 1031/1030/924 1044/1043/937
f 1043/1042/936 1045/1044/938 1039/1038/932
f 1045/1044/938 1032/1031/925 1031/1030/924
f 1046/1045/939 1043/1042/936 1041/1040/934
f 1042/1041/935 1046/1045/939 1041/1040/934
f 1047/1046/940 1042/1041/935 1025/1024/918
f 1030/1029/923 1047/1046/940 1025/1024/918
f 1048/1047/941 1047/1046/940 1030/1029/923
f 1049/1048/942 1045/1044/938 1043/1042/936
f 1046/1045/939 1049/1048/942 1043/1042/936
f 1050/1049/943 1046/1045/939 1042/1041/935
f 1047/1046/940 1050/1049/943 1042/1041/935
f 1051/1050/944 1032/1031/925 1045/1044/938
f 1049/1048/942 1051/1050/944 1045/1044/938
f 1052/1051/945 1049/1048/942 1046/1045/939
f 1050/1049/943 1052/1051/945 1046/1045/939
f 1053/1052/946 1051/1050/944 1049/1048/942
f 1052/1051/945 1053/1052/946 1049/1048/942
f 1048/1047/941 1054/1053/947 1047/1046/940
f 1055/1054/948 1050/1049/943 1047/1046/940
f 1054/1053/947 1055/1054/948 1047/1046/940
f 1056/1055/949 1054/1053/947 1048/1047/941
f 1056/1055/949 1055/1054/948 1054/1053/947
f 1057/1056/950 1056/1055/949 1048/1047/941
f 1058/1057/951 1052/1051/945 1050/1049/943
f 1055/1054/948 1058/1057/951 1050/1049/943
f 1059/1058/952 1053/1052/946 1052/1051/945
f 1058/1057/951 1059/1058/952 1052/1051/945
f 1053/1052/946 1060/1059/953 1051/1050/944
f 1059/1058/952 1060/1059/953 1053/1052/946
f 1061/1060/954 1058/1057/951 1055/1054/948
f 1056/1055/949 1061/1060/954 1055/1054/948
f 1062/1061/955 1056/1055/949 1057/1056/950
f 1063/1062/956 1062/1061/955 1057/1056/950
f 1064/1063/957 1062/1061/955 1063/1062/956
f 1062/1061/955 1065/1064/958 1056/1055/949
f 1065/1064/958 1061/1060/954 1056/1055/949
f 1064/1063/957 1066/1065/959 1062/1061/955
f 1066/1065/959 1065/1064/958 1062/1061/955
f 1067/1066/960 1066/1065/959 1064/1063/957
f 1061/1060/954 1068/1067/961 1058/1057/951
f 1068/1067/961 1059/1058/952 1058/1057/951
f 1067/1066/960 1069/1068/962 1066/1065/959
f 1070/1069/963 1069/1068/962 1067/1066/960
f 1070/1069/963 1071/1070/964 1069/1068/962
f 1069/1068/962 1072/1071/965 1066/1065/959
f 1066/1065/959 1072/1071/965 1065/1064/958
f 1071/1070/964 1073/1072/966 1069/1068/962
f 1069/1068/962 1073/1072/966 1072/1071/965
f 1071/1070/964 1074/1073/967 1073/1072/966
f 1074/1073/967 1075/1074/968 1073/1072/966
f 1065/1064/958 1076/1075/969 1061/1060/954
f 1076/1075/969 1068/1067/961 1061/1060/954
f 1072/1071/965 1077/1076/970 1065/1064/958
f 1073/1072/966 1077/1076/970 1072/1071/965
f 1077/1076/970 1076/1075/969 1065/1064/958
f 1075/1074/968 1078/1077/971 1073/1072/966
f 1073/1072/966 1078/1077/971 1077/1076/970
f 1075/1074/968 1079/1078/972 1078/1077/971
f 1079/1078/972 1080/1079/973 1078/1077/971
f 1078/1077/971 1080/1079/973 1077/1076/970
f 1079/1078/972 1081/1080/974 1080/1079/973
f 1077/1076/970 1082/1081/975 1076/1075/969
f 1080/1079/973 1082/1081/975 1077/1076/970
f 1081/1080/974 1083/1082/976 1080/1079/973
f 1080/1079/973 1083/1082/976 1082/1081/975
f 1081/1080/974 1084/1083/977 1083/1082/976
f 1076/1075/969 1085/1084/978 1068/1067/961
f 1082/1081/975 1085/1084/978 1076/1075/969
f 1083/1082/976 1086/1085/979 1082/1081/975
f 1082/1081/975 1086/1085/979 1085/1084/978
f 1084/1083/977 1087/1086/980 1083/1082/976
f 1083/1082/976 1087/1086/980 1086/1085/979
f 1084/1083/977 1088/1087/981 1087/1086/980
f 1085/1084/978 1089/1088/982 1068/1067/961
f 1068/1067/961 1089/1088/982 1059/1058/952
f 1089/1088/982 1090/1089/983 1059/1058/952
f 1059/1058/952 1090/1089/983 1060/1059/953
f 1085/1084/978 1091/1090/984 1089/1088/982
f 1089/1088/982 1091/1090/984 1090/1089/983
f 1086/1085/979 1092/1091/985 1085/1084/978
f 1085/1084/978 1092/1091/985 1091/1090/984
f 1087/1086/980 1093/1092/986 1086/1085/979
f 1086/1085/979 1093/1092/986 1092/1091/985
f 1088/1087/981 1094/1093/987 1087/1086/980
f 1087/1086/980 1094/1093/987 1093/1092/986
f 1092/1091/985 1095/1094/988 1091/1090/984
f 1091/1090/984 1095/1094/988 1090/1089/983
f 1088/1087/981 1067/1066/960 1094/1093/987
f 1088/1087/981 1070/1069/963 1067/1066/960
f 1094/1093/987 1067/1066/960 1064/1063/957
f 1094/1093/987 1064/1063/957 1096/1095/989
f 1094/1093/987 1096/1095/989 1093/1092/986
f 1096/1095/989 1064/1063/957 1063/1062/956
f 1093/1092/986 1097/1096/990 1092/1091/985
f 1093/1092/986 1096/1095/989 1097/1096/990
f 1092/1091/985 1097/1096/990 1095/1094/988
f 1096/1095/989 1063/1062/956 1098/1097/991
f 1096/1095/989 1098/1097/991 1097/1096/990
f 1098/1097/991 1063/1062/956 1057/1056/950
f 1097/1096/990 1098/1097/991 1099/1098/992
f 1097/1096/990 1099/1098/992 1095/1094/988
f 1098/1097/991 1057/1056/950 1099/1098/992
f 1095/1094/988 1100/1099/993 1090/1089/983
f 1095/1094/988 1099/1098/992 1100/1099/993
f 1099/1098/992 1057/1056/950 1101/1100/994
f 1099/1098/992 1101/1100/994 1100/1099/993
f 1057/1056/950 1048/1047/941 1101/1100/994
f 1101/1100/994 1048/1047/941 1030/1029/923
f 1101/1100/994 1030/1029/923 1102/1101/995
f 1100/1099/993 1101/1100/994 1102/1101/995
f 1102/1101/995 1030/1029/923 1029/1028/922
f 1090/1089/983 1100/1099/993 1103/1102/996
f 1100/1099/993 1102/1101/995 1103/1102/996
f 1103/1102/996 1102/1101/995 1029/1028/922
f 1090/1089/983 1103/1102/996 1060/1059/953
f 1103/1102/996 1029/1028/922 1104/1103/997
f 1104/1103/997 1029/1028/922 1028/1027/921
f 1104/1103/997 1028/1027/921 1032/1031/925
f 1060/1059/953 1103/1102/996 1105/1104/998
f 1103/1102/996 1104/1103/997 1105/1104/998
f 1105/1104/998 1104/1103/997 1032/1031/925
f 1060/1059/953 1105/1104/998 1051/1050/944
f 1051/1050/944 1105/1104/998 1032/1031/925
f 1004/1002/896 1106/1105/999 1003/1003/897
f 1106/1105/999 1107/1106/1000 1003/1003/897
f 1106/1105/999 1108/1107/1001 1107/1106/1000
f 1003/1003/897 1107/1106/1000 1109/1108/1002
f 1003/1003/897 1109/1108/1002 1008/1007/901
f 1108/1107/1001 1110/1109/1003 1107/1106/1000
f 1108/1107/1001 1111/1110/1004 1110/1109/1003
f 1107/1106/1000 1110/1109/1003 1112/1111/1005
f 1107/1106/1000 1112/1111/1005 1109/1108/1002
f 1008/1007/901 1109/1108/1002 1113/1112/1006
f 1008/1007/901 1113/1112/1006 1013/1012/906
f 1111/1110/1004 1114/1113/1007 1110/1109/1003
f 1110/1109/1003 1114/1113/1007 1112/1111/1005
f 1109/1108/1002 1112/1111/1005 1115/1114/1008
f 1109/1108/1002 1115/1114/1008 1113/1112/1006
f 1113/1112/1006 1115/1114/1008 1116/1115/1009
f 1013/1012/906 1113/1112/1006 1117/1116/1010
f 1113/1112/1006 1116/1115/1009 1117/1116/1010
f 1013/1012/906 1117/1116/1010 1018/1017/911
f 1018/1017/911 1117/1116/1010 1118/1117/1011
f 1117/1116/1010 1116/1115/1009 1118/1117/1011
f 1018/1017/911 1118/1117/1011 1020/1019/913
f 1020/1019/913 1118/1117/1011 1021/1020/914
f 1112/1111/1005 1119/1118/1012 1115/1114/1008
f 1114/1113/1007 1119/1118/1012 1112/1111/1005
f 1111/1110/1004 1120/1119/1013 1114/1113/1007
f 1111/1110/1004 1121/1120/1014 1120/1119/1013
f 1121/1120/1014 1122/1121/1015 1120/1119/1013
f 1118/1117/1011 1123/1122/1016 1021/1020/914
f 1021/1020/914 1123/1122/1016 1027/1026/920
f 1114/1113/1007 1120/1119/1013 1124/1123/1017
f 1114/1113/1007 1124/1123/1017 1119/1118/1012
f 1122/1121/1015 1125/1124/1018 1120/1119/1013
f 1120/1119/1013 1125/1124/1018 1124/1123/1017
f 1122/1121/1015 1126/1125/1019 1125/1124/1018
f 1119/1118/1012 1127/1126/1020 1115/1114/1008
f 1115/1114/1008 1127/1126/1020 1116/1115/1009
f 1119/1118/1012 1124/1123/1017 1128/1127/1021
f 1119/1118/1012 1128/1127/1021 1127/1126/1020
f 1118/1117/1011 1129/1128/1022 1123/1122/1016
f 1116/1115/1009 1129/1128/1022 1118/1117/1011
f 1123/1122/1016 1130/1129/1023 1027/1026/920
f 1027/1026/920 1130/1129/1023 1004/1002/896
f 1130/1129/1023 1106/1105/999 1004/1002/896
f 1123/1122/1016 1131/1130/1024 1130/1129/1023
f 1129/1128/1022 1131/1130/1024 1123/1122/1016
f 1130/1129/1023 1132/1131/1025 1106/1105/999
f 1131/1130/1024 1132/1131/1025 1130/1129/1023
f 1132/1131/1025 1108/1107/1001 1106/1105/999
f 1132/1131/1025 1111/1110/1004 1108/1107/1001
f 1131/1130/1024 1133/1132/1026 1132/1131/1025
f 1132/1131/1025 1133/1132/1026 1111/1110/1004
f 1129/1128/1022 1134/1133/1027 1131/1130/1024
f 1131/1130/1024 1134/1133/1027 1133/1132/1026
f 1116/1115/1009 1135/1134/1028 1129/1128/1022
f 1129/1128/1022 1135/1134/1028 1134/1133/1027
f 1133/1132/1026 1136/1135/1029 1111/1110/1004
f 1136/1135/1029 1121/1120/1014 1111/1110/1004
f 1134/1133/1027 1137/1136/1030 1133/1132/1026
f 1137/1136/1030 1136/1135/1029 1133/1132/1026
f 1136/1135/1029 1138/1137/1031 1121/1120/1014
f 1137/1136/1030 1138/1137/1031 1136/1135/1029
f 1138/1137/1031 1122/1121/1015 1121/1120/1014
f 1139/1138/1032 1137/1136/1030 1134/1133/1027
f 1135/1134/1028 1139/1138/1032 1134/1133/1027
f 1116/1115/1009 1140/1139/1033 1135/1134/1028
f 1127/1126/1020 1140/1139/1033 1116/1115/1009
f 1140/1139/1033 1141/1140/1034 1135/1134/1028
f 1127/1126/1020 1141/1140/1034 1140/1139/1033
f 1141/1140/1034 1139/1138/1032 1135/1134/1028
f 1127/1126/1020 1128/1127/1021 1141/1140/1034
f 1139/1138/1032 1142/1141/1035 1137/1136/1030
f 1137/1136/1030 1142/1141/1035 1138/1137/1031
f 1138/1137/1031 1143/1142/1036 1122/1121/1015
f 1143/1142/1036 1126/1125/1019 1122/1121/1015
f 1143/1142/1036 1144/1143/1037 1126/1125/1019
f 1141/1140/1034 1145/1144/1038 1139/1138/1032
f 1139/1138/1032 1145/1144/1038 1142/1141/1035
f 1142/1141/1035 1146/1145/1039 1138/1137/1031
f 1146/1145/1039 1143/1142/1036 1138/1137/1031
f 1128/1127/1021 1147/1146/1040 1141/1140/1034
f 1141/1140/1034 1147/1146/1040 1145/1144/1038
f 1145/1144/1038 1148/1147/1041 1142/1141/1035
f 1148/1147/1041 1146/1145/1039 1142/1141/1035
f 1147/1146/1040 1149/1148/1042 1145/1144/1038
f 1149/1148/1042 1148/1147/1041 1145/1144/1038
f 1143/1142/1036 1150/1149/1043 1144/1143/1037
f 1146/1145/1039 1151/1150/1044 1143/1142/1036
f 1151/1150/1044 1150/1149/1043 1143/1142/1036
f 1150/1149/1043 1152/1151/1045 1144/1143/1037
f 1151/1150/1044 1152/1151/1045 1150/1149/1043
f 1152/1151/1045 1153/1152/1046 1144/1143/1037
f 1148/1147/1041 1154/1153/1047 1146/1145/1039
f 1154/1153/1047 1151/1150/1044 1146/1145/1039
f 1149/1148/1042 1155/1154/1048 1148/1147/1041
f 1155/1154/1048 1154/1153/1047 1148/1147/1041
f 1156/1155/1049 1149/1148/1042 1147/1146/1040
f 1156/1155/1049 1155/1154/1048 1149/1148/1042
f 1154/1153/1047 1157/1156/1050 1151/1150/1044
f 1151/1150/1044 1157/1156/1050 1152/1151/1045
f 1152/1151/1045 1158/1157/1051 1153/1152/1046
f 1158/1157/1051 1159/1158/1052 1153/1152/1046
f 1158/1157/1051 1160/1159/1053 1159/1158/1052
f 1161/1160/1054 1158/1157/1051 1152/1151/1045
f 1157/1156/1050 1161/1160/1054 1152/1151/1045
f 1158/1157/1051 1162/1161/1055 1160/1159/1053
f 1161/1160/1054 1162/1161/1055 1158/1157/1051
f 1162/1161/1055 1163/1162/1056 1160/1159/1053
f 1154/1153/1047 1164/1163/1057 1157/1156/1050
f 1155/1154/1048 1164/1163/1057 1154/1153/1047
f 1162/1161/1055 1165/1164/1058 1163/1162/1056
f 1165/1164/1058 1070/1069/963 1163/1162/1056
f 1165/1164/1058 1071/1070/964 1070/1069/963
f 1166/1165/1059 1165/1164/1058 1162/1161/1055
f 1161/1160/1054 1166/1165/1059 1162/1161/1055
f 1167/1166/1060 1071/1070/964 1165/1164/1058
f 1166/1165/1059 1167/1166/1060 1165/1164/1058
f 1167/1166/1060 1074/1073/967 1071/1070/964
f 1075/1074/968 1074/1073/967 1167/1166/1060
f 1168/1167/1061 1161/1160/1054 1157/1156/1050
f 1164/1163/1057 1168/1167/1061 1157/1156/1050
f 1169/1168/1062 1166/1165/1059 1161/1160/1054
f 1169/1168/1062 1167/1166/1060 1166/1165/1059
f 1168/1167/1061 1169/1168/1062 1161/1160/1054
f 1170/1169/1063 1075/1074/968 1167/1166/1060
f 1169/1168/1062 1170/1169/1063 1167/1166/1060
f 1079/1078/972 1075/1074/968 1170/1169/1063
f 1171/1170/1064 1079/1078/972 1170/1169/1063
f 1171/1170/1064 1170/1169/1063 1169/1168/1062
f 1081/1080/974 1079/1078/972 1171/1170/1064
f 1172/1171/1065 1169/1168/1062 1168/1167/1061
f 1172/1171/1065 1171/1170/1064 1169/1168/1062
f 1173/1172/1066 1081/1080/974 1171/1170/1064
f 1173/1172/1066 1171/1170/1064 1172/1171/1065
f 1084/1083/977 1081/1080/974 1173/1172/1066
f 1174/1173/1067 1168/1167/1061 1164/1163/1057
f 1174/1173/1067 1172/1171/1065 1168/1167/1061
f 1175/1174/1068 1084/1083/977 1173/1172/1066
f 1088/1087/981 1084/1083/977 1175/1174/1068
f 1176/1175/1069 1173/1172/1066 1172/1171/1065
f 1176/1175/1069 1172/1171/1065 1174/1173/1067
f 1175/1174/1068 1173/1172/1066 1176/1175/1069
f 1177/1176/1070 1174/1173/1067 1164/1163/1057
f 1155/1154/1048 1177/1176/1070 1164/1163/1057
f 1178/1177/1071 1177/1176/1070 1155/1154/1048
f 1156/1155/1049 1178/1177/1071 1155/1154/1048
f 1179/1178/1072 1174/1173/1067 1177/1176/1070
f 1178/1177/1071 1179/1178/1072 1177/1176/1070
f 1180/1179/1073 1176/1175/1069 1174/1173/1067
f 1179/1178/1072 1180/1179/1073 1174/1173/1067
f 1181/1180/1074 1175/1174/1068 1176/1175/1069
f 1181/1180/1074 1176/1175/1069 1180/1179/1073
f 1182/1181/1075 1088/1087/981 1175/1174/1068
f 1182/1181/1075 1175/1174/1068 1181/1180/1074
f 1183/1182/1076 1180/1179/1073 1179/1178/1072
f 1183/1182/1076 1179/1178/1072 1178/1177/1071
f 1163/1162/1056 1088/1087/981 1182/1181/1075
f 1163/1162/1056 1070/1069/963 1088/1087/981
f 1160/1159/1053 1163/1162/1056 1182/1181/1075
f 1160/1159/1053 1182/1181/1075 1184/1183/1077
f 1184/1183/1077 1182/1181/1075 1181/1180/1074
f 1159/1158/1052 1160/1159/1053 1184/1183/1077
f 1185/1184/1078 1181/1180/1074 1180/1179/1073
f 1184/1183/1077 1181/1180/1074 1185/1184/1078
f 1183/1182/1076 1185/1184/1078 1180/1179/1073
f 1159/1158/1052 1184/1183/1077 1186/1185/1079
f 1186/1185/1079 1184/1183/1077 1185/1184/1078
f 1153/1152/1046 1159/1158/1052 1186/1185/1079
f 1187/1186/1080 1186/1185/1079 1185/1184/1078
f 1187/1186/1080 1185/1184/1078 1183/1182/1076
f 1153/1152/1046 1186/1185/1079 1187/1186/1080
f 1188/1187/1081 1183/1182/1076 1178/1177/1071
f 1187/1186/1080 1183/1182/1076 1188/1187/1081
f 1153/1152/1046 1187/1186/1080 1189/1188/1082
f 1189/1188/1082 1187/1186/1080 1188/1187/1081
f 1144/1143/1037 1153/1152/1046 1189/1188/1082
f 1126/1125/1019 1144/1143/1037 1189/1188/1082
f 1126/1125/1019 1189/1188/1082 1190/1189/1083
f 1190/1189/1083 1189/1188/1082 1188/1187/1081
f 1126/1125/1019 1190/1189/1083 1125/1124/1018
f 1191/1190/1084 1188/1187/1081 1178/1177/1071
f 1190/1189/1083 1188/1187/1081 1191/1190/1084
f 1125/1124/1018 1190/1189/1083 1191/1190/1084
f 1191/1190/1084 1178/1177/1071 1156/1155/1049
f 1125/1124/1018 1191/1190/1084 1192/1191/1085
f 1125/1124/1018 1192/1191/1085 1124/1123/1017
f 1124/1123/1017 1192/1191/1085 1128/1127/1021
f 1191/1190/1084 1156/1155/1049 1193/1192/1086
f 1192/1191/1085 1191/1190/1084 1193/1192/1086
f 1192/1191/1085 1193/1192/1086 1128/1127/1021
f 1193/1192/1086 1156/1155/1049 1147/1146/1040
f 1128/1127/1021 1193/1192/1086 1147/1146/1040
f 1194/1193/1087 1196/1194/1088 1195/1195/1089
f 1197/1196/1090 1194/1193/1087 1195/1195/1089
f 1197/1196/1090 1195/1195/1089 1198/1197/1091
f 1199/1198/1092 1197/1196/1090 1198/1197/1091
f 1198/1197/1091 1200/1199/1093 1199/1198/1092
f 1200/1199/1093 1201/1200/1094 1199/1198/1092
f 1200/1199/1093 1202/1201/1095 1201/1200/1094
f 1202/1201/1095 1203/1202/1096 1201/1200/1094
f 1202/1201/1095 1204/1203/1097 1203/1202/1096
f 1204/1203/1097 1205/1204/1098 1203/1202/1096
f 1206/1205/1099 1204/1203/1097 1202/1201/1095
f 1207/1206/1100 1206/1205/1099 1202/1201/1095
f 1207/1206/1100 1202/1201/1095 1200/1199/1093
f 1208/1207/1101 1207/1206/1100 1200/1199/1093
f 1208/1207/1101 1200/1199/1093 1198/1197/1091
f 1209/1208/1102 1208/1207/1101 1198/1197/1091
f 1198/1197/1091 1195/1195/1089 1209/1208/1102
f 1195/1195/1089 1210/1209/1103 1209/1208/1102
f 1195/1195/1089 1196/1194/1088 1210/1209/1103
f 1196/1194/1088 1211/1210/1104 1210/1209/1103
f 1205/1204/1098 1204/1203/1097 1212/1211/1105
f 1204/1203/1097 1206/1205/1099 1213/1212/1106
f 1212/1211/1105 1204/1203/1097 1213/1212/1106
f 1214/1213/1107 1206/1205/1099 1207/1206/1100
f 1213/1212/1106 1206/1205/1099 1215/1214/1108
f 1206/1205/1099 1214/1213/1107 1215/1214/1108
f 1216/1215/1109 1214/1213/1107 1207/1206/1100
f 1216/1215/1109 1207/1206/1100 1208/1207/1101
f 1217/1216/1110 1216/1215/1109 1208/1207/1101
f 1217/1216/1110 1208/1207/1101 1209/1208/1102
f 1218/1217/1111 1217/1216/1110 1209/1208/1102
f 1209/1208/1102 1210/1209/1103 1218/1217/1111
f 1210/1209/1103 1219/1218/1112 1218/1217/1111
f 1210/1209/1103 1211/1210/1104 1219/1218/1112
f 1211/1210/1104 1220/1219/1113 1219/1218/1112
f 1221/1220/1114 1214/1213/1107 1216/1215/1109
f 1221/1220/1114 1216/1215/1109 1217/1216/1110
f 1222/1221/1115 1221/1220/1114 1217/1216/1110
f 1222/1221/1115 1217/1216/1110 1218/1217/1111
f 1223/1222/1116 1222/1221/1115 1218/1217/1111
f 1218/1217/1111 1219/1218/1112 1223/1222/1116
f 1219/1218/1112 1224/1223/1117 1223/1222/1116
f 1219/1218/1112 1225/1224/1118 1224/1223/1117
f 1219/1218/1112 1220/1219/1113 1225/1224/1118
f 1221/1220/1114 1226/1225/1119 1214/1213/1107
f 1215/1214/1108 1214/1213/1107 1226/1225/1119
f 1227/1226/1120 1226/1225/1119 1221/1220/1114
f 1228/1227/1121 1227/1226/1120 1221/1220/1114
f 1228/1227/1121 1221/1220/1114 1222/1221/1115
f 1228/1227/1121 1222/1221/1115 1223/1222/1116
f 1229/1228/1122 1228/1227/1121 1223/1222/1116
f 1223/1222/1116 1230/1229/1123 1229/1228/1122
f 1223/1222/1116 1224/1223/1117 1230/1229/1123
f 1224/1223/1117 1231/1230/1124 1230/1229/1123
f 1224/1223/1117 1225/1224/1118 1231/1230/1124
f 1227/1226/1120 1232/1231/1125 1226/1225/1119
f 1215/1214/1108 1226/1225/1119 1233/1232/1126
f 1233/1232/1126 1226/1225/1119 1232/1231/1125
f 1234/1233/1127 1215/1214/1108 1233/1232/1126
f 1213/1212/1106 1215/1214/1108 1234/1233/1127
f 1235/1234/1128 1213/1212/1106 1234/1233/1127
f 1212/1211/1105 1213/1212/1106 1235/1234/1128
f 1234/1233/1127 1233/1232/1126 1236/1235/1129
f 1233/1232/1126 1232/1231/1125 1237/1236/1130
f 1236/1235/1129 1233/1232/1126 1237/1236/1130
f 1235/1234/1128 1234/1233/1127 1238/1237/1131
f 1238/1237/1131 1234/1233/1127 1236/1235/1129
f 1239/1238/1132 1212/1211/1105 1235/1234/1128
f 1240/1239/1133 1235/1234/1128 1238/1237/1131
f 1239/1238/1132 1235/1234/1128 1240/1239/1133
f 1241/1240/1134 1212/1211/1105 1239/1238/1132
f 1241/1240/1134 1205/1204/1098 1212/1211/1105
f 1237/1236/1130 1232/1231/1125 1242/1241/1135
f 1243/1242/1136 1242/1241/1135 1232/1231/1125
f 1243/1242/1136 1232/1231/1125 1227/1226/1120
f 1243/1242/1136 1227/1226/1120 1228/1227/1121
f 1244/1243/1137 1243/1242/1136 1228/1227/1121
f 1244/1243/1137 1228/1227/1121 1229/1228/1122
f 1245/1244/1138 1244/1243/1137 1229/1228/1122
f 1229/1228/1122 1230/1229/1123 1245/1244/1138
f 1230/1229/1123 1246/1245/1139 1245/1244/1138
f 1230/1229/1123 1247/1246/1140 1246/1245/1139
f 1230/1229/1123 1231/1230/1124 1247/1246/1140
f 1248/1247/1141 1205/1204/1098 1241/1240/1134
f 1248/1247/1141 1249/1248/1142 1205/1204/1098
f 1203/1202/1096 1205/1204/1098 1249/1248/1142
f 1203/1202/1096 1249/1248/1142 1250/1249/1143
f 1203/1202/1096 1250/1249/1143 1251/1250/1144
f 1201/1200/1094 1203/1202/1096 1251/1250/1144
f 1201/1200/1094 1251/1250/1144 1252/1251/1145
f 1199/1198/1092 1201/1200/1094 1252/1251/1145
f 1252/1251/1145 1253/1252/1146 1199/1198/1092
f 1253/1252/1146 1197/1196/1090 1199/1198/1092
f 1253/1252/1146 1194/1193/1087 1197/1196/1090
f 1253/1252/1146 1254/1253/1147 1194/1193/1087
f 1255/1254/1148 1248/1247/1141 1241/1240/1134
f 1255/1254/1148 1241/1240/1134 1256/1255/1149
f 1256/1255/1149 1241/1240/1134 1239/1238/1132
f 1256/1255/1149 1239/1238/1132 1257/1256/1150
f 1257/1256/1150 1239/1238/1132 1240/1239/1133
f 1258/1257/1151 1248/1247/1141 1255/1254/1148
f 1258/1257/1151 1259/1258/1118 1248/1247/1141
f 1259/1258/1118 1249/1248/1142 1248/1247/1141
f 1259/1258/1118 1260/1259/1152 1249/1248/1142
f 1250/1249/1143 1249/1248/1142 1260/1259/1152
f 1250/1249/1143 1260/1259/1152 1261/1260/1153
f 1251/1250/1144 1250/1249/1143 1261/1260/1153
f 1251/1250/1144 1261/1260/1153 1262/1261/1154
f 1251/1250/1144 1262/1261/1154 1263/1262/1155
f 1252/1251/1145 1251/1250/1144 1263/1262/1155
f 1263/1262/1155 1253/1252/1146 1252/1251/1145
f 1263/1262/1155 1264/1263/1129 1253/1252/1146
f 1264/1263/1129 1254/1253/1147 1253/1252/1146
f 1264/1263/1129 1265/1264/1156 1254/1253/1147
f 1266/1265/1157 1260/1259/1152 1259/1258/1118
f 1267/1266/1158 1259/1258/1118 1258/1257/1151
f 1267/1266/1158 1266/1265/1157 1259/1258/1118
f 1261/1260/1153 1260/1259/1152 1268/1267/1159
f 1266/1265/1157 1268/1267/1159 1260/1259/1152
f 1269/1268/1160 1267/1266/1158 1258/1257/1151
f 1269/1268/1160 1258/1257/1151 1270/1269/1116
f 1270/1269/1116 1258/1257/1151 1255/1254/1148
f 1270/1269/1116 1255/1254/1148 1271/1270/1122
f 1271/1270/1122 1255/1254/1148 1256/1255/1149
f 1271/1270/1122 1256/1255/1149 1272/1271/1161
f 1272/1271/1161 1256/1255/1149 1257/1256/1150
f 1273/1272/1162 1266/1265/1157 1267/1266/1158
f 1274/1273/1163 1268/1267/1159 1266/1265/1157
f 1273/1272/1162 1274/1273/1163 1266/1265/1157
f 1275/1274/1164 1267/1266/1158 1269/1268/1160
f 1275/1274/1164 1273/1272/1162 1267/1266/1158
f 1261/1260/1153 1268/1267/1159 1276/1275/1165
f 1261/1260/1153 1276/1275/1165 1277/1276/1166
f 1262/1261/1154 1261/1260/1153 1277/1276/1166
f 1262/1261/1154 1277/1276/1166 1278/1277/1167
f 1263/1262/1155 1262/1261/1154 1278/1277/1167
f 1278/1277/1167 1279/1278/1127 1263/1262/1155
f 1279/1278/1127 1264/1263/1129 1263/1262/1155
f 1279/1278/1127 1265/1264/1156 1264/1263/1129
f 1279/1278/1127 1280/1279/1168 1265/1264/1156
f 1276/1275/1165 1268/1267/1159 1281/1280/1169
f 1268/1267/1159 1274/1273/1163 1281/1280/1169
f 1276/1275/1165 1281/1280/1169 1282/1281/1170
f 1277/1276/1166 1276/1275/1165 1282/1281/1170
f 1277/1276/1166 1282/1281/1170 1283/1282/1133
f 1278/1277/1167 1277/1276/1166 1283/1282/1133
f 1283/1282/1133 1284/1283/1171 1278/1277/1167
f 1284/1283/1171 1279/1278/1127 1278/1277/1167
f 1284/1283/1171 1285/1284/1172 1279/1278/1127
f 1285/1284/1172 1280/1279/1168 1279/1278/1127
f 1281/1280/1169 1274/1273/1163 1286/1285/1173
f 1281/1280/1169 1286/1285/1173 1287/1286/1174
f 1282/1281/1170 1281/1280/1169 1287/1286/1174
f 1282/1281/1170 1287/1286/1174 1288/1287/1150
f 1283/1282/1133 1282/1281/1170 1288/1287/1150
f 1288/1287/1150 1289/1288/1132 1283/1282/1133
f 1289/1288/1132 1284/1283/1171 1283/1282/1133
f 1289/1288/1132 1290/1289/1175 1284/1283/1171
f 1290/1289/1175 1285/1284/1172 1284/1283/1171
f 1274/1273/1163 1291/1290/1176 1286/1285/1173
f 1291/1290/1176 1274/1273/1163 1273/1272/1162
f 1292/1291/1177 1291/1290/1176 1273/1272/1162
f 1292/1291/1177 1273/1272/1162 1275/1274/1164
f 1286/1285/1173 1291/1290/1176 1243/1242/1136
f 1286/1285/1173 1243/1242/1136 1244/1243/1137
f 1287/1286/1174 1286/1285/1173 1244/1243/1137
f 1287/1286/1174 1244/1243/1137 1245/1244/1138
f 1288/1287/1150 1287/1286/1174 1245/1244/1138
f 1245/1244/1138 1246/1245/1139 1288/1287/1150
f 1246/1245/1139 1289/1288/1132 1288/1287/1150
f 1246/1245/1139 1247/1246/1140 1289/1288/1132
f 1247/1246/1140 1290/1289/1175 1289/1288/1132
f 1291/1290/1176 1242/1241/1135 1243/1242/1136
f 1242/1241/1135 1291/1290/1176 1292/1291/1177
f 1293/1292/1178 1242/1241/1135 1292/1291/1177
f 1237/1236/1130 1242/1241/1135 1293/1292/1178
f 1293/1292/1178 1292/1291/1177 1294/1293/1179
f 1294/1293/1179 1292/1291/1177 1275/1274/1164
f 1295/1294/1146 1237/1236/1130 1293/1292/1178
f 1236/1235/1129 1237/1236/1130 1295/1294/1146
f 1294/1293/1179 1275/1274/1164 1296/1295/1180
f 1296/1295/1180 1275/1274/1164 1269/1268/1160
f 1297/1296/1090 1293/1292/1178 1294/1293/1179
f 1295/1294/1146 1293/1292/1178 1297/1296/1090
f 1298/1297/1181 1236/1235/1129 1295/1294/1146
f 1238/1237/1131 1236/1235/1129 1298/1297/1181
f 1299/1298/1182 1294/1293/1179 1296/1295/1180
f 1297/1296/1090 1294/1293/1179 1299/1298/1182
f 1300/1299/1183 1295/1294/1146 1297/1296/1090
f 1298/1297/1181 1295/1294/1146 1300/1299/1183
f 1301/1300/1092 1297/1296/1090 1299/1298/1182
f 1300/1299/1183 1297/1296/1090 1301/1300/1092
f 1269/1268/1160 1302/1301/1184 1296/1295/1180
f 1296/1295/1180 1303/1302/1185 1299/1298/1182
f 1302/1301/1184 1303/1302/1185 1296/1295/1180
f 1299/1298/1182 1304/1303/1186 1301/1300/1092
f 1303/1302/1185 1304/1303/1186 1299/1298/1182
f 1301/1300/1092 1305/1304/1187 1300/1299/1183
f 1304/1303/1186 1305/1304/1187 1301/1300/1092
f 1303/1302/1185 1306/1305/248 1304/1303/1186
f 1302/1301/1184 1306/1305/248 1303/1302/1185
f 1304/1303/1186 1306/1305/248 1305/1304/1187
f 1307/1306/1188 1306/1305/248 1302/1301/1184
f 1307/1306/1188 1302/1301/1184 1269/1268/1160
f 1305/1304/1187 1306/1305/248 1308/1307/1189
f 1305/1304/1187 1308/1307/1189 1300/1299/1183
f 1300/1299/1183 1308/1307/1189 1298/1297/1181
f 1270/1269/1116 1307/1306/1188 1269/1268/1160
f 1308/1307/1189 1309/1308/1190 1298/1297/1181
f 1308/1307/1189 1306/1305/248 1309/1308/1190
f 1298/1297/1181 1309/1308/1190 1238/1237/1131
f 1310/1309/1191 1307/1306/1188 1270/1269/1116
f 1310/1309/1191 1306/1305/248 1307/1306/1188
f 1271/1270/1122 1310/1309/1191 1270/1269/1116
f 1309/1308/1190 1311/1310/1192 1238/1237/1131
f 1309/1308/1190 1306/1305/248 1311/1310/1192
f 1238/1237/1131 1311/1310/1192 1240/1239/1133
f 1312/1311/1193 1310/1309/1191 1271/1270/1122
f 1312/1311/1193 1306/1305/248 1310/1309/1191
f 1272/1271/1161 1312/1311/1193 1271/1270/1122
f 1311/1310/1192 1313/1312/1194 1240/1239/1133
f 1311/1310/1192 1306/1305/248 1313/1312/1194
f 1240/1239/1133 1313/1312/1194 1257/1256/1150
f 1257/1256/1150 1314/1313/1195 1272/1271/1161
f 1314/1313/1195 1312/1311/1193 1272/1271/1161
f 1314/1313/1195 1306/1305/248 1312/1311/1193
f 1313/1312/1194 1314/1313/1195 1257/1256/1150
f 1313/1312/1194 1306/1305/248 1314/1313/1195
f 1315/1314/1196 1317/1315/1197 1316/1316/1198
f 1317/1315/1197 1318/1317/1199 1316/1316/1198
f 1316/1316/1198 1318/1317/1199 1319/1318/1200
f 1318/1317/1199 1320/1319/1201 1319/1318/1200
f 1321/1320/1202 1319/1318/1200 1320/1319/1201
f 1322/1321/1203 1321/1320/1202 1320/1319/1201
f 1323/1322/1204 1321/1320/1202 1322/1321/1203
f 1324/1323/1205 1323/1322/1204 1322/1321/1203
f 1325/1324/1206 1323/1322/1204 1324/1323/1205
f 1326/1325/1207 1325/1324/1206 1324/1323/1205
f 1325/1324/1206 1327/1326/1208 1323/1322/1204
f 1327/1326/1208 1328/1327/1209 1323/1322/1204
f 1323/1322/1204 1328/1327/1209 1321/1320/1202
f 1328/1327/1209 1329/1328/1210 1321/1320/1202
f 1321/1320/1202 1329/1328/1210 1319/1318/1200
f 1329/1328/1210 1330/1329/1211 1319/1318/1200
f 1316/1316/1198 1319/1318/1200 1330/1329/1211
f 1331/1330/1212 1316/1316/1198 1330/1329/1211
f 1315/1314/1196 1316/1316/1198 1331/1330/1212
f 1332/1331/1213 1315/1314/1196 1331/1330/1212
f 1325/1324/1206 1326/1325/1207 1333/1332/1214
f 1327/1326/1208 1325/1324/1206 1334/1333/1215
f 1325/1324/1206 1333/1332/1214 1334/1333/1215
f 1327/1326/1208 1335/1334/1216 1328/1327/1209
f 1327/1326/1208 1334/1333/1215 1336/1335/1217
f 1335/1334/1216 1327/1326/1208 1336/1335/1217
f 1335/1334/1216 1337/1336/1218 1328/1327/1209
f 1328/1327/1209 1337/1336/1218 1329/1328/1210
f 1337/1336/1218 1338/1337/1219 1329/1328/1210
f 1329/1328/1210 1338/1337/1219 1330/1329/1211
f 1338/1337/1219 1339/1338/1220 1330/1329/1211
f 1331/1330/1212 1330/1329/1211 1339/1338/1220
f 1340/1339/1221 1331/1330/1212 1339/1338/1220
f 1332/1331/1213 1331/1330/1212 1340/1339/1221
f 1341/1340/1222 1332/1331/1213 1340/1339/1221
f 1335/1334/1216 1342/1341/1223 1337/1336/1218
f 1337/1336/1218 1342/1341/1223 1338/1337/1219
f 1342/1341/1223 1343/1342/1224 1338/1337/1219
f 1338/1337/1219 1343/1342/1224 1339/1338/1220
f 1343/1342/1224 1344/1343/1225 1339/1338/1220
f 1340/1339/1221 1339/1338/1220 1344/1343/1225
f 1345/1344/1226 1340/1339/1221 1344/1343/1225
f 1346/1345/1227 1340/1339/1221 1345/1344/1226
f 1346/1345/1227 1341/1340/1222 1340/1339/1221
f 1335/1334/1216 1347/1346/1228 1342/1341/1223
f 1347/1346/1228 1335/1334/1216 1336/1335/1217
f 1347/1346/1228 1348/1347/1229 1342/1341/1223
f 1342/1341/1223 1348/1347/1229 1349/1348/1230
f 1342/1341/1223 1349/1348/1230 1343/1342/1224
f 1343/1342/1224 1349/1348/1230 1344/1343/1225
f 1349/1348/1230 1350/1349/1231 1344/1343/1225
f 1351/1350/1232 1344/1343/1225 1350/1349/1231
f 1351/1350/1232 1345/1344/1226 1344/1343/1225
f 1352/1351/1233 1345/1344/1226 1351/1350/1232
f 1352/1351/1233 1346/1345/1227 1345/1344/1226
f 1347/1346/1228 1353/1352/1234 1348/1347/1229
f 1347/1346/1228 1336/1335/1217 1354/1353/1235
f 1353/1352/1234 1347/1346/1228 1354/1353/1235
f 1354/1353/1235 1336/1335/1217 1355/1354/1236
f 1336/1335/1217 1334/1333/1215 1355/1354/1236
f 1334/1333/1215 1356/1355/1237 1355/1354/1236
f 1334/1333/1215 1333/1332/1214 1356/1355/1237
f 1354/1353/1235 1355/1354/1236 1357/1356/1238
f 1353/1352/1234 1354/1353/1235 1358/1357/1239
f 1358/1357/1239 1354/1353/1235 1357/1356/1238
f 1355/1354/1236 1356/1355/1237 1359/1358/1240
f 1357/1356/1238 1355/1354/1236 1359/1358/1240
f 1333/1332/1214 1360/1359/1241 1356/1355/1237
f 1356/1355/1237 1361/1360/1242 1359/1358/1240
f 1356/1355/1237 1360/1359/1241 1361/1360/1242
f 1333/1332/1214 1362/1361/1243 1360/1359/1241
f 1326/1325/1207 1362/1361/1243 1333/1332/1214
f 1363/1362/1244 1353/1352/1234 1358/1357/1239
f 1353/1352/1234 1363/1362/1244 1364/1363/1245
f 1353/1352/1234 1364/1363/1245 1348/1347/1229
f 1348/1347/1229 1364/1363/1245 1349/1348/1230
f 1364/1363/1245 1365/1364/1246 1349/1348/1230
f 1349/1348/1230 1365/1364/1246 1350/1349/1231
f 1365/1364/1246 1366/1365/1247 1350/1349/1231
f 1351/1350/1232 1350/1349/1231 1366/1365/1247
f 1367/1366/1248 1351/1350/1232 1366/1365/1247
f 1368/1367/1243 1351/1350/1232 1367/1366/1248
f 1368/1367/1243 1352/1351/1233 1351/1350/1232
f 1326/1325/1207 1369/1368/1233 1362/1361/1243
f 1326/1325/1207 1370/1369/1249 1369/1368/1233
f 1370/1369/1249 1326/1325/1207 1324/1323/1205
f 1370/1369/1249 1324/1323/1205 1371/1370/1250
f 1371/1370/1250 1324/1323/1205 1372/1371/1251
f 1324/1323/1205 1322/1321/1203 1372/1371/1251
f 1372/1371/1251 1322/1321/1203 1373/1372/1252
f 1322/1321/1203 1320/1319/1201 1373/1372/1252
f 1374/1373/1253 1373/1372/1252 1320/1319/1201
f 1318/1317/1199 1374/1373/1253 1320/1319/1201
f 1317/1315/1197 1374/1373/1253 1318/1317/1199
f 1317/1315/1197 1375/1374/1254 1374/1373/1253
f 1362/1361/1243 1369/1368/1233 1376/1375/1255
f 1362/1361/1243 1376/1375/1255 1377/1376/1256
f 1362/1361/1243 1377/1376/1256 1360/1359/1241
f 1360/1359/1241 1377/1376/1256 1378/1377/1257
f 1360/1359/1241 1378/1377/1257 1361/1360/1242
f 1369/1368/1233 1379/1378/1226 1376/1375/1255
f 1369/1368/1233 1380/1379/1258 1379/1378/1226
f 1370/1369/1249 1380/1379/1258 1369/1368/1233
f 1370/1369/1249 1381/1380/1259 1380/1379/1258
f 1381/1380/1259 1370/1369/1249 1371/1370/1250
f 1381/1380/1259 1371/1370/1250 1382/1381/1260
f 1382/1381/1260 1371/1370/1250 1372/1371/1251
f 1382/1381/1260 1372/1371/1251 1383/1382/1261
f 1383/1382/1261 1372/1371/1251 1384/1383/1262
f 1372/1371/1251 1373/1372/1252 1384/1383/1262
f 1374/1373/1253 1384/1383/1262 1373/1372/1252
f 1374/1373/1253 1385/1384/1263 1384/1383/1262
f 1375/1374/1254 1385/1384/1263 1374/1373/1253
f 1375/1374/1254 1386/1385/1264 1385/1384/1263
f 1381/1380/1259 1387/1386/1265 1380/1379/1258
f 1380/1379/1258 1388/1387/1266 1379/1378/1226
f 1380/1379/1258 1387/1386/1265 1388/1387/1266
f 1389/1388/1267 1381/1380/1259 1382/1381/1260
f 1381/1380/1259 1389/1388/1267 1387/1386/1265
f 1379/1378/1226 1388/1387/1266 1390/1389/1268
f 1379/1378/1226 1390/1389/1268 1391/1390/1225
f 1376/1375/1255 1379/1378/1226 1391/1390/1225
f 1376/1375/1255 1391/1390/1225 1392/1391/1269
f 1377/1376/1256 1376/1375/1255 1392/1391/1269
f 1377/1376/1256 1392/1391/1269 1393/1392/1247
f 1377/1376/1256 1393/1392/1247 1378/1377/1257
f 1387/1386/1265 1394/1393/1270 1388/1387/1266
f 1389/1388/1267 1395/1394/1271 1387/1386/1265
f 1395/1394/1271 1394/1393/1270 1387/1386/1265
f 1388/1387/1266 1396/1395/1272 1390/1389/1268
f 1394/1393/1270 1396/1395/1272 1388/1387/1266
f 1389/1388/1267 1382/1381/1260 1397/1396/1273
f 1397/1396/1273 1382/1381/1260 1398/1397/1274
f 1382/1381/1260 1383/1382/1261 1398/1397/1274
f 1398/1397/1274 1383/1382/1261 1399/1398/1275
f 1383/1382/1261 1384/1383/1262 1399/1398/1275
f 1400/1399/1276 1399/1398/1275 1384/1383/1262
f 1385/1384/1263 1400/1399/1276 1384/1383/1262
f 1386/1385/1264 1400/1399/1276 1385/1384/1263
f 1386/1385/1264 1401/1400/1277 1400/1399/1276
f 1389/1388/1267 1397/1396/1273 1402/1401/1278
f 1395/1394/1271 1389/1388/1267 1402/1401/1278
f 1402/1401/1278 1397/1396/1273 1403/1402/1279
f 1397/1396/1273 1398/1397/1274 1403/1402/1279
f 1403/1402/1279 1398/1397/1274 1404/1403/1280
f 1398/1397/1274 1399/1398/1275 1404/1403/1280
f 1405/1404/1281 1404/1403/1280 1399/1398/1275
f 1400/1399/1276 1405/1404/1281 1399/1398/1275
f 1406/1405/1282 1405/1404/1281 1400/1399/1276
f 1401/1400/1277 1406/1405/1282 1400/1399/1276
f 1395/1394/1271 1402/1401/1278 1407/1406/1283
f 1407/1406/1283 1402/1401/1278 1408/1407/1284
f 1402/1401/1278 1403/1402/1279 1408/1407/1284
f 1408/1407/1284 1403/1402/1279 1409/1408/1285
f 1403/1402/1279 1404/1403/1280 1409/1408/1285
f 1410/1409/1286 1409/1408/1285 1404/1403/1280
f 1405/1404/1281 1410/1409/1286 1404/1403/1280
f 1411/1410/1287 1410/1409/1286 1405/1404/1281
f 1406/1405/1282 1411/1410/1287 1405/1404/1281
f 1412/1411/1288 1395/1394/1271 1407/1406/1283
f 1395/1394/1271 1412/1411/1288 1394/1393/1270
f 1412/1411/1288 1413/1412/1289 1394/1393/1270
f 1394/1393/1270 1413/1412/1289 1396/1395/1272
f 1412/1411/1288 1407/1406/1283 1364/1363/1245
f 1364/1363/1245 1407/1406/1283 1365/1364/1246
f 1407/1406/1283 1408/1407/1284 1365/1364/1246
f 1365/1364/1246 1408/1407/1284 1366/1365/1247
f 1408/1407/1284 1409/1408/1285 1366/1365/1247
f 1367/1366/1248 1366/1365/1247 1409/1408/1285
f 1410/1409/1286 1367/1366/1248 1409/1408/1285
f 1368/1367/1243 1367/1366/1248 1410/1409/1286
f 1411/1410/1287 1368/1367/1243 1410/1409/1286
f 1363/1362/1244 1412/1411/1288 1364/1363/1245
f 1412/1411/1288 1363/1362/1244 1413/1412/1289
f 1363/1362/1244 1414/1413/1290 1413/1412/1289
f 1363/1362/1244 1358/1357/1239 1414/1413/1290
f 1413/1412/1289 1415/1414/1291 1396/1395/1272
f 1413/1412/1289 1414/1413/1290 1415/1414/1291
f 1414/1413/1290 1358/1357/1239 1416/1415/1292
f 1358/1357/1239 1357/1356/1238 1416/1415/1292
f 1396/1395/1272 1415/1414/1291 1417/1416/1293
f 1396/1395/1272 1417/1416/1293 1390/1389/1268
f 1414/1413/1290 1418/1417/1294 1415/1414/1291
f 1414/1413/1290 1416/1415/1292 1418/1417/1294
f 1416/1415/1292 1357/1356/1238 1419/1418/1295
f 1357/1356/1238 1359/1358/1240 1419/1418/1295
f 1415/1414/1291 1420/1419/1296 1417/1416/1293
f 1415/1414/1291 1418/1417/1294 1420/1419/1296
f 1418/1417/1294 1416/1415/1292 1421/1420/1297
f 1416/1415/1292 1419/1418/1295 1421/1420/1297
f 1418/1417/1294 1422/1421/1298 1420/1419/1296
f 1418/1417/1294 1421/1420/1297 1422/1421/1298
f 1423/1422/1299 1390/1389/1268 1417/1416/1293
f 1424/1423/1300 1417/1416/1293 1420/1419/1296
f 1424/1423/1300 1423/1422/1299 1417/1416/1293
f 1425/1424/1301 1420/1419/1296 1422/1421/1298
f 1425/1424/1301 1424/1423/1300 1420/1419/1296
f 1426/1425/1302 1422/1421/1298 1421/1420/1297
f 1426/1425/1302 1425/1424/1301 1422/1421/1298
f 1427/1426/564 1424/1423/1300 1425/1424/1301
f 1427/1426/564 1423/1422/1299 1424/1423/1300
f 1427/1426/564 1425/1424/1301 1426/1425/1302
f 1427/1426/564 1428/1427/1303 1423/1422/1299
f 1423/1422/1299 1428/1427/1303 1390/1389/1268
f 1427/1426/564 1426/1425/1302 1429/1428/1304
f 1429/1428/1304 1426/1425/1302 1421/1420/1297
f 1429/1428/1304 1421/1420/1297 1419/1418/1295
f 1428/1427/1303 1391/1390/1225 1390/1389/1268
f 1430/1429/1305 1429/1428/1304 1419/1418/1295
f 1427/1426/564 1429/1428/1304 1430/1429/1305
f 1430/1429/1305 1419/1418/1295 1359/1358/1240
f 1428/1427/1303 1431/1430/1306 1391/1390/1225
f 1427/1426/564 1431/1430/1306 1428/1427/1303
f 1431/1430/1306 1392/1391/1269 1391/1390/1225
f 1432/1431/1307 1430/1429/1305 1359/1358/1240
f 1427/1426/564 1430/1429/1305 1432/1431/1307
f 1432/1431/1307 1359/1358/1240 1361/1360/1242
f 1431/1430/1306 1433/1432/1308 1392/1391/1269
f 1427/1426/564 1433/1432/1308 1431/1430/1306
f 1433/1432/1308 1393/1392/1247 1392/1391/1269
f 1434/1433/1309 1432/1431/1307 1361/1360/1242
f 1427/1426/564 1432/1431/1307 1434/1433/1309
f 1434/1433/1309 1361/1360/1242 1378/1377/1257
f 1433/1432/1308 1435/1434/1310 1393/1392/1247
f 1427/1426/564 1435/1434/1310 1433/1432/1308
f 1427/1426/564 1434/1433/1309 1435/1434/1310
f 1435/1434/1310 1378/1377/1257 1393/1392/1247
f 1435/1434/1310 1434/1433/1309 1378/1377/1257
f 1436/1435/1311 1438/1436/1312 1437/1437/1113
f 1436/1435/1311 1439/1438/1313 1438/1436/1312
f 1439/1438/1313 1440/1439/1314 1438/1436/1312
f 1440/1439/1314 1441/1440/1315 1438/1436/1312
f 1440/1439/1314 1442/1441/1316 1441/1440/1315
f 1442/1441/1316 1443/1442/1110 1441/1440/1315
f 1443/1442/1110 1442/1441/1316 1444/1443/1317
f 1445/1444/1318 1443/1442/1110 1444/1443/1317
f 1446/1445/1319 1445/1444/1318 1444/1443/1317
f 1446/1445/1319 1444/1443/1317 1447/1446/1320
f 1448/1447/1321 1445/1444/1318 1446/1445/1319
f 1448/1447/1321 1449/1448/1322 1445/1444/1318
f 1449/1448/1322 1443/1442/1110 1445/1444/1318
f 1443/1442/1110 1449/1448/1322 1450/1449/1180
f 1441/1440/1315 1443/1442/1110 1450/1449/1180
f 1441/1440/1315 1450/1449/1180 1451/1450/1164
f 1438/1436/1312 1441/1440/1315 1451/1450/1164
f 1438/1436/1312 1451/1450/1164 1452/1451/1323
f 1437/1437/1113 1438/1436/1312 1452/1451/1323
f 1453/1452/1324 1449/1448/1322 1448/1447/1321
f 1449/1448/1322 1453/1452/1324 1454/1453/1325
f 1450/1449/1180 1449/1448/1322 1454/1453/1325
f 1450/1449/1180 1454/1453/1325 1455/1454/1326
f 1451/1450/1164 1450/1449/1180 1455/1454/1326
f 1451/1450/1164 1455/1454/1326 1456/1455/1327
f 1452/1451/1323 1451/1450/1164 1456/1455/1327
f 1457/1456/1328 1453/1452/1324 1448/1447/1321
f 1457/1456/1328 1448/1447/1321 1458/1457/1329
f 1458/1457/1329 1448/1447/1321 1446/1445/1319
f 1459/1458/1330 1457/1456/1328 1458/1457/1329
f 1458/1457/1329 1446/1445/1319 1460/1459/1331
f 1460/1459/1331 1446/1445/1319 1447/1446/1320
f 1459/1458/1330 1458/1457/1329 1461/1460/1106
f 1461/1460/1106 1458/1457/1329 1460/1459/1331
f 1460/1459/1331 1447/1446/1320 1462/1461/1332
f 1461/1460/1106 1460/1459/1331 1463/1462/1333
f 1463/1462/1333 1460/1459/1331 1462/1461/1332
f 1464/1463/1105 1459/1458/1330 1461/1460/1106
f 1465/1464/1334 1461/1460/1106 1463/1462/1333
f 1464/1463/1105 1461/1460/1106 1465/1464/1334
f 1462/1461/1332 1447/1446/1320 1466/1465/1335
f 1447/1446/1320 1467/1466/1336 1466/1465/1335
f 1447/1446/1320 1444/1443/1317 1467/1466/1336
f 1444/1443/1317 1468/1467/1337 1467/1466/1336
f 1444/1443/1317 1442/1441/1316 1468/1467/1337
f 1468/1467/1337 1442/1441/1316 1440/1439/1314
f 1469/1468/1338 1468/1467/1337 1440/1439/1314
f 1470/1469/1339 1469/1468/1338 1440/1439/1314
f 1470/1469/1339 1440/1439/1314 1439/1438/1313
f 1471/1470/1340 1470/1469/1339 1439/1438/1313
f 1471/1470/1340 1439/1438/1313 1436/1435/1311
f 1462/1461/1332 1466/1465/1335 1472/1471/1130
f 1473/1472/1341 1462/1461/1332 1472/1471/1130
f 1463/1462/1333 1462/1461/1332 1473/1472/1341
f 1474/1473/1342 1463/1462/1333 1473/1472/1341
f 1465/1464/1334 1463/1462/1333 1474/1473/1342
f 1472/1471/1130 1466/1465/1335 1475/1474/1343
f 1466/1465/1335 1476/1475/1136 1475/1474/1343
f 1466/1465/1335 1467/1466/1336 1476/1475/1136
f 1467/1466/1336 1468/1467/1337 1476/1475/1136
f 1468/1467/1337 1477/1476/1344 1476/1475/1136
f 1477/1476/1344 1468/1467/1337 1469/1468/1338
f 1478/1477/1161 1477/1476/1344 1469/1468/1338
f 1478/1477/1161 1469/1468/1338 1470/1469/1339
f 1479/1478/1345 1478/1477/1161 1470/1469/1339
f 1480/1479/1346 1479/1478/1345 1470/1469/1339
f 1480/1479/1346 1470/1469/1339 1471/1470/1340
f 1481/1480/1347 1465/1464/1334 1474/1473/1342
f 1482/1481/1132 1465/1464/1334 1481/1480/1347
f 1482/1481/1132 1464/1463/1105 1465/1464/1334
f 1483/1482/1348 1464/1463/1105 1482/1481/1132
f 1483/1482/1348 1484/1483/1349 1464/1463/1105
f 1484/1483/1349 1459/1458/1330 1464/1463/1105
f 1484/1483/1349 1485/1484/1350 1459/1458/1330
f 1485/1484/1350 1457/1456/1328 1459/1458/1330
f 1485/1484/1350 1486/1485/1351 1457/1456/1328
f 1486/1485/1351 1453/1452/1324 1457/1456/1328
f 1453/1452/1324 1486/1485/1351 1487/1486/1352
f 1454/1453/1325 1453/1452/1324 1487/1486/1352
f 1454/1453/1325 1487/1486/1352 1488/1487/1353
f 1455/1454/1326 1454/1453/1325 1488/1487/1353
f 1455/1454/1326 1488/1487/1353 1489/1488/1354
f 1456/1455/1327 1455/1454/1326 1489/1488/1354
f 1490/1489/1139 1483/1482/1348 1482/1481/1132
f 1490/1489/1139 1482/1481/1132 1491/1490/1150
f 1491/1490/1150 1482/1481/1132 1481/1480/1347
f 1492/1491/1355 1483/1482/1348 1490/1489/1139
f 1492/1491/1355 1493/1492/1124 1483/1482/1348
f 1493/1492/1124 1484/1483/1349 1483/1482/1348
f 1493/1492/1124 1494/1493/1142 1484/1483/1349
f 1494/1493/1142 1485/1484/1350 1484/1483/1349
f 1495/1494/1356 1490/1489/1139 1491/1490/1150
f 1496/1495/1357 1492/1491/1355 1490/1489/1139
f 1496/1495/1357 1490/1489/1139 1495/1494/1356
f 1481/1480/1347 1497/1496/1194 1491/1490/1150
f 1491/1490/1150 1498/1497/1195 1495/1494/1356
f 1497/1496/1194 1498/1497/1195 1491/1490/1150
f 1499/1498/1358 1497/1496/1194 1481/1480/1347
f 1474/1473/1342 1499/1498/1358 1481/1480/1347
f 1498/1497/1195 1500/1499/1193 1495/1494/1356
f 1495/1494/1356 1500/1499/1193 1496/1495/1357
f 1497/1496/1194 1501/1500/248 1498/1497/1195
f 1499/1498/1358 1501/1500/248 1497/1496/1194
f 1498/1497/1195 1501/1500/248 1500/1499/1193
f 1502/1501/1190 1501/1500/248 1499/1498/1358
f 1502/1501/1190 1499/1498/1358 1474/1473/1342
f 1500/1499/1193 1501/1500/248 1503/1502/1359
f 1500/1499/1193 1503/1502/1359 1496/1495/1357
f 1504/1503/1360 1492/1491/1355 1496/1495/1357
f 1496/1495/1357 1503/1502/1359 1504/1503/1360
f 1505/1504/1361 1502/1501/1190 1474/1473/1342
f 1474/1473/1342 1473/1472/1341 1505/1504/1361
f 1503/1502/1359 1501/1500/248 1506/1505/1362
f 1503/1502/1359 1506/1505/1362 1504/1503/1360
f 1504/1503/1360 1507/1506/1363 1492/1491/1355
f 1507/1506/1363 1493/1492/1124 1492/1491/1355
f 1504/1503/1360 1506/1505/1362 1508/1507/1364
f 1508/1507/1364 1507/1506/1363 1504/1503/1360
f 1507/1506/1363 1509/1508/1365 1493/1492/1124
f 1509/1508/1365 1494/1493/1142 1493/1492/1124
f 1510/1509/1366 1501/1500/248 1502/1501/1190
f 1510/1509/1366 1502/1501/1190 1505/1504/1361
f 1505/1504/1361 1473/1472/1341 1511/1510/1146
f 1473/1472/1341 1472/1471/1130 1511/1510/1146
f 1512/1511/1183 1510/1509/1366 1505/1504/1361
f 1505/1504/1361 1511/1510/1146 1512/1511/1183
f 1511/1510/1146 1472/1471/1130 1513/1512/1367
f 1472/1471/1130 1475/1474/1343 1513/1512/1367
f 1508/1507/1364 1514/1513/1368 1507/1506/1363
f 1514/1513/1368 1509/1508/1365 1507/1506/1363
f 1515/1514/1369 1501/1500/248 1510/1509/1366
f 1515/1514/1369 1510/1509/1366 1512/1511/1183
f 1512/1511/1183 1511/1510/1146 1516/1515/1370
f 1511/1510/1146 1513/1512/1367 1516/1515/1370
f 1517/1516/1092 1515/1514/1369 1512/1511/1183
f 1512/1511/1183 1516/1515/1370 1517/1516/1092
f 1518/1517/1371 1515/1514/1369 1517/1516/1092
f 1518/1517/1371 1501/1500/248 1515/1514/1369
f 1517/1516/1092 1516/1515/1370 1519/1518/1372
f 1519/1518/1372 1518/1517/1371 1517/1516/1092
f 1516/1515/1370 1513/1512/1367 1520/1519/1373
f 1516/1515/1370 1520/1519/1373 1519/1518/1372
f 1513/1512/1367 1475/1474/1343 1521/1520/1177
f 1513/1512/1367 1521/1520/1177 1520/1519/1373
f 1522/1521/1374 1501/1500/248 1518/1517/1371
f 1522/1521/1374 1518/1517/1371 1519/1518/1372
f 1519/1518/1372 1520/1519/1373 1523/1522/1180
f 1523/1522/1180 1522/1521/1374 1519/1518/1372
f 1524/1523/1375 1501/1500/248 1522/1521/1374
f 1524/1523/1375 1522/1521/1374 1523/1522/1180
f 1506/1505/1362 1501/1500/248 1524/1523/1375
f 1506/1505/1362 1524/1523/1375 1508/1507/1364
f 1508/1507/1364 1524/1523/1375 1523/1522/1180
f 1520/1519/1373 1525/1524/1376 1523/1522/1180
f 1523/1522/1180 1525/1524/1376 1508/1507/1364
f 1520/1519/1373 1521/1520/1177 1525/1524/1376
f 1525/1524/1376 1514/1513/1368 1508/1507/1364
f 1475/1474/1343 1526/1525/1377 1521/1520/1177
f 1475/1474/1343 1476/1475/1136 1526/1525/1377
f 1521/1520/1177 1527/1526/1323 1525/1524/1376
f 1525/1524/1376 1527/1526/1323 1514/1513/1368
f 1521/1520/1177 1526/1525/1377 1527/1526/1323
f 1476/1475/1136 1528/1527/1378 1526/1525/1377
f 1476/1475/1136 1477/1476/1344 1528/1527/1378
f 1477/1476/1344 1529/1528/1174 1528/1527/1378
f 1529/1528/1174 1477/1476/1344 1478/1477/1161
f 1530/1529/1150 1529/1528/1174 1478/1477/1161
f 1530/1529/1150 1478/1477/1161 1479/1478/1345
f 1531/1530/1379 1530/1529/1150 1479/1478/1345
f 1531/1530/1379 1479/1478/1345 1480/1479/1346
f 1532/1531/1380 1531/1530/1379 1480/1479/1346
f 1527/1526/1323 1533/1532/1381 1514/1513/1368
f 1514/1513/1368 1533/1532/1381 1509/1508/1365
f 1526/1525/1377 1534/1533/1382 1527/1526/1323
f 1527/1526/1323 1534/1533/1382 1533/1532/1381
f 1526/1525/1377 1528/1527/1378 1534/1533/1382
f 1528/1527/1378 1535/1534/1383 1534/1533/1382
f 1528/1527/1378 1529/1528/1174 1535/1534/1383
f 1529/1528/1174 1536/1535/1384 1535/1534/1383
f 1536/1535/1384 1529/1528/1174 1530/1529/1150
f 1537/1536/1385 1536/1535/1384 1530/1529/1150
f 1537/1536/1385 1530/1529/1150 1531/1530/1379
f 1538/1537/1386 1537/1536/1385 1531/1530/1379
f 1538/1537/1386 1531/1530/1379 1532/1531/1380
f 1539/1538/1172 1538/1537/1386 1532/1531/1380
f 1533/1532/1381 1540/1539/1387 1509/1508/1365
f 1509/1508/1365 1540/1539/1387 1494/1493/1142
f 1534/1533/1382 1541/1540/1388 1533/1532/1381
f 1533/1532/1381 1541/1540/1388 1540/1539/1387
f 1534/1533/1382 1535/1534/1383 1541/1540/1388
f 1535/1534/1383 1542/1541/1389 1541/1540/1388
f 1535/1534/1383 1536/1535/1384 1542/1541/1389
f 1536/1535/1384 1543/1542/1390 1542/1541/1389
f 1543/1542/1390 1536/1535/1384 1537/1536/1385
f 1544/1543/1391 1543/1542/1390 1537/1536/1385
f 1544/1543/1391 1537/1536/1385 1538/1537/1386
f 1545/1544/1392 1544/1543/1391 1538/1537/1386
f 1545/1544/1392 1538/1537/1386 1539/1538/1172
f 1546/1545/1393 1545/1544/1392 1539/1538/1172
f 1540/1539/1387 1547/1546/1394 1494/1493/1142
f 1494/1493/1142 1547/1546/1394 1485/1484/1350
f 1541/1540/1388 1548/1547/1395 1540/1539/1387
f 1541/1540/1388 1542/1541/1389 1548/1547/1395
f 1542/1541/1389 1543/1542/1390 1548/1547/1395
f 1543/1542/1390 1549/1548/1154 1548/1547/1395
f 1549/1548/1154 1543/1542/1390 1544/1543/1391
f 1550/1549/1155 1549/1548/1154 1544/1543/1391
f 1550/1549/1155 1544/1543/1391 1545/1544/1392
f 1551/1550/1396 1550/1549/1155 1545/1544/1392
f 1552/1551/1397 1551/1550/1396 1545/1544/1392
f 1552/1551/1397 1545/1544/1392 1546/1545/1393
f 1540/1539/1387 1548/1547/1395 1547/1546/1394
f 1547/1546/1394 1553/1552/1398 1485/1484/1350
f 1553/1552/1398 1486/1485/1351 1485/1484/1350
f 1486/1485/1351 1553/1552/1398 1554/1553/1399
f 1487/1486/1352 1486/1485/1351 1554/1553/1399
f 1548/1547/1395 1553/1552/1398 1547/1546/1394
f 1548/1547/1395 1549/1548/1154 1553/1552/1398
f 1487/1486/1352 1554/1553/1399 1555/1554/1400
f 1488/1487/1353 1487/1486/1352 1555/1554/1400
f 1489/1488/1354 1488/1487/1353 1555/1554/1400
f 1489/1488/1354 1555/1554/1400 1556/1555/1401
f 1553/1552/1398 1549/1548/1154 1550/1549/1155
f 1554/1553/1399 1553/1552/1398 1550/1549/1155
f 1555/1554/1400 1554/1553/1399 1550/1549/1155
f 1555/1554/1400 1550/1549/1155 1551/1550/1396
f 1556/1555/1401 1555/1554/1400 1551/1550/1396
f 1556/1555/1401 1551/1550/1396 1552/1551/1397
f 1557/1556/1402 1559/1557/1403 1558/1558/1404
f 1557/1556/1402 1560/1559/1405 1559/1557/1403
f 1561/1560/1406 1560/1559/1405 1557/1556/1402
f 1562/1561/1407 1561/1560/1406 1557/1556/1402
f 1563/1562/1408 1561/1560/1406 1562/1561/1407
f 1564/1563/1409 1563/1562/1408 1562/1561/1407
f 1563/1562/1408 1564/1563/1409 1565/1564/1410
f 1564/1563/1409 1566/1565/1411 1565/1564/1410
f 1565/1564/1410 1566/1565/1411 1567/1566/1412
f 1565/1564/1410 1567/1566/1412 1568/1567/1228
f 1566/1565/1411 1569/1568/1413 1567/1566/1412
f 1570/1569/1414 1569/1568/1413 1566/1565/1411
f 1564/1563/1409 1570/1569/1414 1566/1565/1411
f 1570/1569/1414 1564/1563/1409 1571/1570/1415
f 1564/1563/1409 1562/1561/1407 1571/1570/1415
f 1571/1570/1415 1562/1561/1407 1572/1571/1416
f 1562/1561/1407 1557/1556/1402 1572/1571/1416
f 1572/1571/1416 1557/1556/1402 1573/1572/1417
f 1557/1556/1402 1558/1558/1404 1573/1572/1417
f 1570/1569/1414 1574/1573/1418 1569/1568/1413
f 1574/1573/1418 1570/1569/1414 1575/1574/1200
f 1570/1569/1414 1571/1570/1415 1575/1574/1200
f 1575/1574/1200 1571/1570/1415 1576/1575/1291
f 1571/1570/1415 1572/1571/1416 1576/1575/1291
f 1576/1575/1291 1572/1571/1416 1577/1576/1419
f 1572/1571/1416 1573/1572/1417 1577/1576/1419
f 1574/1573/1418 1578/1577/1204 1569/1568/1413
f 1569/1568/1413 1578/1577/1204 1579/1578/1420
f 1569/1568/1413 1579/1578/1420 1567/1566/1412
f 1578/1577/1204 1580/1579/1421 1579/1578/1420
f 1567/1566/1412 1579/1578/1420 1581/1580/1422
f 1568/1567/1228 1567/1566/1412 1581/1580/1422
f 1579/1578/1420 1580/1579/1421 1582/1581/1423
f 1579/1578/1420 1582/1581/1423 1581/1580/1422
f 1568/1567/1228 1581/1580/1422 1583/1582/1235
f 1581/1580/1422 1582/1581/1423 1584/1583/1424
f 1583/1582/1235 1581/1580/1422 1584/1583/1424
f 1580/1579/1421 1585/1584/1214 1582/1581/1423
f 1582/1581/1423 1586/1585/1425 1584/1583/1424
f 1582/1581/1423 1585/1584/1214 1586/1585/1425
f 1587/1586/1426 1568/1567/1228 1583/1582/1235
f 1588/1587/1427 1568/1567/1228 1587/1586/1426
f 1588/1587/1427 1565/1564/1410 1568/1567/1228
f 1589/1588/1428 1565/1564/1410 1588/1587/1427
f 1589/1588/1428 1563/1562/1408 1565/1564/1410
f 1563/1562/1408 1589/1588/1428 1561/1560/1406
f 1589/1588/1428 1590/1589/1429 1561/1560/1406
f 1561/1560/1406 1590/1589/1429 1591/1590/1430
f 1561/1560/1406 1591/1590/1430 1560/1559/1405
f 1560/1559/1405 1591/1590/1430 1592/1591/1431
f 1560/1559/1405 1592/1591/1431 1559/1557/1403
f 1587/1586/1426 1583/1582/1235 1593/1592/1432
f 1593/1592/1432 1583/1582/1235 1594/1593/1238
f 1583/1582/1235 1584/1583/1424 1594/1593/1238
f 1594/1593/1238 1584/1583/1424 1595/1594/1433
f 1584/1583/1424 1586/1585/1425 1595/1594/1433
f 1596/1595/1434 1587/1586/1426 1593/1592/1432
f 1597/1596/1245 1587/1586/1426 1596/1595/1434
f 1597/1596/1245 1588/1587/1427 1587/1586/1426
f 1589/1588/1428 1588/1587/1427 1597/1596/1245
f 1598/1597/1246 1589/1588/1428 1597/1596/1245
f 1589/1588/1428 1598/1597/1246 1590/1589/1429
f 1598/1597/1246 1599/1598/1435 1590/1589/1429
f 1590/1589/1429 1599/1598/1435 1591/1590/1430
f 1599/1598/1435 1600/1599/1256 1591/1590/1430
f 1591/1590/1430 1600/1599/1256 1601/1600/1436
f 1591/1590/1430 1601/1600/1436 1592/1591/1431
f 1586/1585/1425 1602/1601/1437 1595/1594/1433
f 1586/1585/1425 1603/1602/1438 1602/1601/1437
f 1585/1584/1214 1603/1602/1438 1586/1585/1425
f 1585/1584/1214 1604/1603/1439 1603/1602/1438
f 1605/1604/1440 1604/1603/1439 1585/1584/1214
f 1580/1579/1421 1605/1604/1440 1585/1584/1214
f 1606/1605/1441 1605/1604/1440 1580/1579/1421
f 1578/1577/1204 1606/1605/1441 1580/1579/1421
f 1607/1606/1203 1606/1605/1441 1578/1577/1204
f 1574/1573/1418 1607/1606/1203 1578/1577/1204
f 1607/1606/1203 1574/1573/1418 1608/1607/1442
f 1574/1573/1418 1575/1574/1200 1608/1607/1442
f 1608/1607/1442 1575/1574/1200 1609/1608/1443
f 1575/1574/1200 1576/1575/1291 1609/1608/1443
f 1609/1608/1443 1576/1575/1291 1610/1609/1444
f 1576/1575/1291 1577/1576/1419 1610/1609/1444
f 1604/1603/1439 1611/1610/1445 1603/1602/1438
f 1603/1602/1438 1611/1610/1445 1612/1611/1446
f 1603/1602/1438 1612/1611/1446 1602/1601/1437
f 1604/1603/1439 1613/1612/1255 1611/1610/1445
f 1604/1603/1439 1614/1613/1233 1613/1612/1255
f 1605/1604/1440 1614/1613/1233 1604/1603/1439
f 1605/1604/1440 1615/1614/1447 1614/1613/1233
f 1606/1605/1441 1615/1614/1447 1605/1604/1440
f 1616/1615/1448 1602/1601/1437 1612/1611/1446
f 1616/1615/1448 1617/1616/1449 1602/1601/1437
f 1617/1616/1449 1595/1594/1433 1602/1601/1437
f 1611/1610/1445 1618/1617/1450 1612/1611/1446
f 1619/1618/1451 1616/1615/1448 1612/1611/1446
f 1619/1618/1451 1612/1611/1446 1618/1617/1450
f 1620/1619/564 1617/1616/1449 1616/1615/1448
f 1620/1619/564 1616/1615/1448 1619/1618/1451
f 1620/1619/564 1621/1620/1452 1617/1616/1449
f 1617/1616/1449 1621/1620/1452 1595/1594/1433
f 1620/1619/564 1619/1618/1451 1622/1621/1453
f 1622/1621/1453 1619/1618/1451 1618/1617/1450
f 1620/1619/564 1623/1622/1454 1621/1620/1452
f 1611/1610/1445 1624/1623/1429 1618/1617/1450
f 1622/1621/1453 1618/1617/1450 1624/1623/1429
f 1611/1610/1445 1613/1612/1255 1624/1623/1429
f 1621/1620/1452 1625/1624/1455 1595/1594/1433
f 1621/1620/1452 1623/1622/1454 1625/1624/1455
f 1594/1593/1238 1595/1594/1433 1625/1624/1455
f 1626/1625/1306 1622/1621/1453 1624/1623/1429
f 1620/1619/564 1622/1621/1453 1626/1625/1306
f 1613/1612/1255 1627/1626/1456 1624/1623/1429
f 1626/1625/1306 1624/1623/1429 1627/1626/1456
f 1628/1627/1457 1594/1593/1238 1625/1624/1455
f 1593/1592/1432 1594/1593/1238 1628/1627/1457
f 1623/1622/1454 1629/1628/1458 1625/1624/1455
f 1628/1627/1457 1625/1624/1455 1629/1628/1458
f 1630/1629/1290 1593/1592/1432 1628/1627/1457
f 1596/1595/1434 1593/1592/1432 1630/1629/1290
f 1620/1619/564 1626/1625/1306 1631/1630/1303
f 1631/1630/1303 1626/1625/1306 1627/1626/1456
f 1613/1612/1255 1632/1631/1459 1627/1626/1456
f 1614/1613/1233 1632/1631/1459 1613/1612/1255
f 1631/1630/1303 1627/1626/1456 1633/1632/1220
f 1632/1631/1459 1633/1632/1220 1627/1626/1456
f 1614/1613/1233 1634/1633/1460 1632/1631/1459
f 1615/1614/1447 1634/1633/1460 1614/1613/1233
f 1635/1634/1461 1628/1627/1457 1629/1628/1458
f 1630/1629/1290 1628/1627/1457 1635/1634/1461
f 1620/1619/564 1631/1630/1303 1636/1635/1299
f 1636/1635/1299 1631/1630/1303 1633/1632/1220
f 1632/1631/1459 1637/1636/1266 1633/1632/1220
f 1634/1633/1460 1637/1636/1266 1632/1631/1459
f 1615/1614/1447 1638/1637/1462 1634/1633/1460
f 1634/1633/1460 1639/1638/1265 1637/1636/1266
f 1638/1637/1462 1639/1638/1265 1634/1633/1460
f 1640/1639/1463 1638/1637/1462 1615/1614/1447
f 1606/1605/1441 1640/1639/1463 1615/1614/1447
f 1641/1640/1464 1640/1639/1463 1606/1605/1441
f 1607/1606/1203 1641/1640/1464 1606/1605/1441
f 1641/1640/1464 1607/1606/1203 1642/1641/1465
f 1607/1606/1203 1608/1607/1442 1642/1641/1465
f 1642/1641/1465 1608/1607/1442 1643/1642/1466
f 1608/1607/1442 1609/1608/1443 1643/1642/1466
f 1643/1642/1466 1609/1608/1443 1610/1609/1444
f 1643/1642/1466 1610/1609/1444 1644/1643/1467
f 1640/1639/1463 1645/1644/1468 1638/1637/1462
f 1641/1640/1464 1645/1644/1468 1640/1639/1463
f 1641/1640/1464 1646/1645/1469 1645/1644/1468
f 1646/1645/1469 1641/1640/1464 1647/1646/1262
f 1641/1640/1464 1642/1641/1465 1647/1646/1262
f 1647/1646/1262 1642/1641/1465 1643/1642/1466
f 1647/1646/1262 1643/1642/1466 1648/1647/1470
f 1648/1647/1470 1643/1642/1466 1644/1643/1467
f 1648/1647/1470 1644/1643/1467 1649/1648/1471
f 1638/1637/1462 1650/1649/1267 1639/1638/1265
f 1645/1644/1468 1650/1649/1267 1638/1637/1462
f 1645/1644/1468 1651/1650/1472 1650/1649/1267
f 1652/1651/1473 1651/1650/1472 1645/1644/1468
f 1646/1645/1469 1652/1651/1473 1645/1644/1468
f 1652/1651/1473 1646/1645/1469 1653/1652/1474
f 1646/1645/1469 1647/1646/1262 1653/1652/1474
f 1653/1652/1474 1647/1646/1262 1654/1653/1276
f 1647/1646/1262 1648/1647/1470 1654/1653/1276
f 1654/1653/1276 1648/1647/1470 1649/1648/1471
f 1654/1653/1276 1649/1648/1471 1655/1654/1475
f 1650/1649/1267 1656/1655/1476 1639/1638/1265
f 1657/1656/1477 1656/1655/1476 1650/1649/1267
f 1651/1650/1472 1657/1656/1477 1650/1649/1267
f 1658/1657/1478 1657/1656/1477 1651/1650/1472
f 1652/1651/1473 1658/1657/1478 1651/1650/1472
f 1658/1657/1478 1652/1651/1473 1659/1658/1479
f 1652/1651/1473 1653/1652/1474 1659/1658/1479
f 1659/1658/1479 1653/1652/1474 1660/1659/1237
f 1653/1652/1474 1654/1653/1276 1660/1659/1237
f 1660/1659/1237 1654/1653/1276 1661/1660/1282
f 1654/1653/1276 1655/1654/1475 1661/1660/1282
f 1656/1655/1476 1662/1661/1270 1639/1638/1265
f 1639/1638/1265 1662/1661/1270 1637/1636/1266
f 1662/1661/1270 1663/1662/1480 1637/1636/1266
f 1637/1636/1266 1663/1662/1480 1633/1632/1220
f 1663/1662/1480 1664/1663/1293 1633/1632/1220
f 1636/1635/1299 1633/1632/1220 1664/1663/1293
f 1665/1664/1300 1636/1635/1299 1664/1663/1293
f 1620/1619/564 1636/1635/1299 1665/1664/1300
f 1656/1655/1476 1666/1665/1288 1662/1661/1270
f 1662/1661/1270 1667/1666/1289 1663/1662/1480
f 1666/1665/1288 1667/1666/1289 1662/1661/1270
f 1663/1662/1480 1668/1667/1481 1664/1663/1293
f 1667/1666/1289 1668/1667/1481 1663/1662/1480
f 1665/1664/1300 1664/1663/1293 1669/1668/1482
f 1668/1667/1481 1669/1668/1482 1664/1663/1293
f 1620/1619/564 1665/1664/1300 1670/1669/1483
f 1670/1669/1483 1665/1664/1300 1669/1668/1482
f 1671/1670/1484 1666/1665/1288 1656/1655/1476
f 1657/1656/1477 1671/1670/1484 1656/1655/1476
f 1672/1671/1284 1671/1670/1484 1657/1656/1477
f 1658/1657/1478 1672/1671/1284 1657/1656/1477
f 1672/1671/1284 1658/1657/1478 1673/1672/1485
f 1658/1657/1478 1659/1658/1479 1673/1672/1485
f 1673/1672/1485 1659/1658/1479 1674/1673/1486
f 1659/1658/1479 1660/1659/1237 1674/1673/1486
f 1674/1673/1486 1660/1659/1237 1675/1674/1287
f 1660/1659/1237 1661/1660/1282 1675/1674/1287
f 1620/1619/564 1670/1669/1483 1676/1675/1487
f 1620/1619/564 1676/1675/1487 1623/1622/1454
f 1623/1622/1454 1676/1675/1487 1629/1628/1458
f 1676/1675/1487 1670/1669/1483 1677/1676/1298
f 1676/1675/1487 1677/1676/1298 1629/1628/1458
f 1670/1669/1483 1669/1668/1482 1677/1676/1298
f 1635/1634/1461 1629/1628/1458 1677/1676/1298
f 1635/1634/1461 1677/1676/1298 1669/1668/1482
f 1668/1667/1481 1635/1634/1461 1669/1668/1482
f 1630/1629/1290 1635/1634/1461 1668/1667/1481
f 1667/1666/1289 1630/1629/1290 1668/1667/1481
f 1596/1595/1434 1630/1629/1290 1667/1666/1289
f 1666/1665/1288 1596/1595/1434 1667/1666/1289
f 1597/1596/1245 1596/1595/1434 1666/1665/1288
f 1671/1670/1484 1597/1596/1245 1666/1665/1288
f 1598/1597/1246 1597/1596/1245 1671/1670/1484
f 1672/1671/1284 1598/1597/1246 1671/1670/1484
f 1598/1597/1246 1672/1671/1284 1599/1598/1435
f 1672/1671/1284 1673/1672/1485 1599/1598/1435
f 1599/1598/1435 1673/1672/1485 1600/1599/1256
f 1673/1672/1485 1674/1673/1486 1600/1599/1256
f 1600/1599/1256 1674/1673/1486 1601/1600/1436
f 1674/1673/1486 1675/1674/1287 1601/1600/1436
f 1678/1677/1488 1680/1678/1093 1679/1679/1489
f 1680/1678/1093 1681/1680/1490 1679/1679/1489
f 1680/1678/1093 1682/1681/1491 1681/1680/1490
f 1682/1681/1491 1683/1682/1492 1681/1680/1490
f 1682/1681/1491 1684/1683/1493 1683/1682/1492
f 1684/1683/1493 1685/1684/1494 1683/1682/1492
f 1686/1685/1495 1684/1683/1493 1682/1681/1491
f 1687/1686/1496 1686/1685/1495 1682/1681/1491
f 1687/1686/1496 1682/1681/1491 1680/1678/1093
f 1688/1687/1101 1687/1686/1496 1680/1678/1093
f 1688/1687/1101 1680/1678/1093 1678/1677/1488
f 1689/1688/1497 1688/1687/1101 1678/1677/1488
f 1456/1455/1327 1685/1684/1494 1684/1683/1493
f 1456/1455/1327 1684/1683/1493 1452/1451/1323
f 1684/1683/1493 1686/1685/1495 1452/1451/1323
f 1456/1455/1327 1489/1488/1354 1685/1684/1494
f 1452/1451/1323 1686/1685/1495 1437/1437/1113
f 1489/1488/1354 1556/1555/1401 1685/1684/1494
f 1556/1555/1401 1690/1689/1498 1685/1684/1494
f 1556/1555/1401 1552/1551/1397 1690/1689/1498
f 1546/1545/1393 1690/1689/1498 1552/1551/1397
f 1686/1685/1495 1691/1690/1499 1437/1437/1113
f 1691/1690/1499 1686/1685/1495 1687/1686/1496
f 1436/1435/1311 1437/1437/1113 1691/1690/1499
f 1692/1691/1500 1691/1690/1499 1687/1686/1496
f 1692/1691/1500 1687/1686/1496 1688/1687/1101
f 1693/1692/1501 1692/1691/1500 1688/1687/1101
f 1693/1692/1501 1688/1687/1101 1689/1688/1497
f 1694/1693/1502 1693/1692/1501 1689/1688/1497
f 1436/1435/1311 1691/1690/1499 1695/1694/1503
f 1471/1470/1340 1436/1435/1311 1695/1694/1503
f 1696/1695/1504 1695/1694/1503 1691/1690/1499
f 1696/1695/1504 1691/1690/1499 1692/1691/1500
f 1697/1696/1505 1471/1470/1340 1695/1694/1503
f 1480/1479/1346 1471/1470/1340 1697/1696/1505
f 1698/1697/1506 1696/1695/1504 1692/1691/1500
f 1698/1697/1506 1692/1691/1500 1693/1692/1501
f 1699/1698/1507 1698/1697/1506 1693/1692/1501
f 1694/1693/1502 1699/1698/1507 1693/1692/1501
f 1699/1698/1507 1700/1699/1508 1698/1697/1506
f 1700/1699/1508 1701/1700/1509 1698/1697/1506
f 1701/1700/1509 1696/1695/1504 1698/1697/1506
f 1700/1699/1508 1702/1701/1510 1701/1700/1509
f 1702/1701/1510 1703/1702/1511 1701/1700/1509
f 1703/1702/1511 1704/1703/1512 1701/1700/1509
f 1704/1703/1512 1705/1704/1504 1701/1700/1509
f 1701/1700/1509 1705/1704/1504 1696/1695/1504
f 1704/1703/1512 1706/1705/1513 1705/1704/1504
f 1705/1704/1504 1707/1706/1514 1696/1695/1504
f 1706/1705/1513 1707/1706/1514 1705/1704/1504
f 1707/1706/1514 1695/1694/1503 1696/1695/1504
f 1708/1707/1515 1707/1706/1514 1706/1705/1513
f 1709/1708/1516 1708/1707/1515 1706/1705/1513
f 1710/1709/1517 1695/1694/1503 1707/1706/1514
f 1710/1709/1517 1697/1696/1505 1695/1694/1503
f 1708/1707/1515 1711/1710/1518 1707/1706/1514
f 1711/1710/1518 1710/1709/1517 1707/1706/1514
f 1709/1708/1516 1712/1711/1519 1708/1707/1515
f 1711/1710/1518 1708/1707/1515 1713/1712/1520
f 1712/1711/1519 1713/1712/1520 1708/1707/1515
f 1710/1709/1517 1711/1710/1518 1714/1713/1521
f 1711/1710/1518 1713/1712/1520 1714/1713/1521
f 1697/1696/1505 1710/1709/1517 1715/1714/1522
f 1715/1714/1522 1710/1709/1517 1714/1713/1521
f 1716/1715/1523 1712/1711/1519 1709/1708/1516
f 1717/1716/1524 1716/1715/1523 1709/1708/1516
f 1716/1715/1523 1717/1716/1524 1718/1717/1525
f 1716/1715/1523 1718/1717/1525 1719/1718/1526
f 1718/1717/1525 1720/1719/1527 1719/1718/1526
f 1716/1715/1523 1721/1720/1528 1712/1711/1519
f 1721/1720/1528 1716/1715/1523 1719/1718/1526
f 1712/1711/1519 1722/1721/1529 1713/1712/1520
f 1721/1720/1528 1722/1721/1529 1712/1711/1519
f 1713/1712/1520 1723/1722/1530 1714/1713/1521
f 1722/1721/1529 1723/1722/1530 1713/1712/1520
f 1724/1723/1531 1715/1714/1522 1714/1713/1521
f 1723/1722/1530 1724/1723/1531 1714/1713/1521
f 1720/1719/1527 1725/1724/1532 1719/1718/1526
f 1726/1725/1533 1725/1724/1532 1720/1719/1527
f 1726/1725/1533 1727/1726/1534 1725/1724/1532
f 1727/1726/1534 1726/1725/1533 1728/1727/1535
f 1725/1724/1532 1729/1728/1536 1719/1718/1526
f 1727/1726/1534 1729/1728/1536 1725/1724/1532
f 1730/1729/1537 1721/1720/1528 1719/1718/1526
f 1729/1728/1536 1730/1729/1537 1719/1718/1526
f 1721/1720/1528 1731/1730/1538 1722/1721/1529
f 1721/1720/1528 1730/1729/1537 1731/1730/1538
f 1727/1726/1534 1728/1727/1535 1732/1731/1539
f 1728/1727/1535 1733/1732/1540 1732/1731/1539
f 1734/1733/1541 1727/1726/1534 1732/1731/1539
f 1727/1726/1534 1734/1733/1541 1729/1728/1536
f 1730/1729/1537 1729/1728/1536 1735/1734/1542
f 1730/1729/1537 1735/1734/1542 1731/1730/1538
f 1733/1732/1540 1736/1735/1543 1732/1731/1539
f 1736/1735/1543 1734/1733/1541 1732/1731/1539
f 1737/1736/1544 1729/1728/1536 1734/1733/1541
f 1729/1728/1536 1737/1736/1544 1735/1734/1542
f 1736/1735/1543 1733/1732/1540 1738/1737/1545
f 1733/1732/1540 1739/1738/1546 1738/1737/1545
f 1734/1733/1541 1736/1735/1543 1740/1739/1547
f 1736/1735/1543 1738/1737/1545 1740/1739/1547
f 1737/1736/1544 1734/1733/1541 1740/1739/1547
f 1738/1737/1545 1739/1738/1546 1741/1740/1548
f 1740/1739/1547 1738/1737/1545 1741/1740/1548
f 1739/1738/1546 1742/1741/1549 1741/1740/1548
f 1735/1734/1542 1737/1736/1544 1743/1742/1550
f 1731/1730/1538 1735/1734/1542 1743/1742/1550
f 1744/1743/1551 1737/1736/1544 1740/1739/1547
f 1737/1736/1544 1744/1743/1551 1743/1742/1550
f 1745/1744/1552 1731/1730/1538 1743/1742/1550
f 1744/1743/1551 1745/1744/1552 1743/1742/1550
f 1744/1743/1551 1740/1739/1547 1746/1745/1553
f 1746/1745/1553 1740/1739/1547 1741/1740/1548
f 1742/1741/1549 1747/1746/1554 1741/1740/1548
f 1742/1741/1549 1748/1747/1555 1747/1746/1554
f 1747/1746/1554 1748/1747/1555 1749/1748/1556
f 1747/1746/1554 1749/1748/1556 1750/1749/1557
f 1750/1749/1557 1749/1748/1556 1751/1750/1558
f 1747/1746/1554 1752/1751/1559 1741/1740/1548
f 1752/1751/1559 1746/1745/1553 1741/1740/1548
f 1752/1751/1559 1747/1746/1554 1750/1749/1557
f 1753/1752/1560 1744/1743/1551 1746/1745/1553
f 1753/1752/1560 1746/1745/1553 1752/1751/1559
f 1744/1743/1551 1753/1752/1560 1745/1744/1552
f 1753/1752/1560 1752/1751/1559 1750/1749/1557
f 1731/1730/1538 1745/1744/1552 1754/1753/1561
f 1731/1730/1538 1754/1753/1561 1722/1721/1529
f 1722/1721/1529 1754/1753/1561 1723/1722/1530
f 1745/1744/1552 1753/1752/1560 1755/1754/1562
f 1745/1744/1552 1755/1754/1562 1754/1753/1561
f 1754/1753/1561 1756/1755/1563 1723/1722/1530
f 1756/1755/1563 1754/1753/1561 1755/1754/1562
f 1753/1752/1560 1757/1756/1564 1755/1754/1562
f 1753/1752/1560 1750/1749/1557 1757/1756/1564
f 1756/1755/1563 1758/1757/1565 1723/1722/1530
f 1758/1757/1565 1724/1723/1531 1723/1722/1530
f 1759/1758/1566 1756/1755/1563 1755/1754/1562
f 1758/1757/1565 1756/1755/1563 1759/1758/1566
f 1759/1758/1566 1755/1754/1562 1757/1756/1564
f 1758/1757/1565 1760/1759/1567 1724/1723/1531
f 1758/1757/1565 1759/1758/1566 1761/1760/1568
f 1762/1761/1569 1759/1758/1566 1757/1756/1564
f 1759/1758/1566 1762/1761/1569 1761/1760/1568
f 1750/1749/1557 1763/1762/1570 1757/1756/1564
f 1762/1761/1569 1757/1756/1564 1763/1762/1570
f 1760/1759/1567 1764/1763/1571 1724/1723/1531
f 1724/1723/1531 1764/1763/1571 1715/1714/1522
f 1762/1761/1569 1765/1764/1572 1761/1760/1568
f 1765/1764/1572 1758/1757/1565 1761/1760/1568
f 1765/1764/1572 1760/1759/1567 1758/1757/1565
f 1764/1763/1571 1760/1759/1567 1766/1765/1573
f 1760/1759/1567 1767/1766/1574 1766/1765/1573
f 1768/1767/1575 1715/1714/1522 1764/1763/1571
f 1766/1765/1573 1768/1767/1575 1764/1763/1571
f 1768/1767/1575 1697/1696/1505 1715/1714/1522
f 1767/1766/1574 1769/1768/1576 1766/1765/1573
f 1767/1766/1574 17/16/16 1769/1768/1576
f 1766/1765/1573 1769/1768/1576 1770/1769/1577
f 1768/1767/1575 1766/1765/1573 1770/1769/1577
f 1771/1770/1578 1697/1696/1505 1768/1767/1575
f 1771/1770/1578 1768/1767/1575 1770/1769/1577
f 1480/1479/1346 1697/1696/1505 1771/1770/1578
f 1772/1771/1579 1760/1759/1567 1765/1764/1572
f 1772/1771/1579 1767/1766/1574 1760/1759/1567
f 17/16/16 1767/1766/1574 1772/1771/1579
f 17/16/16 1772/1771/1579 16/17/17
f 1772/1771/1579 15/15/15 16/17/17
f 1773/1772/1580 1772/1771/1579 1765/1764/1572
f 1772/1771/1579 1773/1772/1580 15/15/15
f 1773/1772/1580 1765/1764/1572 1762/1761/1569
f 1773/1772/1580 1762/1761/1569 1763/1762/1570
f 1774/1773/1581 1771/1770/1578 1770/1769/1577
f 1480/1479/1346 1771/1770/1578 1774/1773/1581
f 1773/1772/1580 1763/1762/1570 1775/1774/1582
f 15/15/15 1773/1772/1580 1775/1774/1582
f 1776/1775/1583 1774/1773/1581 1770/1769/1577
f 1769/1768/1576 1776/1775/1583 1770/1769/1577
f 1480/1479/1346 1774/1773/1581 1777/1776/1584
f 1774/1773/1581 1776/1775/1583 1777/1776/1584
f 1532/1531/1380 1480/1479/1346 1777/1776/1584
f 1539/1538/1172 1532/1531/1380 1777/1776/1584
f 1769/1768/1576 1778/1777/1585 1776/1775/1583
f 17/16/16 1778/1777/1585 1769/1768/1576
f 17/16/16 1779/1778/1586 1778/1777/1585
f 1776/1775/1583 1780/1779/1587 1777/1776/1584
f 1776/1775/1583 1778/1777/1585 1780/1779/1587
f 1778/1777/1585 1781/1780/1588 1780/1779/1587
f 1539/1538/1172 1777/1776/1584 1782/1781/1163
f 1546/1545/1393 1539/1538/1172 1782/1781/1163
f 1777/1776/1584 1780/1779/1587 1782/1781/1163
f 1778/1777/1585 1779/1778/1586 1783/1782/1589
f 1781/1780/1588 1778/1777/1585 1783/1782/1589
f 1779/1778/1586 1784/1783/1590 1783/1782/1589
f 1785/1784/1591 1781/1780/1588 1783/1782/1589
f 1546/1545/1393 1782/1781/1163 1786/1785/1592
f 1546/1545/1393 1786/1785/1592 1690/1689/1498
f 1780/1779/1587 1787/1786/1593 1782/1781/1163
f 1782/1781/1163 1787/1786/1593 1786/1785/1592
f 1780/1779/1587 1781/1780/1588 1787/1786/1593
f 1781/1780/1588 1788/1787/1594 1787/1786/1593
f 1788/1787/1594 1781/1780/1588 1785/1784/1591
f 1789/1788/1595 1788/1787/1594 1785/1784/1591
f 1787/1786/1593 1790/1789/1596 1786/1785/1592
f 1787/1786/1593 1788/1787/1594 1790/1789/1596
f 1788/1787/1594 1791/1790/1597 1790/1789/1596
f 1791/1790/1597 1788/1787/1594 1789/1788/1595
f 1792/1791/40 1791/1790/1597 1789/1788/1595
f 1786/1785/1592 1793/1792/1598 1690/1689/1498
f 1786/1785/1592 1790/1789/1596 1793/1792/1598
f 1790/1789/1596 1794/1793/1599 1793/1792/1598
f 1790/1789/1596 1791/1790/1597 1794/1793/1599
f 1794/1793/1599 1791/1790/1597 1792/1791/40
f 1795/1794/1600 1794/1793/1599 1792/1791/40
f 1690/1689/1498 1793/1792/1598 1796/1795/1601
f 1793/1792/1598 1797/1796/1602 1796/1795/1601
f 1793/1792/1598 1794/1793/1599 1797/1796/1602
f 1794/1793/1599 1798/1797/1603 1797/1796/1602
f 1795/1794/1600 1798/1797/1603 1794/1793/1599
f 1795/1794/1600 1799/1798/1604 1798/1797/1603
f 1796/1795/1601 1800/1799/1605 1690/1689/1498
f 1800/1799/1605 1685/1684/1494 1690/1689/1498
f 1796/1795/1601 1801/1800/1606 1800/1799/1605
f 1796/1795/1601 1797/1796/1602 1801/1800/1606
f 1800/1799/1605 1802/1801/1607 1685/1684/1494
f 1800/1799/1605 1801/1800/1606 1802/1801/1607
f 1802/1801/1607 1683/1682/1492 1685/1684/1494
f 1802/1801/1607 1803/1802/1608 1683/1682/1492
f 1803/1802/1608 1681/1680/1490 1683/1682/1492
f 1803/1802/1608 1804/1803/1609 1681/1680/1490
f 1681/1680/1490 1804/1803/1609 1679/1679/1489
f 1804/1803/1609 1805/1804/1610 1679/1679/1489
f 1801/1800/1606 1803/1802/1608 1802/1801/1607
f 1797/1796/1602 1806/1805/1611 1801/1800/1606
f 1801/1800/1606 1806/1805/1611 1803/1802/1608
f 1797/1796/1602 1798/1797/1603 1806/1805/1611
f 1806/1805/1611 1798/1797/1603 1799/1798/1604
f 1806/1805/1611 1804/1803/1609 1803/1802/1608
f 1807/1806/1612 1806/1805/1611 1799/1798/1604
f 1804/1803/1609 1806/1805/1611 1807/1806/1612
f 1805/1804/1610 1804/1803/1609 1807/1806/1612
f 1703/1702/1511 1702/1701/1510 1808/1807/1613
f 1809/1808/1614 1703/1702/1511 1808/1807/1613
f 1809/1808/1614 1810/1809/1615 1703/1702/1511
f 1810/1809/1615 1704/1703/1512 1703/1702/1511
f 1810/1809/1615 1811/1810/1616 1704/1703/1512
f 1812/1811/1617 1811/1810/1616 1810/1809/1615
f 1811/1810/1616 1706/1705/1513 1704/1703/1512
f 1706/1705/1513 1811/1810/1616 1717/1716/1524
f 1709/1708/1516 1706/1705/1513 1717/1716/1524
f 1718/1717/1525 1717/1716/1524 1811/1810/1616
f 1720/1719/1527 1718/1717/1525 1811/1810/1616
f 1726/1725/1533 1720/1719/1527 1811/1810/1616
f 1726/1725/1533 1811/1810/1616 1813/1812/1618
f 1813/1812/1618 1811/1810/1616 1812/1811/1617
f 1814/1813/1619 1812/1811/1617 1810/1809/1615
f 1814/1813/1619 1810/1809/1615 1809/1808/1614
f 1815/1814/1620 1814/1813/1619 1809/1808/1614
f 1816/1815/1621 1815/1814/1620 1809/1808/1614
f 1808/1807/1613 1816/1815/1621 1809/1808/1614
f 1726/1725/1533 1813/1812/1618 1817/1816/1622
f 1728/1727/1535 1726/1725/1533 1817/1816/1622
f 1728/1727/1535 1817/1816/1622 1818/1817/1623
f 1733/1732/1540 1728/1727/1535 1818/1817/1623
f 1733/1732/1540 1818/1817/1623 1819/1818/1624
f 1739/1738/1546 1733/1732/1540 1819/1818/1624
f 1819/1818/1624 1820/1819/1625 1739/1738/1546
f 1820/1819/1625 1742/1741/1549 1739/1738/1546
f 1820/1819/1625 1821/1820/1626 1742/1741/1549
f 1821/1820/1626 1748/1747/1555 1742/1741/1549
f 1821/1820/1626 1822/1821/1627 1748/1747/1555
f 1822/1821/1627 1749/1748/1556 1748/1747/1555
f 1751/1750/1558 1749/1748/1556 1822/1821/1627
f 1751/1750/1558 1822/1821/1627 1823/1822/1628
f 1824/1823/1629 1751/1750/1558 1823/1822/1628
f 1824/1823/1629 1823/1822/1628 1825/1824/1630
f 1824/1823/1629 1825/1824/1630 1826/1825/1631
f 1825/1824/1630 1827/1826/1632 1826/1825/1631
f 1828/1827/1633 1825/1824/1630 1823/1822/1628
f 1823/1822/1628 1822/1821/1627 1829/1828/1634
f 1828/1827/1633 1823/1822/1628 1829/1828/1634
f 1822/1821/1627 1830/1829/1635 1829/1828/1634
f 1830/1829/1635 1828/1827/1633 1829/1828/1634
f 1821/1820/1626 1830/1829/1635 1822/1821/1627
f 1830/1829/1635 1831/1830/1636 1828/1827/1633
f 1821/1820/1626 1832/1831/1637 1830/1829/1635
f 1832/1831/1637 1831/1830/1636 1830/1829/1635
f 1832/1831/1637 1821/1820/1626 1820/1819/1625
f 1832/1831/1637 1833/1832/1638 1831/1830/1636
f 1832/1831/1637 1820/1819/1625 1834/1833/1639
f 1833/1832/1638 1832/1831/1637 1834/1833/1639
f 1820/1819/1625 1819/1818/1624 1834/1833/1639
f 1835/1834/1640 1833/1832/1638 1834/1833/1639
f 1819/1818/1624 1835/1834/1640 1834/1833/1639
f 1835/1834/1640 1819/1818/1624 1836/1835/1641
f 1819/1818/1624 1818/1817/1623 1836/1835/1641
f 1835/1834/1640 1836/1835/1641 1837/1836/1642
f 1833/1832/1638 1835/1834/1640 1837/1836/1642
f 1836/1835/1641 1818/1817/1623 1838/1837/1643
f 1837/1836/1642 1836/1835/1641 1838/1837/1643
f 1818/1817/1623 1817/1816/1622 1838/1837/1643
f 1837/1836/1642 1839/1838/1644 1833/1832/1638
f 1839/1838/1644 1831/1830/1636 1833/1832/1638
f 1817/1816/1622 1840/1839/1645 1838/1837/1643
f 1817/1816/1622 1813/1812/1618 1840/1839/1645
f 1841/1840/1646 1837/1836/1642 1838/1837/1643
f 1839/1838/1644 1837/1836/1642 1841/1840/1646
f 1839/1838/1644 1842/1841/1647 1831/1830/1636
f 1842/1841/1647 1828/1827/1633 1831/1830/1636
f 1842/1841/1647 1843/1842/1648 1828/1827/1633
f 1843/1842/1648 1825/1824/1630 1828/1827/1633
f 1825/1824/1630 1843/1842/1648 1827/1826/1632
f 1844/1843/1649 1827/1826/1632 1843/1842/1648
f 1845/1844/1650 1844/1843/1649 1843/1842/1648
f 1843/1842/1648 1846/1845/1651 1845/1844/1650
f 1843/1842/1648 1847/1846/1652 1846/1845/1651
f 1847/1846/1652 1843/1842/1648 1842/1841/1647
f 1847/1846/1652 1848/1847/1653 1846/1845/1651
f 1849/1848/1654 1841/1840/1646 1838/1837/1643
f 1840/1839/1645 1849/1848/1654 1838/1837/1643
f 1850/1849/1655 1839/1838/1644 1841/1840/1646
f 1842/1841/1647 1839/1838/1644 1850/1849/1655
f 1850/1849/1655 1841/1840/1646 1849/1848/1654
f 1842/1841/1647 1850/1849/1655 1851/1850/1656
f 1847/1846/1652 1842/1841/1647 1851/1850/1656
f 1850/1849/1655 1852/1851/1657 1851/1850/1656
f 1852/1851/1657 1850/1849/1655 1849/1848/1654
f 1849/1848/1654 1840/1839/1645 1196/1194/1088
f 1196/1194/1088 1840/1839/1645 1813/1812/1618
f 1196/1194/1088 1813/1812/1618 1812/1811/1617
f 1194/1193/1087 1849/1848/1654 1196/1194/1088
f 1194/1193/1087 1852/1851/1657 1849/1848/1654
f 1211/1210/1104 1196/1194/1088 1812/1811/1617
f 1852/1851/1657 1853/1852/1658 1851/1850/1656
f 1853/1852/1658 1847/1846/1652 1851/1850/1656
f 1194/1193/1087 1853/1852/1658 1852/1851/1657
f 1853/1852/1658 1854/1853/1659 1847/1846/1652
f 1854/1853/1659 1853/1852/1658 1194/1193/1087
f 1254/1253/1147 1854/1853/1659 1194/1193/1087
f 1847/1846/1652 1854/1853/1659 1848/1847/1653
f 1211/1210/1104 1812/1811/1617 1855/1854/1660
f 1220/1219/1113 1211/1210/1104 1855/1854/1660
f 1220/1219/1113 1855/1854/1660 1225/1224/1118
f 1856/1855/1661 1854/1853/1659 1254/1253/1147
f 1254/1253/1147 1265/1264/1156 1856/1855/1661
f 1857/1856/1662 1848/1847/1653 1854/1853/1659
f 1856/1855/1661 1857/1856/1662 1854/1853/1659
f 1858/1857/1663 1855/1854/1660 1812/1811/1617
f 1858/1857/1663 1812/1811/1617 1814/1813/1619
f 1855/1854/1660 1859/1858/1664 1225/1224/1118
f 1859/1858/1664 1855/1854/1660 1858/1857/1663
f 1848/1847/1653 1857/1856/1662 1860/1859/1665
f 1846/1845/1651 1848/1847/1653 1860/1859/1665
f 1861/1860/1666 1858/1857/1663 1814/1813/1619
f 1861/1860/1666 1814/1813/1619 1815/1814/1620
f 1862/1861/1667 1859/1858/1664 1858/1857/1663
f 1862/1861/1667 1858/1857/1663 1861/1860/1666
f 1863/1862/1668 1862/1861/1667 1861/1860/1666
f 1864/1863/1669 1863/1862/1668 1861/1860/1666
f 1865/1864/1670 1864/1863/1669 1861/1860/1666
f 1865/1864/1670 1861/1860/1666 1815/1814/1620
f 1865/1864/1670 1815/1814/1620 1816/1815/1621
f 1225/1224/1118 1859/1858/1664 1866/1865/1671
f 1225/1224/1118 1866/1865/1671 1231/1230/1124
f 1846/1845/1651 1860/1859/1665 1867/1866/1672
f 1845/1844/1650 1846/1845/1651 1867/1866/1672
f 1845/1844/1650 1867/1866/1672 1868/1867/1673
f 1844/1843/1649 1845/1844/1650 1868/1867/1673
f 1868/1867/1673 1867/1866/1672 1869/1868/1674
f 1867/1866/1672 1870/1869/1675 1869/1868/1674
f 1867/1866/1672 1871/1870/1676 1870/1869/1675
f 1867/1866/1672 1860/1859/1665 1871/1870/1676
f 1872/1871/1677 1866/1865/1671 1859/1858/1664
f 1872/1871/1677 1859/1858/1664 1862/1861/1667
f 1231/1230/1124 1866/1865/1671 1873/1872/1678
f 1231/1230/1124 1873/1872/1678 1247/1246/1140
f 1247/1246/1140 1873/1872/1678 1290/1289/1175
f 1874/1873/1121 1872/1871/1677 1862/1861/1667
f 1874/1873/1121 1862/1861/1667 1863/1862/1668
f 1874/1873/1121 1863/1862/1668 1864/1863/1669
f 1875/1874/1679 1874/1873/1121 1864/1863/1669
f 1876/1875/1136 1866/1865/1671 1872/1871/1677
f 1876/1875/1136 1873/1872/1678 1866/1865/1671
f 1876/1875/1136 1872/1871/1677 1874/1873/1121
f 1877/1876/1680 1876/1875/1136 1874/1873/1121
f 1877/1876/1680 1874/1873/1121 1875/1874/1679
f 1878/1877/1681 1877/1876/1680 1875/1874/1679
f 1873/1872/1678 1879/1878/1377 1290/1289/1175
f 1879/1878/1377 1873/1872/1678 1876/1875/1136
f 1290/1289/1175 1879/1878/1377 1285/1284/1172
f 1880/1879/1682 1879/1878/1377 1876/1875/1136
f 1880/1879/1682 1876/1875/1136 1877/1876/1680
f 1881/1880/1174 1880/1879/1682 1877/1876/1680
f 1881/1880/1174 1877/1876/1680 1878/1877/1681
f 1882/1881/1683 1881/1880/1174 1878/1877/1681
f 1879/1878/1377 1883/1882/1684 1285/1284/1172
f 1883/1882/1684 1879/1878/1377 1880/1879/1682
f 1280/1279/1168 1285/1284/1172 1883/1882/1684
f 1884/1883/1685 1883/1882/1684 1880/1879/1682
f 1884/1883/1685 1880/1879/1682 1881/1880/1174
f 1280/1279/1168 1883/1882/1684 1885/1884/1686
f 1885/1884/1686 1883/1882/1684 1884/1883/1685
f 1280/1279/1168 1885/1884/1686 1265/1264/1156
f 1885/1884/1686 1856/1855/1661 1265/1264/1156
f 1886/1885/1170 1884/1883/1685 1881/1880/1174
f 1886/1885/1170 1881/1880/1174 1882/1881/1683
f 1887/1886/1687 1886/1885/1170 1882/1881/1683
f 1888/1887/1688 1885/1884/1686 1884/1883/1685
f 1888/1887/1688 1884/1883/1685 1886/1885/1170
f 1889/1888/1689 1856/1855/1661 1885/1884/1686
f 1889/1888/1689 1885/1884/1686 1888/1887/1688
f 1890/1889/1690 1888/1887/1688 1886/1885/1170
f 1890/1889/1690 1886/1885/1170 1887/1886/1687
f 1891/1890/40 1890/1889/1690 1887/1886/1687
f 1892/1891/1691 1856/1855/1661 1889/1888/1689
f 1856/1855/1661 1892/1891/1691 1857/1856/1662
f 1860/1859/1665 1857/1856/1662 1892/1891/1691
f 1860/1859/1665 1892/1891/1691 1871/1870/1676
f 1871/1870/1676 1892/1891/1691 1889/1888/1689
f 1871/1870/1676 1889/1888/1689 1893/1892/1692
f 1870/1869/1675 1871/1870/1676 1893/1892/1692
f 1894/1893/1693 1870/1869/1675 1893/1892/1692
f 1894/1893/1693 1869/1868/1674 1870/1869/1675
f 1893/1892/1692 1889/1888/1689 1888/1887/1688
f 1893/1892/1692 1888/1887/1688 1890/1889/1690
f 1893/1892/1692 1890/1889/1690 1891/1890/40
f 1894/1893/1693 1893/1892/1692 1891/1890/40
f 1824/1823/1629 1826/1825/1631 1895/1894/40
f 1896/1895/1694 1824/1823/1629 1895/1894/40
f 1896/1895/1694 1895/1894/40 1897/1896/40
f 1896/1895/1694 1898/1897/1695 1824/1823/1629
f 1898/1897/1695 1751/1750/1558 1824/1823/1629
f 1898/1897/1695 1750/1749/1557 1751/1750/1558
f 1763/1762/1570 1750/1749/1557 1898/1897/1695
f 1775/1774/1582 1763/1762/1570 1898/1897/1695
f 1775/1774/1582 1898/1897/1695 1896/1895/1694
f 1899/1898/1696 1896/1895/1694 1897/1896/40
f 1899/1898/1696 1775/1774/1582 1896/1895/1694
f 1899/1898/1696 1897/1896/40 1784/1783/1590
f 15/15/15 1775/1774/1582 1899/1898/1696
f 1779/1778/1586 1899/1898/1696 1784/1783/1590
f 1779/1778/1586 15/15/15 1899/1898/1696
f 15/15/15 1779/1778/1586 17/16/16
f 1900/1899/1202 1902/1900/1488 1901/1901/1489
f 1903/1902/1697 1900/1899/1202 1901/1901/1489
f 1904/1903/1204 1900/1899/1202 1903/1902/1697
f 1905/1904/1698 1904/1903/1204 1903/1902/1697
f 1906/1905/1699 1904/1903/1204 1905/1904/1698
f 1907/1906/1700 1906/1905/1699 1905/1904/1698
f 1906/1905/1699 1908/1907/1420 1904/1903/1204
f 1908/1907/1420 1909/1908/1701 1904/1903/1204
f 1904/1903/1204 1909/1908/1701 1900/1899/1202
f 1909/1908/1701 1910/1909/1210 1900/1899/1202
f 1900/1899/1202 1910/1909/1210 1902/1900/1488
f 1910/1909/1210 1911/1910/1497 1902/1900/1488
f 1907/1906/1700 1577/1576/1419 1906/1905/1699
f 1906/1905/1699 1577/1576/1419 1573/1572/1417
f 1908/1907/1420 1906/1905/1699 1573/1572/1417
f 1907/1906/1700 1610/1609/1444 1577/1576/1419
f 1908/1907/1420 1573/1572/1417 1558/1558/1404
f 1644/1643/1467 1610/1609/1444 1907/1906/1700
f 1912/1911/1702 1644/1643/1467 1907/1906/1700
f 1649/1648/1471 1644/1643/1467 1912/1911/1702
f 1912/1911/1702 1655/1654/1475 1649/1648/1471
f 1913/1912/1703 1908/1907/1420 1558/1558/1404
f 1558/1558/1404 1559/1557/1403 1913/1912/1703
f 1908/1907/1420 1913/1912/1703 1909/1908/1701
f 1913/1912/1703 1914/1913/1704 1909/1908/1701
f 1909/1908/1701 1914/1913/1704 1910/1909/1210
f 1914/1913/1704 1915/1914/1705 1910/1909/1210
f 1910/1909/1210 1915/1914/1705 1911/1910/1497
f 1915/1914/1705 1916/1915/1502 1911/1910/1497
f 1913/1912/1703 1559/1557/1403 1917/1916/1706
f 1559/1557/1403 1592/1591/1431 1917/1916/1706
f 1913/1912/1703 1917/1916/1706 1918/1917/1707
f 1913/1912/1703 1918/1917/1707 1914/1913/1704
f 1592/1591/1431 1919/1918/1708 1917/1916/1706
f 1919/1918/1708 1592/1591/1431 1601/1600/1436
f 1914/1913/1704 1918/1917/1707 1920/1919/1709
f 1914/1913/1704 1920/1919/1709 1915/1914/1705
f 1920/1919/1709 1921/1920/1507 1915/1914/1705
f 1921/1920/1507 1916/1915/1502 1915/1914/1705
f 1922/1921/1507 1921/1920/1507 1920/1919/1709
f 1923/1922/1710 1922/1921/1507 1920/1919/1709
f 1918/1917/1707 1923/1922/1710 1920/1919/1709
f 1924/1923/1510 1922/1921/1507 1923/1922/1710
f 1925/1924/1711 1924/1923/1510 1923/1922/1710
f 1926/1925/1712 1925/1924/1711 1923/1922/1710
f 1927/1926/1707 1926/1925/1712 1923/1922/1710
f 1918/1917/1707 1927/1926/1707 1923/1922/1710
f 1928/1927/1713 1926/1925/1712 1927/1926/1707
f 1929/1928/1714 1927/1926/1707 1918/1917/1707
f 1929/1928/1714 1928/1927/1713 1927/1926/1707
f 1917/1916/1706 1929/1928/1714 1918/1917/1707
f 1929/1928/1714 1930/1929/1715 1928/1927/1713
f 1930/1929/1715 1931/1930/1716 1928/1927/1713
f 1917/1916/1706 1932/1931/1717 1929/1928/1714
f 1919/1918/1708 1932/1931/1717 1917/1916/1706
f 1933/1932/1718 1930/1929/1715 1929/1928/1714
f 1932/1931/1717 1933/1932/1718 1929/1928/1714
f 1934/1933/1719 1931/1930/1716 1930/1929/1715
f 1935/1934/1720 1930/1929/1715 1933/1932/1718
f 1935/1934/1720 1934/1933/1719 1930/1929/1715
f 1933/1932/1718 1932/1931/1717 1936/1935/1721
f 1935/1934/1720 1933/1932/1718 1936/1935/1721
f 1932/1931/1717 1919/1918/1708 1937/1936/1722
f 1932/1931/1717 1937/1936/1722 1936/1935/1721
f 1934/1933/1719 1938/1937/1723 1931/1930/1716
f 1938/1937/1723 1939/1938/1724 1931/1930/1716
f 1940/1939/1725 1939/1938/1724 1938/1937/1723
f 1940/1939/1725 1938/1937/1723 1941/1940/1726
f 1942/1941/1727 1940/1939/1725 1941/1940/1726
f 1943/1942/1728 1938/1937/1723 1934/1933/1719
f 1938/1937/1723 1943/1942/1728 1941/1940/1726
f 1944/1943/1729 1934/1933/1719 1935/1934/1720
f 1944/1943/1729 1943/1942/1728 1934/1933/1719
f 1945/1944/1730 1935/1934/1720 1936/1935/1721
f 1945/1944/1730 1944/1943/1729 1935/1934/1720
f 1937/1936/1722 1946/1945/1731 1936/1935/1721
f 1946/1945/1731 1945/1944/1730 1936/1935/1721
f 1947/1946/1732 1942/1941/1727 1941/1940/1726
f 1947/1946/1732 1948/1947/1733 1942/1941/1727
f 1947/1946/1732 1949/1948/1734 1948/1947/1733
f 1950/1949/1735 1948/1947/1733 1949/1948/1734
f 1951/1950/1736 1947/1946/1732 1941/1940/1726
f 1951/1950/1736 1949/1948/1734 1947/1946/1732
f 1943/1942/1728 1952/1951/1737 1941/1940/1726
f 1952/1951/1737 1951/1950/1736 1941/1940/1726
f 1953/1952/1738 1943/1942/1728 1944/1943/1729
f 1952/1951/1737 1943/1942/1728 1953/1952/1738
f 1950/1949/1735 1949/1948/1734 1954/1953/1739
f 1955/1954/1740 1950/1949/1735 1954/1953/1739
f 1949/1948/1734 1956/1955/1741 1954/1953/1739
f 1951/1950/1736 1956/1955/1741 1949/1948/1734
f 1951/1950/1736 1952/1951/1737 1957/1956/1742
f 1957/1956/1742 1952/1951/1737 1953/1952/1738
f 1958/1957/1743 1955/1954/1740 1954/1953/1739
f 1956/1955/1741 1958/1957/1743 1954/1953/1739
f 1956/1955/1741 1951/1950/1736 1959/1958/1744
f 1959/1958/1744 1951/1950/1736 1957/1956/1742
f 1955/1954/1740 1958/1957/1743 1960/1959/1745
f 1961/1960/1746 1955/1954/1740 1960/1959/1745
f 1958/1957/1743 1956/1955/1741 1962/1961/1747
f 1960/1959/1745 1958/1957/1743 1962/1961/1747
f 1956/1955/1741 1959/1958/1744 1962/1961/1747
f 1961/1960/1746 1960/1959/1745 1963/1962/1748
f 1960/1959/1745 1962/1961/1747 1963/1962/1748
f 1964/1963/1749 1961/1960/1746 1963/1962/1748
f 1959/1958/1744 1957/1956/1742 1965/1964/1750
f 1957/1956/1742 1953/1952/1738 1965/1964/1750
f 1962/1961/1747 1959/1958/1744 1966/1965/1751
f 1966/1965/1751 1959/1958/1744 1965/1964/1750
f 1953/1952/1738 1967/1966/1752 1965/1964/1750
f 1967/1966/1752 1966/1965/1751 1965/1964/1750
f 1962/1961/1747 1966/1965/1751 1968/1967/1753
f 1962/1961/1747 1968/1967/1753 1963/1962/1748
f 1969/1968/1754 1964/1963/1749 1963/1962/1748
f 1969/1968/1754 1970/1969/1755 1964/1963/1749
f 1970/1969/1755 1969/1968/1754 1971/1970/1756
f 1971/1970/1756 1969/1968/1754 1972/1971/1757
f 1971/1970/1756 1972/1971/1757 1973/1972/1758
f 1974/1973/1759 1969/1968/1754 1963/1962/1748
f 1968/1967/1753 1974/1973/1759 1963/1962/1748
f 1969/1968/1754 1974/1973/1759 1972/1971/1757
f 1968/1967/1753 1966/1965/1751 1975/1974/1760
f 1968/1967/1753 1975/1974/1760 1974/1973/1759
f 1967/1966/1752 1975/1974/1760 1966/1965/1751
f 1972/1971/1757 1974/1973/1759 1975/1974/1760
f 1967/1966/1752 1953/1952/1738 1976/1975/1761
f 1976/1975/1761 1953/1952/1738 1944/1943/1729
f 1976/1975/1761 1944/1943/1729 1945/1944/1730
f 1975/1974/1760 1967/1966/1752 1977/1976/1762
f 1977/1976/1762 1967/1966/1752 1976/1975/1761
f 1978/1977/1763 1976/1975/1761 1945/1944/1730
f 1976/1975/1761 1978/1977/1763 1977/1976/1762
f 1979/1978/1764 1975/1974/1760 1977/1976/1762
f 1972/1971/1757 1975/1974/1760 1979/1978/1764
f 1972/1971/1757 1980/1979/1765 1973/1972/1758
f 1973/1972/1758 1980/1979/1765 1981/1980/1766
f 1982/1981/1767 1978/1977/1763 1945/1944/1730
f 1946/1945/1731 1982/1981/1767 1945/1944/1730
f 1978/1977/1763 1983/1982/1768 1977/1976/1762
f 1983/1982/1768 1978/1977/1763 1982/1981/1767
f 1977/1976/1762 1983/1982/1768 1979/1978/1764
f 1984/1983/1769 1972/1971/1757 1979/1978/1764
f 1972/1971/1757 1984/1983/1769 1980/1979/1765
f 1985/1984/1770 1982/1981/1767 1946/1945/1731
f 1983/1982/1768 1982/1981/1767 1986/1985/1771
f 1983/1982/1768 1987/1986/1772 1979/1978/1764
f 1987/1986/1772 1983/1982/1768 1986/1985/1771
f 1979/1978/1764 1987/1986/1772 1984/1983/1769
f 1988/1987/1773 1985/1984/1770 1946/1945/1731
f 1937/1936/1722 1988/1987/1773 1946/1945/1731
f 1989/1988/1774 1987/1986/1772 1986/1985/1771
f 1982/1981/1767 1989/1988/1774 1986/1985/1771
f 1982/1981/1767 1985/1984/1770 1989/1988/1774
f 1987/1986/1772 1990/1989/1775 1984/1983/1769
f 1989/1988/1774 1990/1989/1775 1987/1986/1772
f 1985/1984/1770 1991/1990/1776 1989/1988/1774
f 1989/1988/1774 1991/1990/1776 1990/1989/1775
f 1985/1984/1770 1992/1991/1777 1991/1990/1776
f 1991/1990/1776 1992/1991/1777 18/18/18
f 1991/1990/1776 18/18/18 19/20/20
f 20/19/19 1991/1990/1776 19/20/20
f 20/19/19 1990/1989/1775 1991/1990/1776
f 1984/1983/1769 1990/1989/1775 1993/1992/1778
f 1990/1989/1775 20/19/19 1993/1992/1778
f 1984/1983/1769 1993/1992/1778 1980/1979/1765
f 1980/1979/1765 1993/1992/1778 1994/1993/1779
f 1980/1979/1765 1994/1993/1779 1981/1980/1766
f 1993/1992/1778 20/19/19 1995/1994/1780
f 1993/1992/1778 1995/1994/1780 1994/1993/1779
f 1981/1980/1766 1994/1993/1779 1996/1995/1781
f 1997/1996/1781 1981/1980/1766 1996/1995/1781
f 1996/1995/1781 1994/1993/1779 1998/1997/40
f 1994/1993/1779 1995/1994/1780 1998/1997/40
f 1998/1997/40 1995/1994/1780 1999/1998/1590
f 1995/1994/1780 2000/1999/1782 1999/1998/1590
f 20/19/19 2000/1999/1782 1995/1994/1780
f 18/18/18 2000/1999/1782 20/19/19
f 1924/1923/1510 1925/1924/1711 2001/2000/1613
f 1925/1924/1711 2002/2001/1783 2001/2000/1613
f 2003/2002/1784 2002/2001/1783 1925/1924/1711
f 1926/1925/1712 2003/2002/1784 1925/1924/1711
f 2004/2003/1785 2003/2002/1784 1926/1925/1712
f 2004/2003/1785 2005/2004/1786 2003/2002/1784
f 1928/1927/1713 2004/2003/1785 1926/1925/1712
f 2004/2003/1785 1928/1927/1713 1939/1938/1724
f 1928/1927/1713 1931/1930/1716 1939/1938/1724
f 1939/1938/1724 1940/1939/1725 2004/2003/1785
f 1940/1939/1725 1942/1941/1727 2004/2003/1785
f 2004/2003/1785 1942/1941/1727 1948/1947/1733
f 2004/2003/1785 1948/1947/1733 2006/2005/1787
f 2004/2003/1785 2006/2005/1787 2005/2004/1786
f 2005/2004/1786 2007/2006/1788 2003/2002/1784
f 2003/2002/1784 2007/2006/1788 2002/2001/1783
f 2007/2006/1788 2008/2007/1789 2002/2001/1783
f 2008/2007/1789 2009/2008/1621 2002/2001/1783
f 2009/2008/1621 2001/2000/1613 2002/2001/1783
f 2006/2005/1787 1948/1947/1733 2010/2009/1790
f 1948/1947/1733 1950/1949/1735 2010/2009/1790
f 2010/2009/1790 1950/1949/1735 2011/2010/1791
f 1950/1949/1735 1955/1954/1740 2011/2010/1791
f 2011/2010/1791 1955/1954/1740 2012/2011/1792
f 1955/1954/1740 1961/1960/1746 2012/2011/1792
f 2013/2012/1793 2012/2011/1792 1961/1960/1746
f 1964/1963/1749 2013/2012/1793 1961/1960/1746
f 2014/2013/1794 2013/2012/1793 1964/1963/1749
f 1970/1969/1755 2014/2013/1794 1964/1963/1749
f 2015/2014/1795 2014/2013/1794 1970/1969/1755
f 1971/1970/1756 2015/2014/1795 1970/1969/1755
f 2015/2014/1795 1971/1970/1756 1973/1972/1758
f 2015/2014/1795 1973/1972/1758 2016/2015/1796
f 2016/2015/1796 1973/1972/1758 1981/1980/1766
f 2016/2015/1796 1981/1980/1766 2017/2016/1797
f 2017/2016/1797 1981/1980/1766 1997/1996/1781
f 2018/2017/1632 2017/2016/1797 1997/1996/1781
f 2016/2015/1796 2017/2016/1797 2019/2018/1798
f 2015/2014/1795 2016/2015/1796 2020/2019/1799
f 2016/2015/1796 2019/2018/1798 2020/2019/1799
f 2021/2020/1800 2015/2014/1795 2020/2019/1799
f 2019/2018/1798 2021/2020/1800 2020/2019/1799
f 2021/2020/1800 2014/2013/1794 2015/2014/1795
f 2019/2018/1798 2022/2021/1801 2021/2020/1800
f 2021/2020/1800 2023/2022/1802 2014/2013/1794
f 2022/2021/1801 2023/2022/1802 2021/2020/1800
f 2013/2012/1793 2014/2013/1794 2023/2022/1802
f 2022/2021/1801 2024/2023/1803 2023/2022/1802
f 2013/2012/1793 2023/2022/1802 2025/2024/1804
f 2023/2022/1802 2024/2023/1803 2025/2024/1804
f 2012/2011/1792 2013/2012/1793 2025/2024/1804
f 2024/2023/1803 2026/2025/1805 2025/2024/1804
f 2026/2025/1805 2012/2011/1792 2025/2024/1804
f 2012/2011/1792 2026/2025/1805 2027/2026/1806
f 2011/2010/1791 2012/2011/1792 2027/2026/1806
f 2027/2026/1806 2026/2025/1805 2028/2027/1807
f 2026/2025/1805 2024/2023/1803 2028/2027/1807
f 2011/2010/1791 2027/2026/1806 2029/2028/1808
f 2027/2026/1806 2028/2027/1807 2029/2028/1808
f 2010/2009/1790 2011/2010/1791 2029/2028/1808
f 2030/2029/1809 2028/2027/1807 2024/2023/1803
f 2022/2021/1801 2030/2029/1809 2024/2023/1803
f 2031/2030/1810 2010/2009/1790 2029/2028/1808
f 2031/2030/1810 2006/2005/1787 2010/2009/1790
f 2028/2027/1807 2032/2031/1811 2029/2028/1808
f 2028/2027/1807 2030/2029/1809 2032/2031/1811
f 2033/2032/1812 2030/2029/1809 2022/2021/1801
f 2019/2018/1798 2033/2032/1812 2022/2021/1801
f 2034/2033/1813 2033/2032/1812 2019/2018/1798
f 2017/2016/1797 2034/2033/1813 2019/2018/1798
f 2034/2033/1813 2017/2016/1797 2018/2017/1632
f 2018/2017/1632 2035/2034/1649 2034/2033/1813
f 2035/2034/1649 2036/2035/1814 2034/2033/1813
f 2037/2036/1815 2034/2033/1813 2036/2035/1814
f 2037/2036/1815 2038/2037/1816 2034/2033/1813
f 2033/2032/1812 2034/2033/1813 2038/2037/1816
f 2039/2038/1817 2038/2037/1816 2037/2036/1815
f 2032/2031/1811 2040/2039/1818 2029/2028/1808
f 2040/2039/1818 2031/2030/1810 2029/2028/1808
f 2030/2029/1809 2041/2040/1819 2032/2031/1811
f 2041/2040/1819 2030/2029/1809 2033/2032/1812
f 2032/2031/1811 2041/2040/1819 2040/2039/1818
f 2041/2040/1819 2033/2032/1812 2042/2041/1820
f 2033/2032/1812 2038/2037/1816 2042/2041/1820
f 2043/2042/1821 2041/2040/1819 2042/2041/1820
f 2041/2040/1819 2043/2042/1821 2040/2039/1818
f 2031/2030/1810 2040/2039/1818 1315/1314/1196
f 2031/2030/1810 1315/1314/1196 2006/2005/1787
f 2006/2005/1787 1315/1314/1196 2005/2004/1786
f 2040/2039/1818 1317/1315/1197 1315/1314/1196
f 2043/2042/1821 1317/1315/1197 2040/2039/1818
f 1315/1314/1196 1332/1331/1213 2005/2004/1786
f 2044/2043/1822 2043/2042/1821 2042/2041/1820
f 2038/2037/1816 2044/2043/1822 2042/2041/1820
f 2044/2043/1822 1317/1315/1197 2043/2042/1821
f 2038/2037/1816 2045/2044/1823 2044/2043/1822
f 2044/2043/1822 2045/2044/1823 1317/1315/1197
f 2045/2044/1823 1375/1374/1254 1317/1315/1197
f 2039/2038/1817 2045/2044/1823 2038/2037/1816
f 2005/2004/1786 1332/1331/1213 2046/2045/1824
f 1332/1331/1213 1341/1340/1222 2046/2045/1824
f 2046/2045/1824 1341/1340/1222 1346/1345/1227
f 2045/2044/1823 2047/2046/1825 1375/1374/1254
f 1386/1385/1264 1375/1374/1254 2047/2046/1825
f 2039/2038/1817 2048/2047/1826 2045/2044/1823
f 2045/2044/1823 2048/2047/1826 2047/2046/1825
f 2005/2004/1786 2046/2045/1824 2049/2048/1827
f 2005/2004/1786 2049/2048/1827 2007/2006/1788
f 2050/2049/1828 2046/2045/1824 1346/1345/1227
f 2046/2045/1824 2050/2049/1828 2049/2048/1827
f 2048/2047/1826 2039/2038/1817 2051/2050/1829
f 2039/2038/1817 2037/2036/1815 2051/2050/1829
f 2007/2006/1788 2049/2048/1827 2052/2051/1830
f 2007/2006/1788 2052/2051/1830 2008/2007/1789
f 2050/2049/1828 2053/2052/1831 2049/2048/1827
f 2049/2048/1827 2053/2052/1831 2052/2051/1830
f 2053/2052/1831 2054/2053/1832 2052/2051/1830
f 2054/2053/1832 2055/2054/1833 2052/2051/1830
f 2055/2054/1833 2056/2055/1670 2052/2051/1830
f 2008/2007/1789 2052/2051/1830 2056/2055/1670
f 2008/2007/1789 2056/2055/1670 2009/2008/1621
f 2057/2056/1834 2050/2049/1828 1346/1345/1227
f 2057/2056/1834 1346/1345/1227 1352/1351/1233
f 2051/2050/1829 2037/2036/1815 2058/2057/1835
f 2037/2036/1815 2036/2035/1814 2058/2057/1835
f 2058/2057/1835 2036/2035/1814 2059/2058/1836
f 2036/2035/1814 2035/2034/1649 2059/2058/1836
f 2058/2057/1835 2059/2058/1836 2060/2059/1837
f 2061/2060/1838 2058/2057/1835 2060/2059/1837
f 2062/2061/1839 2058/2057/1835 2061/2060/1838
f 2062/2061/1839 2051/2050/1829 2058/2057/1835
f 2050/2049/1828 2057/2056/1834 2063/2062/1840
f 2050/2049/1828 2063/2062/1840 2053/2052/1831
f 2064/2063/1244 2057/2056/1834 1352/1351/1233
f 2064/2063/1244 1352/1351/1233 1368/1367/1243
f 2064/2063/1244 1368/1367/1243 1411/1410/1287
f 2053/2052/1831 2063/2062/1840 2065/2064/1230
f 2053/2052/1831 2065/2064/1230 2054/2053/1832
f 2054/2053/1832 2065/2064/1230 2055/2054/1833
f 2065/2064/1230 2066/2065/1679 2055/2054/1833
f 2057/2056/1834 2067/2066/1245 2063/2062/1840
f 2057/2056/1834 2064/2063/1244 2067/2066/1245
f 2063/2062/1840 2067/2066/1245 2065/2064/1230
f 2067/2066/1245 2068/2067/1246 2065/2064/1230
f 2065/2064/1230 2068/2067/1246 2066/2065/1679
f 2068/2067/1246 2069/2068/1681 2066/2065/1679
f 2070/2069/1841 2064/2063/1244 1411/1410/1287
f 2070/2069/1841 1411/1410/1287 1406/1405/1282
f 2064/2063/1244 2070/2069/1841 2067/2066/1245
f 2070/2069/1841 2071/2070/1842 2067/2066/1245
f 2067/2066/1245 2071/2070/1842 2068/2067/1246
f 2071/2070/1842 2072/2071/1284 2068/2067/1246
f 2068/2067/1246 2072/2071/1284 2069/2068/1681
f 2072/2071/1284 2073/2072/1843 2069/2068/1681
f 2074/2073/1844 2070/2069/1841 1406/1405/1282
f 2074/2073/1844 1406/1405/1282 1401/1400/1277
f 2070/2069/1841 2074/2073/1844 2071/2070/1842
f 2074/2073/1844 1401/1400/1277 2075/2074/1845
f 2075/2074/1845 1401/1400/1277 1386/1385/1264
f 2047/2046/1825 2075/2074/1845 1386/1385/1264
f 2074/2073/1844 2076/2075/1846 2071/2070/1842
f 2074/2073/1844 2075/2074/1845 2076/2075/1846
f 2071/2070/1842 2076/2075/1846 2072/2071/1284
f 2076/2075/1846 2077/2076/1279 2072/2071/1284
f 2072/2071/1284 2077/2076/1279 2073/2072/1843
f 2077/2076/1279 2078/2077/1595 2073/2072/1843
f 2075/2074/1845 2079/2078/1847 2076/2075/1846
f 2076/2075/1846 2079/2078/1847 2077/2076/1279
f 2075/2074/1845 2047/2046/1825 2080/2079/1848
f 2075/2074/1845 2080/2079/1848 2079/2078/1847
f 2079/2078/1847 2081/2080/1849 2077/2076/1279
f 2077/2076/1279 2081/2080/1849 2078/2077/1595
f 2081/2080/1849 2082/2081/40 2078/2077/1595
f 2047/2046/1825 2083/2082/1850 2080/2079/1848
f 2083/2082/1850 2047/2046/1825 2048/2047/1826
f 2083/2082/1850 2048/2047/1826 2051/2050/1829
f 2083/2082/1850 2051/2050/1829 2062/2061/1839
f 2083/2082/1850 2062/2061/1839 2080/2079/1848
f 2080/2079/1848 2062/2061/1839 2084/2083/1851
f 2062/2061/1839 2061/2060/1838 2084/2083/1851
f 2061/2060/1838 2085/2084/1852 2084/2083/1851
f 2061/2060/1838 2060/2059/1837 2085/2084/1852
f 2079/2078/1847 2080/2079/1848 2084/2083/1851
f 2079/2078/1847 2084/2083/1851 2081/2080/1849
f 2081/2080/1849 2084/2083/1851 2082/2081/40
f 2084/2083/1851 2085/2084/1852 2082/2081/40
f 2086/2085/1853 2088/2086/1591 2087/2087/1854
f 2089/2088/1855 2086/2085/1853 2087/2087/1854
f 2086/2085/1853 2089/2088/1855 2090/2089/1856
f 2000/1999/1782 2089/2088/1855 2087/2087/1854
f 1999/1998/1590 2000/1999/1782 2087/2087/1854
f 2089/2088/1855 2000/1999/1782 18/18/18
f 2089/2088/1855 18/18/18 2091/2090/1857
f 2089/2088/1855 2092/2091/1858 2090/2089/1856
f 2092/2091/1858 2089/2088/1855 2091/2090/1857
f 2090/2089/1856 2092/2091/1858 2093/2092/1859
f 2092/2091/1858 2091/2090/1857 2094/2093/1860
f 2092/2091/1858 2095/2094/1861 2093/2092/1859
f 2095/2094/1861 2092/2091/1858 2094/2093/1860
f 2095/2094/1861 1601/1600/1436 2093/2092/1859
f 2096/2095/1862 1601/1600/1436 2095/2094/1861
f 2096/2095/1862 2095/2094/1861 2094/2093/1860
f 1601/1600/1436 1675/1674/1287 2093/2092/1859
f 1919/1918/1708 1601/1600/1436 2096/2095/1862
f 2093/2092/1859 1675/1674/1287 1661/1660/1282
f 2097/2096/1863 1919/1918/1708 2096/2095/1862
f 2097/2096/1863 2096/2095/1862 2094/2093/1860
f 1919/1918/1708 2097/2096/1863 1937/1936/1722
f 1937/1936/1722 2097/2096/1863 1988/1987/1773
f 2093/2092/1859 1661/1660/1282 2098/2097/1476
f 2090/2089/1856 2093/2092/1859 2098/2097/1476
f 2098/2097/1476 1661/1660/1282 1655/1654/1475
f 2099/2098/1864 2097/2096/1863 2094/2093/1860
f 2097/2096/1863 2099/2098/1864 1988/1987/1773
f 1985/1984/1770 1988/1987/1773 2099/2098/1864
f 2091/2090/1857 2099/2098/1864 2094/2093/1860
f 1992/1991/1777 1985/1984/1770 2099/2098/1864
f 2091/2090/1857 1992/1991/1777 2099/2098/1864
f 2091/2090/1857 18/18/18 1992/1991/1777
f 2100/2099/1865 2090/2089/1856 2098/2097/1476
f 2086/2085/1853 2090/2089/1856 2100/2099/1865
f 2098/2097/1476 1655/1654/1475 2101/2100/1866
f 2100/2099/1865 2098/2097/1476 2101/2100/1866
f 1912/1911/1702 2101/2100/1866 1655/1654/1475
f 2102/2101/1279 2086/2085/1853 2100/2099/1865
f 2086/2085/1853 2102/2101/1279 2088/2086/1591
f 2102/2101/1279 2103/2102/1595 2088/2086/1591
f 2104/2103/1867 2100/2099/1865 2101/2100/1866
f 2102/2101/1279 2100/2099/1865 2104/2103/1867
f 2105/2104/1868 2102/2101/1279 2104/2103/1867
f 2102/2101/1279 2105/2104/1868 2103/2102/1595
f 2105/2104/1868 2106/2105/40 2103/2102/1595
f 2107/2106/1869 2101/2100/1866 1912/1911/1702
f 2107/2106/1869 2104/2103/1867 2101/2100/1866
f 2108/2107/1870 2104/2103/1867 2107/2106/1869
f 2108/2107/1870 2105/2104/1868 2104/2103/1867
f 2105/2104/1868 2108/2107/1870 2106/2105/40
f 2108/2107/1870 2109/2108/1600 2106/2105/40
f 2107/2106/1869 1912/1911/1702 2110/2109/1871
f 2111/2110/1872 2107/2106/1869 2110/2109/1871
f 2108/2107/1870 2107/2106/1869 2111/2110/1872
f 2112/2111/1873 2108/2107/1870 2111/2110/1872
f 2112/2111/1873 2109/2108/1600 2108/2107/1870
f 2112/2111/1873 2113/2112/1874 2109/2108/1600
f 2114/2113/1875 2110/2109/1871 1912/1911/1702
f 1907/1906/1700 2114/2113/1875 1912/1911/1702
f 2115/2114/1876 2110/2109/1871 2114/2113/1875
f 2115/2114/1876 2111/2110/1872 2110/2109/1871
f 2116/2115/1877 2114/2113/1875 1907/1906/1700
f 2115/2114/1876 2114/2113/1875 2116/2115/1877
f 1905/1904/1698 2116/2115/1877 1907/1906/1700
f 1905/1904/1698 2117/2116/1878 2116/2115/1877
f 1903/1902/1697 2117/2116/1878 1905/1904/1698
f 1903/1902/1697 2118/2117/1879 2117/2116/1878
f 2118/2117/1879 1903/1902/1697 1901/1901/1489
f 2119/2118/1610 2118/2117/1879 1901/1901/1489
f 2117/2116/1878 2115/2114/1876 2116/2115/1877
f 2120/2119/1880 2111/2110/1872 2115/2114/1876
f 2120/2119/1880 2115/2114/1876 2117/2116/1878
f 2120/2119/1880 2112/2111/1873 2111/2110/1872
f 2112/2111/1873 2120/2119/1880 2113/2112/1874
f 2118/2117/1879 2120/2119/1880 2117/2116/1878
f 2120/2119/1880 2121/2120/1612 2113/2112/1874
f 2120/2119/1880 2118/2117/1879 2121/2120/1612
f 2118/2117/1879 2119/2118/1610 2121/2120/1612
f 2122/2121/1881 2124/2122/1882 2123/2123/1883
f 2124/2122/1882 2125/2124/1884 2123/2123/1883
f 2125/2124/1884 2126/2125/1885 2123/2123/1883
f 2125/2124/1884 2127/2126/1886 2126/2125/1885
f 2128/2127/1887 2126/2125/1885 2127/2126/1886
f 2128/2127/1887 2127/2126/1886 2129/2128/1888
f 2130/2129/1889 2128/2127/1887 2129/2128/1888
f 2131/2130/1890 2128/2127/1887 2130/2129/1889
f 2131/2130/1890 2126/2125/1885 2128/2127/1887
f 2131/2130/1890 2132/2131/1891 2126/2125/1885
f 2132/2131/1891 2123/2123/1883 2126/2125/1885
f 2132/2131/1891 2133/2132/1892 2123/2123/1883
f 2123/2123/1883 2133/2132/1892 2122/2121/1881
f 2133/2132/1892 2134/2133/1893 2122/2121/1881
f 2130/2129/1889 2129/2128/1888 2135/2134/1894
f 2130/2129/1889 2135/2134/1894 2136/2135/1895
f 2135/2134/1894 2129/2128/1888 2137/2136/1896
f 2135/2134/1894 2137/2136/1896 2136/2135/1895
f 2138/2137/1897 2131/2130/1890 2130/2129/1889
f 2130/2129/1889 2136/2135/1895 2138/2137/1897
f 2129/2128/1888 2139/2138/1898 2137/2136/1896
f 2137/2136/1896 2139/2138/1898 2140/2139/1899
f 2129/2128/1888 2127/2126/1886 2139/2138/1898
f 2127/2126/1886 2141/2140/1900 2139/2138/1898
f 2141/2140/1900 2127/2126/1886 2125/2124/1884
f 2142/2141/1901 2141/2140/1900 2125/2124/1884
f 2143/2142/1902 2142/2141/1901 2125/2124/1884
f 2124/2122/1882 2143/2142/1902 2125/2124/1884
f 2139/2138/1898 2141/2140/1900 2140/2139/1899
f 2141/2140/1900 2144/2143/1903 2140/2139/1899
f 2144/2143/1903 2141/2140/1900 2142/2141/1901
f 2145/2144/1904 2144/2143/1903 2142/2141/1901
f 2146/2145/1905 2145/2144/1904 2142/2141/1901
f 2143/2142/1902 2146/2145/1905 2142/2141/1901
f 2137/2136/1896 2140/2139/1899 2147/2146/1906
f 2137/2136/1896 2147/2146/1906 2136/2135/1895
f 2140/2139/1899 2148/2147/1907 2147/2146/1906
f 2147/2146/1906 2148/2147/1907 2136/2135/1895
f 2140/2139/1899 2149/2148/1908 2148/2147/1907
f 2150/2149/1909 2149/2148/1908 2140/2139/1899
f 2144/2143/1903 2150/2149/1909 2140/2139/1899
f 2150/2149/1909 2144/2143/1903 2151/2150/1910
f 2144/2143/1903 2145/2144/1904 2151/2150/1910
f 2148/2147/1907 2152/2151/1911 2136/2135/1895
f 2153/2152/1912 2152/2151/1911 2148/2147/1907
f 2149/2148/1908 2153/2152/1912 2148/2147/1907
f 2154/2153/1913 2153/2152/1912 2149/2148/1908
f 2150/2149/1909 2154/2153/1913 2149/2148/1908
f 2154/2153/1913 2150/2149/1909 2155/2154/1914
f 2150/2149/1909 2151/2150/1910 2155/2154/1914
f 2136/2135/1895 2152/2151/1911 2156/2155/1915
f 2136/2135/1895 2156/2155/1915 2138/2137/1897
f 2153/2152/1912 2156/2155/1915 2152/2151/1911
f 2131/2130/1890 2138/2137/1897 2156/2155/1915
f 2153/2152/1912 2157/2156/1916 2156/2155/1915
f 2157/2156/1916 2131/2130/1890 2156/2155/1915
f 2154/2153/1913 2157/2156/1916 2153/2152/1912
f 2158/2157/1917 2131/2130/1890 2157/2156/1916
f 2154/2153/1913 2158/2157/1917 2157/2156/1916
f 2158/2157/1917 2132/2131/1891 2131/2130/1890
f 2158/2157/1917 2154/2153/1913 2155/2154/1914
f 2158/2157/1917 2155/2154/1914 2159/2158/1918
f 2160/2159/1919 2159/2158/1918 2155/2154/1914
f 2161/2160/1920 2160/2159/1919 2155/2154/1914
f 2159/2158/1918 2132/2131/1891 2158/2157/1917
f 2159/2158/1918 2133/2132/1892 2132/2131/1891
f 2134/2133/1893 2133/2132/1892 2159/2158/1918
f 2160/2159/1919 2134/2133/1893 2159/2158/1918
f 2155/2154/1914 2151/2150/1910 2161/2160/1920
f 2151/2150/1910 2162/2161/1921 2161/2160/1920
f 2151/2150/1910 2145/2144/1904 2162/2161/1921
f 2145/2144/1904 2146/2145/1905 2162/2161/1921
f 2163/2162/1922 2165/2163/1923 2164/2164/1924
f 2166/2165/1925 2163/2162/1922 2164/2164/1924
f 2163/2162/1922 2166/2165/1925 2167/2166/1926
f 2163/2162/1922 2167/2166/1926 2168/2167/1927
f 2167/2166/1926 2166/2165/1925 2169/2168/1928
f 2166/2165/1925 2164/2164/1924 2170/2169/1929
f 2166/2165/1925 2170/2169/1929 2169/2168/1928
f 2164/2164/1924 2171/2170/1930 2170/2169/1929
f 2171/2170/1930 2172/2171/1931 2170/2169/1929
f 2169/2168/1928 2170/2169/1929 2173/2172/1932
f 2172/2171/1931 2174/2173/1933 2170/2169/1929
f 2170/2169/1929 2174/2173/1933 2173/2172/1932
f 2172/2171/1931 2175/2174/1934 2174/2173/1933
f 2175/2174/1934 2176/2175/1935 2174/2173/1933
f 2174/2173/1933 2176/2175/1935 2173/2172/1932
f 2176/2175/1935 2175/2174/1934 2177/2176/1936
f 2175/2174/1934 2178/2177/1937 2177/2176/1936
f 2179/2178/1938 2177/2176/1936 2178/2177/1937
f 2179/2178/1938 2178/2177/1937 2180/2179/1939
f 2179/2178/1938 2180/2179/1939 2181/2180/1940
f 2182/2181/1941 2179/2178/1938 2181/2180/1940
f 2182/2181/1941 2181/2180/1940 2183/2182/1942
f 2177/2176/1936 2179/2178/1938 2184/2183/1943
f 2179/2178/1938 2182/2181/1941 2184/2183/1943
f 2177/2176/1936 2185/2184/1944 2176/2175/1935
f 2185/2184/1944 2177/2176/1936 2184/2183/1943
f 2176/2175/1935 2186/2185/1945 2173/2172/1932
f 2185/2184/1944 2186/2185/1945 2176/2175/1935
f 2182/2181/1941 2187/2186/1946 2184/2183/1943
f 2187/2186/1946 2182/2181/1941 2188/2187/1947
f 2182/2181/1941 2183/2182/1942 2189/2188/1948
f 2182/2181/1941 2189/2188/1948 2188/2187/1947
f 2183/2182/1942 2190/2189/1949 2189/2188/1948
f 2190/2189/1949 2191/2190/1950 2189/2188/1948
f 2188/2187/1947 2189/2188/1948 2191/2190/1950
f 2188/2187/1947 2191/2190/1950 2192/2191/1951
f 2193/2192/1952 2185/2184/1944 2184/2183/1943
f 2185/2184/1944 2193/2192/1952 2186/2185/1945
f 2187/2186/1946 2193/2192/1952 2184/2183/1943
f 2186/2185/1945 2194/2193/1953 2173/2172/1932
f 2193/2192/1952 2194/2193/1953 2186/2185/1945
f 2194/2193/1953 2169/2168/1928 2173/2172/1932
f 2195/2194/1954 2169/2168/1928 2194/2193/1953
f 2194/2193/1953 2193/2192/1952 2195/2194/1954
f 2195/2194/1954 2167/2166/1926 2169/2168/1928
f 2193/2192/1952 2187/2186/1946 2196/2195/1955
f 2193/2192/1952 2196/2195/1955 2195/2194/1954
f 2187/2186/1946 2188/2187/1947 2196/2195/1955
f 2197/2196/1956 2196/2195/1955 2188/2187/1947
f 2195/2194/1954 2196/2195/1955 2197/2196/1956
f 2197/2196/1956 2188/2187/1947 2192/2191/1951
f 2198/2197/1957 2197/2196/1956 2192/2191/1951
f 2167/2166/1926 2195/2194/1954 2199/2198/1958
f 2199/2198/1958 2195/2194/1954 2197/2196/1956
f 2167/2166/1926 2199/2198/1958 2168/2167/1927
f 2199/2198/1958 2200/2199/1959 2168/2167/1927
f 2198/2197/1957 2201/2200/1960 2197/2196/1956
f 2199/2198/1958 2197/2196/1956 2201/2200/1960
f 2202/2201/1961 2201/2200/1960 2198/2197/1957
f 2199/2198/1958 2203/2202/1962 2200/2199/1959
f 2203/2202/1962 2199/2198/1958 2201/2200/1960
f 2200/2199/1959 2203/2202/1962 2204/2203/1963
f 2202/2201/1961 2205/2204/1964 2201/2200/1960
f 2201/2200/1960 2205/2204/1964 2203/2202/1962
f 2205/2204/1964 2202/2201/1961 2206/2205/1965
f 2203/2202/1962 2207/2206/1966 2204/2203/1963
f 2205/2204/1964 2207/2206/1966 2203/2202/1962
f 2204/2203/1963 2207/2206/1966 2208/2207/1967
f 2205/2204/1964 2209/2208/1968 2207/2206/1966
f 2209/2208/1968 2205/2204/1964 2206/2205/1965
f 2209/2208/1968 2210/2209/1969 2207/2206/1966
f 2207/2206/1966 2210/2209/1969 2208/2207/1967
f 2209/2208/1968 2211/2210/1970 2210/2209/1969
f 2211/2210/1970 2209/2208/1968 2206/2205/1965
f 2210/2209/1969 2212/2211/1971 2208/2207/1967
f 2211/2210/1970 2212/2211/1971 2210/2209/1969
f 2212/2211/1971 2213/2212/1972 2208/2207/1967
f 2214/2213/1973 2212/2211/1971 2211/2210/1970
f 2214/2213/1973 2213/2212/1972 2212/2211/1971
f 2214/2213/1973 2215/2214/1974 2213/2212/1972
f 2216/2215/1975 2214/2213/1973 2211/2210/1970
f 2215/2214/1974 2217/2216/1976 2213/2212/1972
f 2213/2212/1972 2218/2217/1977 2208/2207/1967
f 2217/2216/1976 2218/2217/1977 2213/2212/1972
f 2218/2217/1977 2204/2203/1963 2208/2207/1967
f 2217/2216/1976 2219/2218/1978 2218/2217/1977
f 2200/2199/1959 2204/2203/1963 2218/2217/1977
f 2211/2210/1970 2220/2219/1979 2216/2215/1975
f 2220/2219/1979 2211/2210/1970 2206/2205/1965
f 2220/2219/1979 2221/2220/1980 2216/2215/1975
f 2219/2218/1978 2222/2221/1981 2218/2217/1977
f 2222/2221/1981 2200/2199/1959 2218/2217/1977
f 2222/2221/1981 2219/2218/1978 2165/2163/1923
f 2163/2162/1922 2222/2221/1981 2165/2163/1923
f 2200/2199/1959 2222/2221/1981 2163/2162/1922
f 2200/2199/1959 2163/2162/1922 2168/2167/1927
f 2223/2222/1982 2220/2219/1979 2206/2205/1965
f 2220/2219/1979 2223/2222/1982 2221/2220/1980
f 2223/2222/1982 2224/2223/1983 2221/2220/1980
f 2202/2201/1961 2223/2222/1982 2206/2205/1965
f 2225/2224/1984 2224/2223/1983 2223/2222/1982
f 2223/2222/1982 2202/2201/1961 2226/2225/1985
f 2225/2224/1984 2223/2222/1982 2226/2225/1985
f 2202/2201/1961 2198/2197/1957 2226/2225/1985
f 2225/2224/1984 2226/2225/1985 2191/2190/1950
f 2191/2190/1950 2226/2225/1985 2198/2197/1957
f 2190/2189/1949 2225/2224/1984 2191/2190/1950
f 2191/2190/1950 2198/2197/1957 2192/2191/1951
f 2227/2226/1986 2229/2227/1987 2228/2228/1988
f 2227/2226/1986 2230/2229/1989 2229/2227/1987
f 2231/2230/1990 2229/2227/1987 2230/2229/1989
f 2232/2231/1991 2230/2229/1989 2227/2226/1986
f 2233/2232/1992 2231/2230/1990 2230/2229/1989
f 2232/2231/1991 2234/2233/1993 2230/2229/1989
f 2234/2233/1993 2233/2232/1992 2230/2229/1989
f 2234/2233/1993 2235/2234/1994 2233/2232/1992
f 2234/2233/1993 2236/2235/1995 2235/2234/1994
f 2234/2233/1993 2232/2231/1991 2237/2236/1996
f 2234/2233/1993 2238/2237/1997 2236/2235/1995
f 2238/2237/1997 2234/2233/1993 2237/2236/1996
f 2238/2237/1997 2239/2238/1998 2236/2235/1995
f 2238/2237/1997 2240/2239/1999 2239/2238/1998
f 2240/2239/1999 2238/2237/1997 2237/2236/1996
f 2241/2240/2000 2239/2238/1998 2240/2239/1999
f 2242/2241/2001 2240/2239/1999 2237/2236/1996
f 2243/2242/2002 2241/2240/2000 2240/2239/1999
f 2240/2239/1999 2242/2241/2001 2243/2242/2002
f 2244/2243/2003 2242/2241/2001 2237/2236/1996
f 2232/2231/1991 2244/2243/2003 2237/2236/1996
f 2241/2240/2000 2243/2242/2002 2245/2244/2004
f 2246/2245/2005 2241/2240/2000 2245/2244/2004
f 2242/2241/2001 2247/2246/2006 2243/2242/2002
f 2242/2241/2001 2244/2243/2003 2247/2246/2006
f 2246/2245/2005 2245/2244/2004 2248/2247/2007
f 2249/2248/2008 2246/2245/2005 2248/2247/2007
f 2250/2249/2009 2249/2248/2008 2248/2247/2007
f 2245/2244/2004 2243/2242/2002 2251/2250/2010
f 2243/2242/2002 2247/2246/2006 2251/2250/2010
f 2248/2247/2007 2245/2244/2004 2251/2250/2010
f 2252/2251/2011 2250/2249/2009 2248/2247/2007
f 2252/2251/2011 2253/2252/2012 2250/2249/2009
f 2252/2251/2011 2254/2253/2013 2253/2252/2012
f 2255/2254/2014 2248/2247/2007 2251/2250/2010
f 2252/2251/2011 2248/2247/2007 2255/2254/2014
f 2256/2255/2015 2252/2251/2011 2255/2254/2014
f 2254/2253/2013 2252/2251/2011 2256/2255/2015
f 2254/2253/2013 2256/2255/2015 2257/2256/2016
f 2247/2246/2006 2258/2257/2017 2251/2250/2010
f 2244/2243/2003 2258/2257/2017 2247/2246/2006
f 2258/2257/2017 2255/2254/2014 2251/2250/2010
f 2259/2258/2018 2255/2254/2014 2258/2257/2017
f 2258/2257/2017 2244/2243/2003 2259/2258/2018
f 2259/2258/2018 2256/2255/2015 2255/2254/2014
f 2244/2243/2003 2260/2259/2019 2259/2258/2018
f 2244/2243/2003 2232/2231/1991 2260/2259/2019
f 2232/2231/1991 2227/2226/1986 2260/2259/2019
f 2261/2260/2020 2260/2259/2019 2227/2226/1986
f 2259/2258/2018 2260/2259/2019 2261/2260/2020
f 2261/2260/2020 2227/2226/1986 2228/2228/1988
f 2262/2261/2021 2261/2260/2020 2228/2228/1988
f 2256/2255/2015 2259/2258/2018 2263/2262/2022
f 2263/2262/2022 2259/2258/2018 2261/2260/2020
f 2256/2255/2015 2263/2262/2022 2257/2256/2016
f 2263/2262/2022 2264/2263/2023 2257/2256/2016
f 2262/2261/2021 2265/2264/2024 2261/2260/2020
f 2263/2262/2022 2261/2260/2020 2265/2264/2024
f 2266/2265/2025 2265/2264/2024 2262/2261/2021
f 2263/2262/2022 2267/2266/2026 2264/2263/2023
f 2267/2266/2026 2263/2262/2022 2265/2264/2024
f 2264/2263/2023 2267/2266/2026 2268/2267/2027
f 2266/2265/2025 2269/2268/2028 2265/2264/2024
f 2265/2264/2024 2269/2268/2028 2267/2266/2026
f 2269/2268/2028 2266/2265/2025 2270/2269/2029
f 2267/2266/2026 2271/2270/2030 2268/2267/2027
f 2269/2268/2028 2271/2270/2030 2267/2266/2026
f 2268/2267/2027 2271/2270/2030 2272/2271/2031
f 2269/2268/2028 2273/2272/2032 2271/2270/2030
f 2273/2272/2032 2269/2268/2028 2270/2269/2029
f 2273/2272/2032 2274/2273/2033 2271/2270/2030
f 2271/2270/2030 2274/2273/2033 2272/2271/2031
f 2273/2272/2032 2275/2274/2034 2274/2273/2033
f 2275/2274/2034 2273/2272/2032 2270/2269/2029
f 2274/2273/2033 2276/2275/2035 2272/2271/2031
f 2275/2274/2034 2276/2275/2035 2274/2273/2033
f 2277/2276/2036 2275/2274/2034 2270/2269/2029
f 2278/2277/2037 2277/2276/2036 2270/2269/2029
f 2266/2265/2025 2278/2277/2037 2270/2269/2029
f 2278/2277/2037 2266/2265/2025 2279/2278/2038
f 2266/2265/2025 2262/2261/2021 2279/2278/2038
f 2229/2227/1987 2279/2278/2038 2262/2261/2021
f 2229/2227/1987 2262/2261/2021 2228/2228/1988
f 2231/2230/1990 2279/2278/2038 2229/2227/1987
f 2231/2230/1990 2280/2279/2039 2279/2278/2038
f 2280/2279/2039 2278/2277/2037 2279/2278/2038
f 2280/2279/2039 2281/2280/2040 2278/2277/2037
f 2277/2276/2036 2278/2277/2037 2281/2280/2040
f 2277/2276/2036 2281/2280/2040 2282/2281/2041
f 2277/2276/2036 2282/2281/2041 2283/2282/2042
f 2275/2274/2034 2277/2276/2036 2283/2282/2042
f 2283/2282/2042 2284/2283/2043 2275/2274/2034
f 2284/2283/2043 2276/2275/2035 2275/2274/2034
f 2284/2283/2043 2285/2284/2044 2276/2275/2035
f 2285/2284/2044 2286/2285/2045 2276/2275/2035
f 2285/2284/2044 2287/2286/2046 2286/2285/2045
f 2276/2275/2035 2286/2285/2045 2272/2271/2031
f 2287/2286/2046 2288/2287/2047 2286/2285/2045
f 2286/2285/2045 2288/2287/2047 2272/2271/2031
f 2287/2286/2046 2289/2288/2048 2288/2287/2047
f 2288/2287/2047 2268/2267/2027 2272/2271/2031
f 2289/2288/2048 2290/2289/2049 2288/2287/2047
f 2290/2289/2049 2268/2267/2027 2288/2287/2047
f 2290/2289/2049 2289/2288/2048 2253/2252/2012
f 2290/2289/2049 2264/2263/2023 2268/2267/2027
f 2254/2253/2013 2290/2289/2049 2253/2252/2012
f 2264/2263/2023 2290/2289/2049 2254/2253/2013
f 2264/2263/2023 2254/2253/2013 2257/2256/2016
f 22/23/23 2292/2290/2050 2291/2291/2051
f 22/23/23 2293/2292/2052 2292/2290/2050
f 2294/2293/2053 2292/2290/2050 2293/2292/2052
f 2294/2293/2053 2293/2292/2052 2295/2294/2054
f 2295/2294/2054 2296/2295/2053 2294/2293/2053
f 2295/2294/2054 2297/2296/2055 2296/2295/2053
f 2297/2296/2055 2298/2297/2056 2296/2295/2053
f 2297/2296/2055 2299/2298/2057 2298/2297/2056
f 2300/2299/2058 2298/2297/2056 2299/2298/2057
f 2300/2299/2058 2299/2298/2057 2301/2300/2059
f 2300/2299/2058 2301/2300/2059 25/26/26
f 2302/2301/2060 2300/2299/2058 25/26/26
f 2303/2302/2061 2300/2299/2058 2302/2301/2060
f 2303/2302/2061 2298/2297/2056 2300/2299/2058
f 2304/2303/2062 2303/2302/2061 2302/2301/2060
f 2305/2304/2063 2303/2302/2061 2304/2303/2062
f 2306/2305/2064 2305/2304/2063 2304/2303/2062
f 2307/2306/2065 2305/2304/2063 2306/2305/2064
f 2303/2302/2061 2308/2307/2066 2298/2297/2056
f 2296/2295/2053 2298/2297/2056 2308/2307/2066
f 2305/2304/2063 2308/2307/2066 2303/2302/2061
f 2294/2293/2053 2296/2295/2053 2309/2308/2067
f 2296/2295/2053 2308/2307/2066 2309/2308/2067
f 2307/2306/2065 2310/2309/2068 2305/2304/2063
f 2311/2310/2069 2310/2309/2068 2307/2306/2065
f 2305/2304/2063 2312/2311/2070 2308/2307/2066
f 2309/2308/2067 2308/2307/2066 2312/2311/2070
f 2294/2293/2053 2309/2308/2067 2313/2312/2067
f 2313/2312/2067 2292/2290/2050 2294/2293/2053
f 2310/2309/2068 2314/2313/2071 2305/2304/2063
f 2314/2313/2071 2312/2311/2070 2305/2304/2063
f 2309/2308/2067 2312/2311/2070 2315/2314/2072
f 2313/2312/2067 2309/2308/2067 2315/2314/2072
f 2313/2312/2067 2316/2315/2073 2292/2290/2050
f 2291/2291/2051 2292/2290/2050 2316/2315/2073
f 2291/2291/2051 2316/2315/2073 2317/2316/2074
f 2318/2317/2072 2316/2315/2073 2313/2312/2067
f 2313/2312/2067 2315/2314/2072 2318/2317/2072
f 2315/2314/2072 2312/2311/2070 2319/2318/2075
f 2312/2311/2070 2314/2313/2071 2319/2318/2075
f 2318/2317/2072 2320/2319/2076 2316/2315/2073
f 2317/2316/2074 2316/2315/2073 2320/2319/2076
f 2317/2316/2074 2320/2319/2076 2321/2320/2077
f 2318/2317/2072 2315/2314/2072 2322/2321/2075
f 2315/2314/2072 2319/2318/2075 2322/2321/2075
f 2323/2322/2078 2320/2319/2076 2318/2317/2072
f 2322/2321/2075 2323/2322/2078 2318/2317/2072
f 2320/2319/2076 2323/2322/2078 2324/2323/2079
f 2321/2320/2077 2320/2319/2076 2324/2323/2079
f 2319/2318/2075 2314/2313/2071 2325/2324/2080
f 2322/2321/2075 2319/2318/2075 2326/2325/2080
f 2319/2318/2075 2325/2324/2080 2326/2325/2080
f 2327/2326/2081 2323/2322/2078 2322/2321/2075
f 2326/2325/2080 2327/2326/2081 2322/2321/2075
f 2323/2322/2078 2327/2326/2081 2328/2327/2082
f 2324/2323/2079 2323/2322/2078 2328/2327/2082
f 2314/2313/2071 2329/2328/2083 2325/2324/2080
f 2329/2328/2083 2314/2313/2071 2310/2309/2068
f 2330/2329/2084 2329/2328/2083 2310/2309/2068
f 2311/2310/2069 2330/2329/2084 2310/2309/2068
f 2331/2330/2085 2330/2329/2084 2311/2310/2069
f 2332/2331/2086 2331/2330/2085 2311/2310/2069
f 2333/2332/2087 2329/2328/2083 2330/2329/2084
f 2331/2330/2085 2333/2332/2087 2330/2329/2084
f 2325/2324/2080 2329/2328/2083 2334/2333/564
f 2329/2328/2083 2333/2332/2087 2334/2333/564
f 2326/2325/2080 2325/2324/2080 2335/2334/564
f 2325/2324/2080 2334/2333/564 2335/2334/564
f 2336/2335/2088 2327/2326/2081 2326/2325/2080
f 2335/2334/564 2336/2335/2088 2326/2325/2080
f 2327/2326/2081 2336/2335/2088 2337/2336/2089
f 2328/2327/2082 2327/2326/2081 2337/2336/2089
f 2338/2337/2090 2331/2330/2085 2332/2331/2086
f 2339/2338/2091 2338/2337/2090 2332/2331/2086
f 2340/2339/2092 2333/2332/2087 2331/2330/2085
f 2338/2337/2090 2340/2339/2092 2331/2330/2085
f 2334/2333/564 2333/2332/2087 2341/2340/2093
f 2333/2332/2087 2340/2339/2092 2341/2340/2093
f 2335/2334/564 2334/2333/564 2342/2341/2093
f 2334/2333/564 2341/2340/2093 2342/2341/2093
f 2343/2342/2094 2336/2335/2088 2335/2334/564
f 2342/2341/2093 2343/2342/2094 2335/2334/564
f 2336/2335/2088 2343/2342/2094 2344/2343/2095
f 2337/2336/2089 2336/2335/2088 2344/2343/2095
f 2345/2344/2096 2338/2337/2090 2339/2338/2091
f 2346/2345/2097 2345/2344/2096 2339/2338/2091
f 2347/2346/2098 2340/2339/2092 2338/2337/2090
f 2345/2344/2096 2347/2346/2098 2338/2337/2090
f 2341/2340/2093 2340/2339/2092 2348/2347/2099
f 2340/2339/2092 2347/2346/2098 2348/2347/2099
f 2342/2341/2093 2341/2340/2093 2349/2348/2099
f 2341/2340/2093 2348/2347/2099 2349/2348/2099
f 2350/2349/2100 2343/2342/2094 2342/2341/2093
f 2349/2348/2099 2350/2349/2100 2342/2341/2093
f 2351/2350/2101 2350/2349/2100 2349/2348/2099
f 2344/2343/2095 2343/2342/2094 2350/2349/2100
f 2344/2343/2095 2350/2349/2100 2352/2351/2102
f 2352/2351/2102 2350/2349/2100 2351/2350/2101
f 2352/2351/2102 2351/2350/2101 2353/2352/2103
f 2349/2348/2099 2348/2347/2099 2354/2353/2104
f 2354/2353/2104 2351/2350/2101 2349/2348/2099
f 2348/2347/2099 2347/2346/2098 2355/2354/2104
f 2348/2347/2099 2355/2354/2104 2354/2353/2104
f 2347/2346/2098 2356/2355/2105 2355/2354/2104
f 2356/2355/2105 2347/2346/2098 2345/2344/2096
f 2357/2356/2106 2356/2355/2105 2345/2344/2096
f 2357/2356/2106 2345/2344/2096 2346/2345/2097
f 2358/2357/2107 2357/2356/2106 2346/2345/2097
f 2359/2358/2108 2357/2356/2106 2358/2357/2107
f 2359/2358/2108 2360/2359/2109 2357/2356/2106
f 2360/2359/2109 2356/2355/2105 2357/2356/2106
f 26/25/25 2360/2359/2109 2359/2358/2108
f 2355/2354/2104 2356/2355/2105 2361/2360/2110
f 2360/2359/2109 2361/2360/2110 2356/2355/2105
f 2354/2353/2104 2355/2354/2104 2362/2361/2111
f 2355/2354/2104 2361/2360/2110 2362/2361/2111
f 26/25/25 2363/2362/2112 2360/2359/2109
f 2363/2362/2112 2361/2360/2110 2360/2359/2109
f 2364/2363/2113 2363/2362/2112 26/25/25
f 24/24/24 2364/2363/2113 26/25/25
f 24/24/24 25/26/26 2364/2363/2113
f 25/26/26 2301/2300/2059 2364/2363/2113
f 2363/2362/2112 2365/2364/2114 2361/2360/2110
f 2364/2363/2113 2365/2364/2114 2363/2362/2112
f 2362/2361/2111 2361/2360/2110 2365/2364/2114
f 2364/2363/2113 2301/2300/2059 2366/2365/2115
f 2364/2363/2113 2366/2365/2115 2365/2364/2114
f 2301/2300/2059 2299/2298/2057 2366/2365/2115
f 2366/2365/2115 2299/2298/2057 2367/2366/2116
f 2299/2298/2057 2297/2296/2055 2367/2366/2116
f 2368/2367/2117 2365/2364/2114 2366/2365/2115
f 2362/2361/2111 2365/2364/2114 2368/2367/2117
f 2367/2366/2116 2368/2367/2117 2366/2365/2115
f 2369/2368/2111 2362/2361/2111 2368/2367/2117
f 2354/2353/2104 2362/2361/2111 2369/2368/2111
f 2369/2368/2111 2351/2350/2101 2354/2353/2104
f 2369/2368/2111 2368/2367/2117 2370/2369/2117
f 2370/2369/2117 2368/2367/2117 2367/2366/2116
f 2371/2370/2118 2370/2369/2117 2367/2366/2116
f 2369/2368/2111 2372/2371/2119 2351/2350/2101
f 2370/2369/2117 2372/2371/2119 2369/2368/2111
f 2351/2350/2101 2372/2371/2119 2373/2372/2120
f 2353/2352/2103 2351/2350/2101 2373/2372/2120
f 2370/2369/2117 2374/2373/2121 2372/2371/2119
f 2374/2373/2121 2370/2369/2117 2371/2370/2118
f 2372/2371/2119 2374/2373/2121 21/21/21
f 2373/2372/2120 2372/2371/2119 21/21/21
f 2375/2374/2122 2374/2373/2121 2371/2370/2118
f 21/21/21 2374/2373/2121 2375/2374/2122
f 23/22/22 21/21/21 2375/2374/2122
f 23/22/22 2375/2374/2122 22/23/23
f 2375/2374/2122 2293/2292/2052 22/23/23
f 2295/2294/2054 2293/2292/2052 2375/2374/2122
f 2371/2370/2118 2295/2294/2054 2375/2374/2122
f 2371/2370/2118 2376/2375/2123 2295/2294/2054
f 2295/2294/2054 2376/2375/2123 2297/2296/2055
f 2376/2375/2123 2377/2376/2124 2297/2296/2055
f 2297/2296/2055 2377/2376/2124 2367/2366/2116
f 2367/2366/2116 2378/2377/2125 2371/2370/2118
f 2377/2376/2124 2378/2377/2125 2367/2366/2116
f 2371/2370/2118 2379/2378/2126 2376/2375/2123
f 2377/2376/2124 2376/2375/2123 2379/2378/2126
f 2378/2377/2125 2377/2376/2124 2379/2378/2126
f 2378/2377/2125 2379/2378/2126 2371/2370/2118
f 28/29/23 2381/2379/2050 2380/2380/2127
f 28/29/23 2382/2381/2052 2381/2379/2050
f 2383/2382/2053 2381/2379/2050 2382/2381/2052
f 2383/2382/2053 2382/2381/2052 2384/2383/2128
f 2384/2383/2128 2385/2384/2053 2383/2382/2053
f 2384/2383/2128 2386/2385/2055 2385/2384/2053
f 2386/2385/2055 2387/2386/2129 2385/2384/2053
f 2386/2385/2055 2388/2387/2057 2387/2386/2129
f 2389/2388/2058 2387/2386/2129 2388/2387/2057
f 2389/2388/2058 2388/2387/2057 2390/2389/2130
f 2389/2388/2058 2390/2389/2130 31/32/31
f 2391/2390/2131 2389/2388/2058 31/32/31
f 2392/2391/2132 2389/2388/2058 2391/2390/2131
f 2392/2391/2132 2387/2386/2129 2389/2388/2058
f 2393/2392/2062 2392/2391/2132 2391/2390/2131
f 2394/2393/2133 2392/2391/2132 2393/2392/2062
f 2395/2394/2134 2394/2393/2133 2393/2392/2062
f 2396/2395/2135 2394/2393/2133 2395/2394/2134
f 2392/2391/2132 2397/2396/2066 2387/2386/2129
f 2385/2384/2053 2387/2386/2129 2397/2396/2066
f 2394/2393/2133 2397/2396/2066 2392/2391/2132
f 2383/2382/2053 2385/2384/2053 2398/2397/2067
f 2385/2384/2053 2397/2396/2066 2398/2397/2067
f 2396/2395/2135 2399/2398/2136 2394/2393/2133
f 2400/2399/2069 2399/2398/2136 2396/2395/2135
f 2394/2393/2133 2401/2400/2137 2397/2396/2066
f 2398/2397/2067 2397/2396/2066 2401/2400/2137
f 2383/2382/2053 2398/2397/2067 2402/2401/2067
f 2402/2401/2067 2381/2379/2050 2383/2382/2053
f 2399/2398/2136 2403/2402/2138 2394/2393/2133
f 2403/2402/2138 2401/2400/2137 2394/2393/2133
f 2398/2397/2067 2401/2400/2137 2404/2403/2139
f 2402/2401/2067 2398/2397/2067 2404/2403/2139
f 2402/2401/2067 2405/2404/2073 2381/2379/2050
f 2380/2380/2127 2381/2379/2050 2405/2404/2073
f 2380/2380/2127 2405/2404/2073 2406/2405/2074
f 2407/2406/2072 2405/2404/2073 2402/2401/2067
f 2402/2401/2067 2404/2403/2139 2407/2406/2072
f 2404/2403/2139 2401/2400/2137 2408/2407/2075
f 2401/2400/2137 2403/2402/2138 2408/2407/2075
f 2407/2406/2072 2409/2408/2076 2405/2404/2073
f 2406/2405/2074 2405/2404/2073 2409/2408/2076
f 2406/2405/2074 2409/2408/2076 2410/2409/2077
f 2407/2406/2072 2404/2403/2139 2411/2410/2075
f 2404/2403/2139 2408/2407/2075 2411/2410/2075
f 2412/2411/2078 2409/2408/2076 2407/2406/2072
f 2411/2410/2075 2412/2411/2078 2407/2406/2072
f 2409/2408/2076 2412/2411/2078 2413/2412/2079
f 2410/2409/2077 2409/2408/2076 2413/2412/2079
f 2408/2407/2075 2403/2402/2138 2414/2413/2080
f 2411/2410/2075 2408/2407/2075 2415/2414/2080
f 2408/2407/2075 2414/2413/2080 2415/2414/2080
f 2416/2415/2081 2412/2411/2078 2411/2410/2075
f 2415/2414/2080 2416/2415/2081 2411/2410/2075
f 2412/2411/2078 2416/2415/2081 2417/2416/2082
f 2413/2412/2079 2412/2411/2078 2417/2416/2082
f 2403/2402/2138 2418/2417/2083 2414/2413/2080
f 2418/2417/2083 2403/2402/2138 2399/2398/2136
f 2419/2418/2140 2418/2417/2083 2399/2398/2136
f 2400/2399/2069 2419/2418/2140 2399/2398/2136
f 2420/2419/2141 2419/2418/2140 2400/2399/2069
f 2421/2420/2142 2420/2419/2141 2400/2399/2069
f 2422/2421/2143 2418/2417/2083 2419/2418/2140
f 2420/2419/2141 2422/2421/2143 2419/2418/2140
f 2414/2413/2080 2418/2417/2083 2423/2422/564
f 2418/2417/2083 2422/2421/2143 2423/2422/564
f 2415/2414/2080 2414/2413/2080 2424/2423/564
f 2414/2413/2080 2423/2422/564 2424/2423/564
f 2425/2424/2088 2416/2415/2081 2415/2414/2080
f 2424/2423/564 2425/2424/2088 2415/2414/2080
f 2416/2415/2081 2425/2424/2088 2426/2425/2089
f 2417/2416/2082 2416/2415/2081 2426/2425/2089
f 2427/2426/2144 2420/2419/2141 2421/2420/2142
f 2428/2427/2145 2427/2426/2144 2421/2420/2142
f 2429/2428/2092 2422/2421/2143 2420/2419/2141
f 2427/2426/2144 2429/2428/2092 2420/2419/2141
f 2423/2422/564 2422/2421/2143 2430/2429/2093
f 2422/2421/2143 2429/2428/2092 2430/2429/2093
f 2424/2423/564 2423/2422/564 2431/2430/2093
f 2423/2422/564 2430/2429/2093 2431/2430/2093
f 2432/2431/2146 2425/2424/2088 2424/2423/564
f 2431/2430/2093 2432/2431/2146 2424/2423/564
f 2425/2424/2088 2432/2431/2146 2433/2432/2095
f 2426/2425/2089 2425/2424/2088 2433/2432/2095
f 2434/2433/2096 2427/2426/2144 2428/2427/2145
f 2435/2434/2097 2434/2433/2096 2428/2427/2145
f 2436/2435/2098 2429/2428/2092 2427/2426/2144
f 2434/2433/2096 2436/2435/2098 2427/2426/2144
f 2430/2429/2093 2429/2428/2092 2437/2436/2099
f 2429/2428/2092 2436/2435/2098 2437/2436/2099
f 2431/2430/2093 2430/2429/2093 2438/2437/2099
f 2430/2429/2093 2437/2436/2099 2438/2437/2099
f 2439/2438/2100 2432/2431/2146 2431/2430/2093
f 2438/2437/2099 2439/2438/2100 2431/2430/2093
f 2440/2439/2101 2439/2438/2100 2438/2437/2099
f 2433/2432/2095 2432/2431/2146 2439/2438/2100
f 2433/2432/2095 2439/2438/2100 2441/2440/2102
f 2441/2440/2102 2439/2438/2100 2440/2439/2101
f 2441/2440/2102 2440/2439/2101 2442/2441/2147
f 2438/2437/2099 2437/2436/2099 2443/2442/2104
f 2443/2442/2104 2440/2439/2101 2438/2437/2099
f 2437/2436/2099 2436/2435/2098 2444/2443/2104
f 2437/2436/2099 2444/2443/2104 2443/2442/2104
f 2436/2435/2098 2445/2444/2105 2444/2443/2104
f 2445/2444/2105 2436/2435/2098 2434/2433/2096
f 2446/2445/2148 2445/2444/2105 2434/2433/2096
f 2446/2445/2148 2434/2433/2096 2435/2434/2097
f 2447/2446/2149 2446/2445/2148 2435/2434/2097
f 2448/2447/2108 2446/2445/2148 2447/2446/2149
f 2448/2447/2108 2449/2448/2109 2446/2445/2148
f 2449/2448/2109 2445/2444/2105 2446/2445/2148
f 32/31/30 2449/2448/2109 2448/2447/2108
f 2444/2443/2104 2445/2444/2105 2450/2449/2110
f 2449/2448/2109 2450/2449/2110 2445/2444/2105
f 2443/2442/2104 2444/2443/2104 2451/2450/2111
f 2444/2443/2104 2450/2449/2110 2451/2450/2111
f 32/31/30 2452/2451/2112 2449/2448/2109
f 2452/2451/2112 2450/2449/2110 2449/2448/2109
f 2453/2452/2150 2452/2451/2112 32/31/30
f 30/30/29 2453/2452/2150 32/31/30
f 30/30/29 31/32/31 2453/2452/2150
f 31/32/31 2390/2389/2130 2453/2452/2150
f 2452/2451/2112 2454/2453/2151 2450/2449/2110
f 2453/2452/2150 2454/2453/2151 2452/2451/2112
f 2451/2450/2111 2450/2449/2110 2454/2453/2151
f 2453/2452/2150 2390/2389/2130 2455/2454/2115
f 2453/2452/2150 2455/2454/2115 2454/2453/2151
f 2390/2389/2130 2388/2387/2057 2455/2454/2115
f 2455/2454/2115 2388/2387/2057 2456/2455/2116
f 2388/2387/2057 2386/2385/2055 2456/2455/2116
f 2457/2456/2117 2454/2453/2151 2455/2454/2115
f 2451/2450/2111 2454/2453/2151 2457/2456/2117
f 2456/2455/2116 2457/2456/2117 2455/2454/2115
f 2458/2457/2111 2451/2450/2111 2457/2456/2117
f 2443/2442/2104 2451/2450/2111 2458/2457/2111
f 2458/2457/2111 2440/2439/2101 2443/2442/2104
f 2458/2457/2111 2457/2456/2117 2459/2458/2117
f 2459/2458/2117 2457/2456/2117 2456/2455/2116
f 2460/2459/2152 2459/2458/2117 2456/2455/2116
f 2458/2457/2111 2461/2460/2119 2440/2439/2101
f 2459/2458/2117 2461/2460/2119 2458/2457/2111
f 2440/2439/2101 2461/2460/2119 2462/2461/2120
f 2442/2441/2147 2440/2439/2101 2462/2461/2120
f 2459/2458/2117 2463/2462/2121 2461/2460/2119
f 2463/2462/2121 2459/2458/2117 2460/2459/2152
f 2461/2460/2119 2463/2462/2121 27/27/27
f 2462/2461/2120 2461/2460/2119 27/27/27
f 2464/2463/2122 2463/2462/2121 2460/2459/2152
f 27/27/27 2463/2462/2121 2464/2463/2122
f 29/28/28 27/27/27 2464/2463/2122
f 29/28/28 2464/2463/2122 28/29/23
f 2464/2463/2122 2382/2381/2052 28/29/23
f 2384/2383/2128 2382/2381/2052 2464/2463/2122
f 2460/2459/2152 2384/2383/2128 2464/2463/2122
f 2460/2459/2152 2465/2464/2123 2384/2383/2128
f 2384/2383/2128 2465/2464/2123 2386/2385/2055
f 2465/2464/2123 2466/2465/2124 2386/2385/2055
f 2386/2385/2055 2466/2465/2124 2456/2455/2116
f 2456/2455/2116 2467/2466/2153 2460/2459/2152
f 2466/2465/2124 2467/2466/2153 2456/2455/2116
f 2460/2459/2152 2468/2467/2154 2465/2464/2123
f 2466/2465/2124 2465/2464/2123 2468/2467/2154
f 2467/2466/2153 2468/2467/2154 2460/2459/2152
f 2467/2466/2153 2466/2465/2124 2468/2467/2154
f 33/33/32 639/639/561 35/34/33
f 300/300/261 639/639/561 33/33/32
f 300/300/261 637/637/561 639/639/561
f 637/637/561 300/300/261 2469/2468/2155
f 97/97/84 2469/2468/2155 300/300/261
f 2469/2468/2155 635/635/559 637/637/561
f 97/97/84 96/96/83 2469/2468/2155
f 2470/2469/2156 635/635/559 2469/2468/2155
f 96/96/83 2470/2469/2156 2469/2468/2155
f 2470/2469/2156 38/37/36 635/635/559
f 37/38/37 38/37/36 2470/2469/2156
f 96/96/83 37/38/37 2470/2469/2156
f 96/96/83 94/94/81 37/38/37
f 37/38/37 94/94/81 89/89/72
f 36/36/35 37/38/37 89/89/72
f 89/89/72 88/88/76 36/36/35
f 88/88/76 632/632/556 36/36/35
f 36/36/35 632/632/556 633/633/557
f 633/633/557 38/37/36 36/36/35
f 38/37/36 633/633/557 634/634/558
f 662/662/579 663/663/580 660/660/577
f 663/663/580 665/665/582 660/660/577
f 665/665/582 308/308/269 660/660/577
f 308/308/269 665/665/582 310/310/271
f 308/308/269 303/303/264 660/660/577
f 306/306/267 303/303/264 308/308/269
f 305/305/266 303/303/264 306/306/267
f 660/660/577 303/303/264 299/299/260
f 660/660/577 299/299/260 657/657/574
f 352/351/308 657/657/574 299/299/260
f 352/351/308 299/299/260 351/352/309
f 299/299/260 298/298/259 351/352/309
f 354/354/311 351/352/309 298/298/259
f 657/657/574 352/351/308 694/694/611
f 656/656/573 657/657/574 694/694/611
f 692/692/609 656/656/573 694/694/611
f 2324/2323/2079 2328/2327/2082 2471/2470/2157
f 2321/2320/2077 2324/2323/2079 2471/2470/2157
f 2328/2327/2082 2337/2336/2089 2471/2470/2157
f 2317/2316/2074 2321/2320/2077 2471/2470/2157
f 2337/2336/2089 2344/2343/2095 2471/2470/2157
f 2291/2291/2051 2317/2316/2074 2471/2470/2157
f 2344/2343/2095 2352/2351/2102 2471/2470/2157
f 22/23/23 2291/2291/2051 2471/2470/2157
f 2352/2351/2102 2353/2352/2103 2471/2470/2157
f 21/21/21 22/23/23 2471/2470/2157
f 2353/2352/2103 2373/2372/2120 2471/2470/2157
f 2373/2372/2120 21/21/21 2471/2470/2157
f 2307/2306/2065 2472/2471/2158 2311/2310/2069
f 2306/2305/2064 2472/2471/2158 2307/2306/2065
f 2311/2310/2069 2472/2471/2158 2332/2331/2086
f 2304/2303/2062 2472/2471/2158 2306/2305/2064
f 2332/2331/2086 2472/2471/2158 2339/2338/2091
f 2302/2301/2060 2472/2471/2158 2304/2303/2062
f 2339/2338/2091 2472/2471/2158 2346/2345/2097
f 25/26/26 2472/2471/2158 2302/2301/2060
f 2346/2345/2097 2472/2471/2158 2358/2357/2107
f 26/25/25 2472/2471/2158 25/26/26
f 2358/2357/2107 2472/2471/2158 2359/2358/2108
f 2359/2358/2108 2472/2471/2158 26/25/25
f 2413/2412/2079 2417/2416/2082 2473/2472/2157
f 2410/2409/2077 2413/2412/2079 2473/2472/2157
f 2417/2416/2082 2426/2425/2089 2473/2472/2157
f 2406/2405/2074 2410/2409/2077 2473/2472/2157
f 2426/2425/2089 2433/2432/2095 2473/2472/2157
f 2380/2380/2127 2406/2405/2074 2473/2472/2157
f 2433/2432/2095 2441/2440/2102 2473/2472/2157
f 28/29/23 2380/2380/2127 2473/2472/2157
f 2441/2440/2102 2442/2441/2147 2473/2472/2157
f 27/27/27 28/29/23 2473/2472/2157
f 2442/2441/2147 2462/2461/2120 2473/2472/2157
f 2462/2461/2120 27/27/27 2473/2472/2157
f 2396/2395/2135 2474/2473/2158 2400/2399/2069
f 2395/2394/2134 2474/2473/2158 2396/2395/2135
f 2400/2399/2069 2474/2473/2158 2421/2420/2142
f 2393/2392/2062 2474/2473/2158 2395/2394/2134
f 2421/2420/2142 2474/2473/2158 2428/2427/2145
f 2391/2390/2131 2474/2473/2158 2393/2392/2062
f 2428/2427/2145 2474/2473/2158 2435/2434/2097
f 31/32/31 2474/2473/2158 2391/2390/2131
f 2435/2434/2097 2474/2473/2158 2447/2446/2149
f 32/31/30 2474/2473/2158 31/32/31
f 2447/2446/2149 2474/2473/2158 2448/2447/2108
f 2448/2447/2108 2474/2473/2158 32/31/30
f 2475/2474/2159 2477/2475/2159 2476/2476/2160
f 2478/2477/2161 2480/2478/2162 2479/2479/2162
f 2481/2480/2163 2483/2481/2159 2482/2482/2159
f 2484/2483/2162 2486/2484/2162 2485/2485/2164
f 2487/2486/2165 2489/2487/2166 2488/2488/2167
f 2487/2486/2165 2488/2488/2167 2490/2489/2168
f 2491/2490/2169 2487/2486/2165 2490/2489/2168
f 2491/2490/2169 2490/2489/2168 2492/2491/2170
f 2491/2490/2169 2492/2491/2170 2493/2492/2171
f 2491/2490/2169 2493/2492/2171 2494/2493/2172
f 2494/2493/2172 2493/2492/2171 2495/2494/2173
f 2494/2493/2172 2495/2494/2173 2496/2495/2174
f 2497/2496/2175 2496/2495/2174 2495/2494/2173
f 2497/2496/2175 2495/2494/2173 2498/2497/2176
f 2499/2498/2177 2497/2496/2175 2498/2497/2176
f 2499/2498/2177 2500/2499/2178 2497/2496/2175
f 2501/2500/2179 2500/2499/2178 2499/2498/2177
f 2501/2500/2179 2502/2501/2180 2500/2499/2178
f 2503/2502/2181 2502/2501/2180 2501/2500/2179
f 2503/2502/2181 2501/2500/2179 2504/2503/2182
f 2505/2504/2183 2503/2502/2181 2504/2503/2182
f 2505/2504/2183 2476/2505/2184 2503/2502/2181
f 2506/2506/2185 2476/2505/2184 2505/2504/2183
f 2506/2506/2185 2475/2507/2185 2476/2505/2184
f 2507/2508/2186 2509/2509/2186 2508/2510/2186
f 2507/2508/2186 2477/2511/2186 2509/2509/2186
f 2510/2512/2187 2477/2511/2188 2507/2508/2188
f 2510/2512/2187 2476/2505/2189 2477/2511/2188
f 2476/2505/2189 2510/2512/2187 2511/2513/2190
f 2476/2505/2189 2511/2513/2190 2512/2514/2191
f 2503/2502/2192 2476/2505/2189 2512/2514/2191
f 2480/2515/2189 2512/2514/2191 2511/2513/2190
f 2480/2515/2189 2511/2513/2190 2513/2516/2187
f 2513/2516/2187 2479/2517/2193 2480/2515/2189
f 2513/2516/2187 2514/2518/2193 2479/2517/2193
f 2515/2519/2192 2512/2514/2191 2480/2515/2189
f 2503/2502/2192 2512/2514/2191 2516/2520/2194
f 2515/2519/2192 2516/2520/2194 2512/2514/2191
f 2502/2501/2195 2503/2502/2192 2516/2520/2194
f 2517/2521/2196 2516/2520/2194 2515/2519/2192
f 2502/2501/2195 2516/2520/2194 2518/2522/2197
f 2517/2521/2196 2518/2522/2197 2516/2520/2194
f 2502/2501/2195 2518/2522/2197 2519/2523/2198
f 2517/2521/2196 2519/2523/2198 2518/2522/2197
f 2502/2501/2195 2519/2523/2198 2500/2499/2198
f 2517/2521/2196 2520/2524/2198 2519/2523/2198
f 2500/2499/2198 2519/2523/2198 2521/2525/2199
f 2520/2524/2198 2521/2525/2199 2519/2523/2198
f 2500/2499/2198 2521/2525/2199 2497/2496/2200
f 2520/2524/2198 2522/2526/2201 2521/2525/2199
f 2521/2525/2199 2496/2495/2202 2497/2496/2200
f 2523/2527/2203 2521/2525/2199 2522/2526/2201
f 2521/2525/2199 2494/2493/2204 2496/2495/2202
f 2524/2528/2205 2521/2525/2199 2523/2527/2203
f 2521/2525/2199 2491/2490/2204 2494/2493/2204
f 2525/2529/2205 2521/2525/2199 2524/2528/2205
f 2521/2525/2199 2487/2486/2202 2491/2490/2204
f 2526/2530/2203 2521/2525/2199 2525/2529/2205
f 2487/2486/2202 2521/2525/2199 2489/2487/2206
f 2521/2525/2199 2526/2530/2203 2489/2487/2206
f 2508/2510/2207 2528/2531/2208 2527/2532/2208
f 2508/2510/2209 2509/2509/2210 2528/2531/2210
f 2506/2533/2211 2528/2534/2212 2509/2535/2213
f 2475/2474/2214 2506/2533/2211 2509/2535/2213
f 2475/2474/2214 2509/2535/2213 2477/2475/2215
f 2526/2530/2216 2488/2488/2217 2489/2487/2218
f 2526/2530/2216 2529/2536/2219 2488/2488/2217
f 2525/2529/2220 2529/2536/2219 2526/2530/2216
f 2525/2529/2220 2530/2537/2221 2529/2536/2219
f 2525/2529/2220 2531/2538/2222 2530/2537/2221
f 2525/2529/2220 2524/2528/2223 2531/2538/2222
f 2524/2528/2223 2532/2539/2224 2531/2538/2222
f 2524/2528/2223 2523/2527/2225 2532/2539/2224
f 2522/2526/2226 2532/2539/2224 2523/2527/2225
f 2522/2526/2226 2533/2540/2227 2532/2539/2224
f 2534/2541/2228 2533/2540/2227 2522/2526/2226
f 2534/2541/2228 2522/2526/2226 2520/2524/2229
f 2535/2542/2230 2534/2541/2228 2520/2524/2229
f 2535/2542/2230 2520/2524/2229 2517/2521/2230
f 2515/2519/2231 2535/2542/2230 2517/2521/2230
f 2515/2519/2231 2536/2543/2232 2535/2542/2230
f 2537/2544/2233 2536/2543/2232 2515/2519/2231
f 2537/2544/2233 2515/2519/2231 2480/2515/2234
f 2538/2545/2235 2537/2544/2233 2480/2515/2234
f 2538/2545/2235 2480/2515/2234 2478/2546/2236
f 2514/2518/2237 2539/2547/2237 2479/2517/2237
f 2514/2518/2237 2540/2548/2237 2539/2547/2237
f 2540/2548/2238 2541/2549/2239 2539/2547/2240
f 2540/2548/2238 2542/2550/2241 2541/2549/2239
f 2538/2551/2242 2539/2552/2243 2541/2553/2244
f 2478/2477/2245 2539/2552/2243 2538/2551/2242
f 2478/2477/2245 2479/2479/2246 2539/2552/2243
f 2543/2554/2247 2488/2555/2248 2544/2556/2248
f 2543/2554/2247 2490/2557/2249 2488/2555/2248
f 2545/2558/2250 2490/2557/2249 2543/2554/2247
f 2545/2558/2250 2492/2559/2251 2490/2557/2249
f 2545/2558/2250 2493/2560/2252 2492/2559/2251
f 2545/2558/2250 2546/2561/2253 2493/2560/2252
f 2546/2561/2253 2495/2562/2254 2493/2560/2252
f 2546/2561/2253 2547/2563/2255 2495/2562/2254
f 2548/2564/2256 2495/2562/2254 2547/2563/2255
f 2548/2564/2256 2498/2565/2257 2495/2562/2254
f 2499/2566/2258 2498/2565/2257 2548/2564/2256
f 2499/2566/2258 2548/2564/2256 2549/2567/2259
f 2501/2568/2260 2499/2566/2258 2549/2567/2259
f 2501/2568/2260 2549/2567/2259 2550/2569/2261
f 2551/2570/2262 2501/2568/2260 2550/2569/2261
f 2551/2570/2262 2504/2571/2263 2501/2568/2260
f 2505/2572/2264 2504/2571/2263 2551/2570/2262
f 2505/2572/2264 2551/2570/2262 2483/2573/2265
f 2506/2574/2266 2505/2572/2264 2483/2573/2265
f 2506/2574/2266 2483/2573/2265 2481/2575/2267
f 2552/2576/2268 2553/2577/2268 2482/2578/2268
f 2552/2576/2268 2554/2579/2268 2553/2577/2268
f 2555/2580/2269 2552/2576/2270 2482/2578/2271
f 2555/2580/2269 2482/2578/2271 2483/2573/2272
f 2483/2573/2272 2556/2581/2273 2555/2580/2269
f 2483/2573/2272 2557/2582/2274 2556/2581/2273
f 2551/2570/2275 2557/2582/2274 2483/2573/2272
f 2485/2583/2276 2556/2581/2273 2557/2582/2274
f 2485/2583/2276 2558/2584/2269 2556/2581/2273
f 2558/2584/2269 2485/2583/2276 2486/2585/2277
f 2558/2584/2269 2486/2585/2277 2559/2586/2277
f 2560/2587/2275 2485/2583/2276 2557/2582/2274
f 2551/2570/2275 2561/2588/2278 2557/2582/2274
f 2560/2587/2275 2557/2582/2274 2561/2588/2278
f 2550/2569/2279 2561/2588/2278 2551/2570/2275
f 2562/2589/2280 2560/2587/2275 2561/2588/2278
f 2550/2569/2279 2563/2590/2281 2561/2588/2278
f 2562/2589/2280 2561/2588/2278 2563/2590/2281
f 2550/2569/2279 2564/2591/2282 2563/2590/2281
f 2562/2589/2280 2563/2590/2281 2564/2591/2282
f 2550/2569/2279 2549/2567/2282 2564/2591/2282
f 2562/2589/2280 2564/2591/2282 2565/2592/2282
f 2549/2567/2282 2566/2593/2283 2564/2591/2282
f 2565/2592/2282 2564/2591/2282 2566/2593/2283
f 2549/2567/2282 2548/2564/2284 2566/2593/2283
f 2565/2592/2282 2566/2593/2283 2567/2594/2285
f 2547/2563/2286 2566/2593/2283 2548/2564/2284
f 2566/2593/2283 2568/2595/2287 2567/2594/2285
f 2546/2561/2288 2566/2593/2283 2547/2563/2286
f 2566/2593/2283 2569/2596/2289 2568/2595/2287
f 2545/2558/2286 2566/2593/2283 2546/2561/2288
f 2566/2593/2283 2570/2597/2289 2569/2596/2289
f 2543/2554/2286 2566/2593/2283 2545/2558/2286
f 2566/2593/2283 2571/2598/2287 2570/2597/2289
f 2566/2593/2283 2543/2554/2286 2544/2556/2290
f 2571/2598/2287 2566/2593/2283 2544/2556/2290
f 2554/2579/2291 2528/2599/2292 2553/2577/2292
f 2554/2579/2291 2527/2600/2292 2528/2599/2292
f 2506/2601/2211 2553/2602/2293 2528/2603/2212
f 2481/2480/2215 2553/2602/2293 2506/2601/2211
f 2481/2480/2215 2482/2482/2294 2553/2602/2293
f 2571/2598/2295 2544/2556/2296 2488/2555/2297
f 2571/2598/2295 2488/2555/2297 2529/2604/2298
f 2570/2597/2299 2571/2598/2295 2529/2604/2298
f 2570/2597/2299 2529/2604/2298 2530/2605/2300
f 2570/2597/2299 2530/2605/2300 2531/2606/2301
f 2570/2597/2299 2531/2606/2301 2569/2596/2302
f 2569/2596/2302 2531/2606/2301 2532/2607/2303
f 2569/2596/2302 2532/2607/2303 2568/2595/2304
f 2567/2594/2305 2568/2595/2304 2532/2607/2303
f 2567/2594/2305 2532/2607/2303 2533/2608/2306
f 2534/2609/2307 2567/2594/2305 2533/2608/2306
f 2534/2609/2307 2565/2592/2308 2567/2594/2305
f 2535/2610/2309 2565/2592/2308 2534/2609/2307
f 2535/2610/2309 2562/2589/2309 2565/2592/2308
f 2560/2587/2310 2562/2589/2309 2535/2610/2309
f 2560/2587/2310 2535/2610/2309 2536/2611/2311
f 2537/2612/2312 2560/2587/2310 2536/2611/2311
f 2537/2612/2312 2485/2583/2313 2560/2587/2310
f 2538/2613/2314 2485/2583/2313 2537/2612/2312
f 2538/2613/2314 2484/2614/2315 2485/2583/2313
f 2559/2586/2316 2573/2615/2316 2572/2616/2316
f 2559/2586/2316 2486/2585/2316 2573/2615/2316
f 2572/2616/2317 2541/2617/2317 2542/2618/2318
f 2572/2616/2319 2573/2615/2320 2541/2617/2319
f 2538/2619/2242 2541/2620/2244 2573/2621/2243
f 2484/2483/2321 2538/2619/2242 2573/2621/2243
f 2484/2483/2321 2573/2621/2243 2486/2484/2245
f 2574/2622/2322 2576/2623/2323 2575/2624/2322
f 2574/2622/2322 2577/2625/2324 2576/2623/2323
f 2576/2623/2323 2577/2625/2324 2578/2626/2325
f 2576/2623/2323 2578/2626/2325 2579/2627/2326
f 2579/2627/2326 2578/2626/2325 2580/2628/2327
f 2579/2627/2326 2580/2628/2327 2581/2629/2328
f 2581/2629/2328 2580/2628/2327 2582/2630/2329
f 2581/2629/2328 2582/2630/2329 2583/2631/2329
f 2583/2631/2329 2582/2630/2329 2584/2632/2330
f 2583/2631/2329 2584/2632/2330 2585/2633/2331
f 2585/2633/2331 2584/2632/2330 2586/2634/2332
f 2585/2633/2331 2586/2634/2332 2587/2635/2333
f 2587/2635/2333 2586/2634/2332 2588/2636/2334
f 2587/2635/2333 2588/2636/2334 2589/2637/2335
f 2589/2637/2335 2588/2636/2334 2590/2638/2336
f 2589/2637/2335 2590/2638/2336 2591/2639/2336
f 2591/2639/2336 2590/2638/2336 2592/2640/2337
f 2591/2639/2336 2592/2640/2337 2593/2641/2338
f 2593/2641/2338 2592/2640/2337 2594/2642/2339
f 2593/2641/2338 2594/2642/2339 2595/2643/2340
f 2595/2643/2340 2594/2642/2339 2596/2644/2341
f 2595/2643/2340 2596/2644/2341 2597/2645/2342
f 2597/2645/2342 2596/2644/2341 2598/2646/2343
f 2597/2645/2342 2598/2646/2343 2599/2647/2343
f 2599/2647/2343 2598/2646/2343 2600/2648/2344
f 2599/2647/2343 2600/2648/2344 2601/2649/2345
f 2601/2649/2345 2600/2648/2344 2602/2650/2346
f 2601/2649/2345 2602/2650/2346 2603/2651/2347
f 2603/2651/2347 2602/2650/2346 2604/2652/2348
f 2603/2651/2347 2604/2652/2348 2605/2653/2349
f 2605/2653/2349 2604/2652/2348 2574/2654/2322
f 2605/2653/2349 2574/2654/2322 2575/2655/2322
f 2606/2656/2350 2608/2657/2351 2607/2658/2352
f 2606/2656/2350 2609/2659/2353 2608/2657/2351
f 2608/2657/2351 2609/2659/2353 2610/2660/2354
f 2608/2657/2351 2610/2660/2354 2611/2661/2355
f 2611/2661/2355 2610/2660/2354 2612/2662/2356
f 2611/2661/2355 2612/2662/2356 2613/2663/2357
f 2613/2663/2357 2612/2662/2356 2614/2664/2358
f 2613/2663/2357 2614/2664/2358 2615/2665/2359
f 2615/2665/2359 2614/2664/2358 2616/2666/2360
f 2615/2665/2359 2616/2666/2360 2617/2667/2361
f 2617/2667/2361 2616/2666/2360 2618/2668/2362
f 2617/2667/2361 2618/2668/2362 2619/2669/2363
f 2619/2669/2363 2618/2668/2362 2620/2670/2364
f 2619/2669/2363 2620/2670/2364 2621/2671/2365
f 2621/2671/2365 2620/2670/2364 2622/2672/2366
f 2621/2671/2365 2622/2672/2366 2623/2673/2366
f 2623/2673/2366 2622/2672/2366 2624/2674/2367
f 2623/2673/2366 2624/2674/2367 2625/2675/2368
f 2625/2675/2368 2624/2674/2367 2626/2676/2369
f 2625/2675/2368 2626/2676/2369 2627/2677/2370
f 2627/2677/2370 2626/2676/2369 2628/2678/2371
f 2627/2677/2370 2628/2678/2371 2629/2679/2372
f 2629/2679/2372 2628/2678/2371 2630/2680/2373
f 2629/2679/2372 2630/2680/2373 2631/2681/2373
f 2631/2681/2373 2630/2680/2373 2632/2682/2374
f 2631/2681/2373 2632/2682/2374 2633/2683/2375
f 2633/2683/2375 2632/2682/2374 2634/2684/2376
f 2633/2683/2375 2634/2684/2376 2635/2685/2377
f 2635/2685/2377 2634/2684/2376 2636/2686/2378
f 2635/2685/2377 2636/2686/2378 2637/2687/2379
f 2637/2687/2379 2636/2686/2378 2606/2688/2350
f 2637/2687/2379 2606/2688/2350 2607/2689/2352
f 2638/2690/2380 2639/2691/2381 2607/2658/2382
f 2638/2690/2380 2607/2658/2382 2608/2657/2383
f 2640/2692/2384 2638/2690/2380 2608/2657/2383
f 2640/2692/2384 2608/2657/2383 2611/2661/2385
f 2641/2693/2386 2640/2692/2384 2611/2661/2385
f 2641/2693/2386 2611/2661/2385 2613/2663/2387
f 2642/2694/2388 2641/2693/2386 2613/2663/2387
f 2642/2694/2388 2613/2663/2387 2615/2665/2389
f 2643/2695/2390 2642/2694/2388 2615/2665/2389
f 2643/2695/2390 2615/2665/2389 2617/2667/2391
f 2644/2696/2392 2643/2695/2390 2617/2667/2391
f 2644/2696/2392 2617/2667/2391 2619/2669/2393
f 2645/2697/2394 2644/2696/2392 2619/2669/2393
f 2645/2697/2394 2619/2669/2393 2621/2671/2395
f 2646/2698/2396 2645/2697/2394 2621/2671/2395
f 2646/2698/2396 2621/2671/2395 2623/2673/2397
f 2647/2699/2398 2646/2698/2396 2623/2673/2397
f 2647/2699/2398 2623/2673/2397 2625/2675/2399
f 2648/2700/2400 2647/2699/2398 2625/2675/2399
f 2648/2700/2400 2625/2675/2399 2627/2677/2401
f 2649/2701/2402 2648/2700/2400 2627/2677/2401
f 2649/2701/2402 2627/2677/2401 2629/2679/2403
f 2650/2702/2404 2649/2701/2402 2629/2679/2403
f 2650/2702/2404 2629/2679/2403 2631/2681/2405
f 2651/2703/2406 2650/2702/2404 2631/2681/2405
f 2651/2703/2406 2631/2681/2405 2633/2683/2407
f 2652/2704/2408 2651/2703/2406 2633/2683/2407
f 2652/2704/2408 2633/2683/2407 2635/2685/2409
f 2653/2705/2410 2652/2704/2408 2635/2685/2409
f 2653/2705/2410 2635/2685/2409 2637/2687/2411
f 2639/2706/2381 2653/2705/2410 2637/2687/2411
f 2639/2706/2381 2637/2687/2411 2607/2689/2382
f 2605/2653/2412 2575/2655/2413 2606/2688/2414
f 2605/2653/2412 2606/2688/2414 2636/2686/2415
f 2603/2651/2416 2605/2653/2412 2636/2686/2415
f 2603/2651/2416 2636/2686/2415 2634/2684/2417
f 2601/2649/2418 2603/2651/2416 2634/2684/2417
f 2601/2649/2418 2634/2684/2417 2632/2682/2419
f 2599/2647/2420 2601/2649/2418 2632/2682/2419
f 2599/2647/2420 2632/2682/2419 2630/2680/2421
f 2597/2645/2422 2599/2647/2420 2630/2680/2421
f 2597/2645/2422 2630/2680/2421 2628/2678/2423
f 2595/2643/2424 2597/2645/2422 2628/2678/2423
f 2595/2643/2424 2628/2678/2423 2626/2676/2425
f 2593/2641/2426 2595/2643/2424 2626/2676/2425
f 2593/2641/2426 2626/2676/2425 2624/2674/2427
f 2591/2639/2428 2593/2641/2426 2624/2674/2427
f 2591/2639/2428 2624/2674/2427 2622/2672/2429
f 2589/2637/2430 2591/2639/2428 2622/2672/2429
f 2589/2637/2430 2622/2672/2429 2620/2670/2431
f 2587/2635/2432 2589/2637/2430 2620/2670/2431
f 2587/2635/2432 2620/2670/2431 2618/2668/2433
f 2585/2633/2434 2587/2635/2432 2618/2668/2433
f 2585/2633/2434 2618/2668/2433 2616/2666/2435
f 2583/2631/2436 2585/2633/2434 2616/2666/2435
f 2583/2631/2436 2616/2666/2435 2614/2664/2437
f 2581/2629/2438 2583/2631/2436 2614/2664/2437
f 2581/2629/2438 2614/2664/2437 2612/2662/2439
f 2579/2627/2440 2581/2629/2438 2612/2662/2439
f 2579/2627/2440 2612/2662/2439 2610/2660/2441
f 2576/2623/2442 2579/2627/2440 2610/2660/2441
f 2576/2623/2442 2610/2660/2441 2609/2659/2443
f 2609/2659/2443 2575/2624/2413 2576/2623/2442
f 2609/2659/2443 2606/2656/2414 2575/2624/2413
f 2640/2707/2444 2641/2708/2445 2654/2709/2446
f 2638/2710/2447 2640/2707/2444 2654/2709/2446
f 2641/2708/2445 2642/2711/2448 2654/2709/2446
f 2639/2712/2449 2638/2710/2447 2654/2709/2446
f 2642/2711/2448 2643/2713/2450 2654/2709/2446
f 2653/2714/2451 2639/2712/2449 2654/2709/2446
f 2643/2713/2450 2644/2715/2452 2654/2709/2446
f 2652/2716/2453 2653/2714/2451 2654/2709/2446
f 2644/2715/2452 2645/2717/2454 2654/2709/2446
f 2651/2718/2455 2652/2716/2453 2654/2709/2446
f 2645/2717/2454 2646/2719/2456 2654/2709/2446
f 2650/2720/2457 2651/2718/2455 2654/2709/2446
f 2646/2719/2456 2647/2721/2458 2654/2709/2446
f 2649/2722/2459 2650/2720/2457 2654/2709/2446
f 2647/2721/2458 2648/2723/2460 2654/2709/2446
f 2648/2723/2460 2649/2722/2459 2654/2709/2446
f 2655/2622/2461 2657/2623/2462 2656/2624/2461
f 2655/2622/2461 2658/2625/2463 2657/2623/2462
f 2657/2623/2462 2658/2625/2463 2659/2626/2464
f 2657/2623/2462 2659/2626/2464 2660/2627/2465
f 2660/2627/2465 2659/2626/2464 2661/2628/2466
f 2660/2627/2465 2661/2628/2466 2662/2629/2467
f 2662/2629/2467 2661/2628/2466 2663/2630/2468
f 2662/2629/2467 2663/2630/2468 2664/2631/2468
f 2664/2631/2468 2663/2630/2468 2665/2632/2469
f 2664/2631/2468 2665/2632/2469 2666/2633/2470
f 2666/2633/2470 2665/2632/2469 2667/2634/2471
f 2666/2633/2470 2667/2634/2471 2668/2635/2472
f 2668/2635/2472 2667/2634/2471 2669/2636/2473
f 2668/2635/2472 2669/2636/2473 2670/2637/2474
f 2670/2637/2474 2669/2636/2473 2671/2638/2475
f 2670/2637/2474 2671/2638/2475 2672/2639/2475
f 2672/2639/2475 2671/2638/2475 2673/2640/2476
f 2672/2639/2475 2673/2640/2476 2674/2641/2477
f 2674/2641/2477 2673/2640/2476 2675/2642/2478
f 2674/2641/2477 2675/2642/2478 2676/2643/2479
f 2676/2643/2479 2675/2642/2478 2677/2644/2480
f 2676/2643/2479 2677/2644/2480 2678/2645/2481
f 2678/2645/2481 2677/2644/2480 2679/2646/2482
f 2678/2645/2481 2679/2646/2482 2680/2647/2482
f 2680/2647/2482 2679/2646/2482 2681/2648/2483
f 2680/2647/2482 2681/2648/2483 2682/2649/2484
f 2682/2649/2484 2681/2648/2483 2683/2650/2485
f 2682/2649/2484 2683/2650/2485 2684/2651/2486
f 2684/2651/2486 2683/2650/2485 2685/2652/2487
f 2684/2651/2486 2685/2652/2487 2686/2653/2488
f 2686/2653/2488 2685/2652/2487 2655/2654/2461
f 2686/2653/2488 2655/2654/2461 2656/2655/2461
f 2687/2656/2489 2689/2657/2490 2688/2658/2491
f 2687/2656/2489 2690/2659/2492 2689/2657/2490
f 2689/2657/2490 2690/2659/2492 2691/2660/2493
f 2689/2657/2490 2691/2660/2493 2692/2661/2494
f 2692/2661/2494 2691/2660/2493 2693/2662/2495
f 2692/2661/2494 2693/2662/2495 2694/2663/2496
f 2694/2663/2496 2693/2662/2495 2695/2664/2497
f 2694/2663/2496 2695/2664/2497 2696/2665/2497
f 2696/2665/2497 2695/2664/2497 2697/2666/2498
f 2696/2665/2497 2697/2666/2498 2698/2667/2499
f 2698/2667/2499 2697/2666/2498 2699/2668/2500
f 2698/2667/2499 2699/2668/2500 2700/2669/2501
f 2700/2669/2501 2699/2668/2500 2701/2670/2502
f 2700/2669/2501 2701/2670/2502 2702/2671/2503
f 2702/2671/2503 2701/2670/2502 2703/2672/2504
f 2702/2671/2503 2703/2672/2504 2704/2673/2504
f 2704/2673/2504 2703/2672/2504 2705/2674/2505
f 2704/2673/2504 2705/2674/2505 2706/2675/2506
f 2706/2675/2506 2705/2674/2505 2707/2676/2507
f 2706/2675/2506 2707/2676/2507 2708/2677/2508
f 2708/2677/2508 2707/2676/2507 2709/2678/2509
f 2708/2677/2508 2709/2678/2509 2710/2679/2510
f 2710/2679/2510 2709/2678/2509 2711/2680/2511
f 2710/2679/2510 2711/2680/2511 2712/2681/2511
f 2712/2681/2511 2711/2680/2511 2713/2682/2512
f 2712/2681/2511 2713/2682/2512 2714/2683/2513
f 2714/2683/2513 2713/2682/2512 2715/2684/2514
f 2714/2683/2513 2715/2684/2514 2716/2685/2515
f 2716/2685/2515 2715/2684/2514 2717/2686/2516
f 2716/2685/2515 2717/2686/2516 2718/2687/2517
f 2718/2687/2517 2717/2686/2516 2687/2688/2489
f 2718/2687/2517 2687/2688/2489 2688/2689/2491
f 2719/2690/2518 2720/2691/2519 2688/2658/2520
f 2719/2690/2518 2688/2658/2520 2689/2657/2521
f 2721/2692/2522 2719/2690/2518 2689/2657/2521
f 2721/2692/2522 2689/2657/2521 2692/2661/2523
f 2722/2693/2524 2721/2692/2522 2692/2661/2523
f 2722/2693/2524 2692/2661/2523 2694/2663/2525
f 2723/2694/2526 2722/2693/2524 2694/2663/2525
f 2723/2694/2526 2694/2663/2525 2696/2665/2527
f 2724/2695/2528 2723/2694/2526 2696/2665/2527
f 2724/2695/2528 2696/2665/2527 2698/2667/2529
f 2725/2696/2530 2724/2695/2528 2698/2667/2529
f 2725/2696/2530 2698/2667/2529 2700/2669/2531
f 2726/2697/2532 2725/2696/2530 2700/2669/2531
f 2726/2697/2532 2700/2669/2531 2702/2671/2533
f 2727/2698/2534 2726/2697/2532 2702/2671/2533
f 2727/2698/2534 2702/2671/2533 2704/2673/2535
f 2728/2699/2536 2727/2698/2534 2704/2673/2535
f 2728/2699/2536 2704/2673/2535 2706/2675/2537
f 2729/2700/2538 2728/2699/2536 2706/2675/2537
f 2729/2700/2538 2706/2675/2537 2708/2677/2539
f 2730/2701/2540 2729/2700/2538 2708/2677/2539
f 2730/2701/2540 2708/2677/2539 2710/2679/2541
f 2731/2702/2542 2730/2701/2540 2710/2679/2541
f 2731/2702/2542 2710/2679/2541 2712/2681/2543
f 2732/2703/2544 2731/2702/2542 2712/2681/2543
f 2732/2703/2544 2712/2681/2543 2714/2683/2545
f 2733/2704/2546 2732/2703/2544 2714/2683/2545
f 2733/2704/2546 2714/2683/2545 2716/2685/2547
f 2734/2705/2548 2733/2704/2546 2716/2685/2547
f 2734/2705/2548 2716/2685/2547 2718/2687/2549
f 2720/2706/2519 2734/2705/2548 2718/2687/2549
f 2720/2706/2519 2718/2687/2549 2688/2689/2520
f 2686/2653/2550 2656/2655/2551 2687/2688/2552
f 2686/2653/2550 2687/2688/2552 2717/2686/2553
f 2684/2651/2554 2686/2653/2550 2717/2686/2553
f 2684/2651/2554 2717/2686/2553 2715/2684/2555
f 2682/2649/2556 2684/2651/2554 2715/2684/2555
f 2682/2649/2556 2715/2684/2555 2713/2682/2557
f 2680/2647/2558 2682/2649/2556 2713/2682/2557
f 2680/2647/2558 2713/2682/2557 2711/2680/2559
f 2678/2645/2560 2680/2647/2558 2711/2680/2559
f 2678/2645/2560 2711/2680/2559 2709/2678/2561
f 2676/2643/2562 2678/2645/2560 2709/2678/2561
f 2676/2643/2562 2709/2678/2561 2707/2676/2563
f 2674/2641/2564 2676/2643/2562 2707/2676/2563
f 2674/2641/2564 2707/2676/2563 2705/2674/2565
f 2672/2639/2566 2674/2641/2564 2705/2674/2565
f 2672/2639/2566 2705/2674/2565 2703/2672/2567
f 2670/2637/2568 2672/2639/2566 2703/2672/2567
f 2670/2637/2568 2703/2672/2567 2701/2670/2569
f 2668/2635/2570 2670/2637/2568 2701/2670/2569
f 2668/2635/2570 2701/2670/2569 2699/2668/2571
f 2666/2633/2572 2668/2635/2570 2699/2668/2571
f 2666/2633/2572 2699/2668/2571 2697/2666/2573
f 2664/2631/2574 2666/2633/2572 2697/2666/2573
f 2664/2631/2574 2697/2666/2573 2695/2664/2575
f 2662/2629/2576 2664/2631/2574 2695/2664/2575
f 2662/2629/2576 2695/2664/2575 2693/2662/2577
f 2660/2627/2578 2662/2629/2576 2693/2662/2577
f 2660/2627/2578 2693/2662/2577 2691/2660/2579
f 2657/2623/2580 2660/2627/2578 2691/2660/2579
f 2657/2623/2580 2691/2660/2579 2690/2659/2581
f 2690/2659/2581 2656/2624/2551 2657/2623/2580
f 2690/2659/2581 2687/2656/2552 2656/2624/2551
f 2721/2707/2582 2722/2708/2583 2735/2709/2584
f 2719/2710/2585 2721/2707/2582 2735/2709/2584
f 2722/2708/2583 2723/2711/2586 2735/2709/2584
f 2720/2712/2587 2719/2710/2585 2735/2709/2584
f 2723/2711/2586 2724/2713/2588 2735/2709/2584
f 2734/2714/2589 2720/2712/2587 2735/2709/2584
f 2724/2713/2588 2725/2715/2590 2735/2709/2584
f 2733/2716/2591 2734/2714/2589 2735/2709/2584
f 2725/2715/2590 2726/2717/2592 2735/2709/2584
f 2732/2718/2593 2733/2716/2591 2735/2709/2584
f 2726/2717/2592 2727/2719/2594 2735/2709/2584
f 2731/2720/2595 2732/2718/2593 2735/2709/2584
f 2727/2719/2594 2728/2721/2596 2735/2709/2584
f 2730/2722/2597 2731/2720/2595 2735/2709/2584
f 2728/2721/2596 2729/2723/2598 2735/2709/2584
f 2729/2723/2598 2730/2722/2597 2735/2709/2584
f 2736/2724/2599 2738/2725/2600 2737/2726/2601
f 2736/2724/2599 2739/2727/2602 2738/2725/2600
f 2739/2727/2602 2740/2728/2603 2738/2725/2600
f 2739/2727/2602 2741/2729/2604 2740/2728/2603
f 2741/2729/2604 2742/2730/2605 2740/2728/2603
f 2741/2729/2604 2743/2731/2606 2742/2730/2605
f 2743/2731/2606 2744/2732/2607 2742/2730/2605
f 2743/2731/2606 2745/2733/2608 2744/2732/2607
f 2745/2733/2608 2746/2734/2609 2744/2732/2607
f 2745/2733/2608 2747/2735/2610 2746/2734/2609
f 2747/2735/2610 2748/2736/2611 2746/2734/2609
f 2747/2735/2610 2749/2737/2612 2748/2736/2611
f 2749/2737/2612 2750/2738/2613 2748/2736/2611
f 2749/2737/2612 2751/2739/2614 2750/2738/2613
f 2751/2739/2614 2752/2740/2615 2750/2738/2613
f 2751/2739/2614 2753/2741/2616 2752/2740/2615
f 2753/2741/2616 2754/2742/2617 2752/2740/2615
f 2753/2741/2616 2755/2743/2618 2754/2742/2617
f 2755/2743/2618 2756/2744/2619 2754/2742/2617
f 2755/2743/2618 2757/2745/2620 2756/2744/2619
f 2757/2745/2620 2758/2746/2621 2756/2744/2619
f 2757/2745/2620 2759/2747/2622 2758/2746/2621
f 2759/2747/2622 2760/2748/2623 2758/2746/2621
f 2759/2747/2622 2761/2749/2624 2760/2748/2623
f 2761/2749/2624 2762/2750/2625 2760/2748/2623
f 2761/2749/2624 2763/2751/2626 2762/2750/2625
f 2763/2751/2626 2764/2752/2627 2762/2750/2625
f 2763/2751/2626 2765/2753/2628 2764/2752/2627
f 2765/2753/2628 2766/2754/2629 2764/2752/2627
f 2765/2753/2628 2767/2755/2630 2766/2754/2629
f 2767/2755/2630 2737/2756/2601 2766/2754/2629
f 2767/2755/2630 2736/2757/2599 2737/2756/2601
f 2768/2474/2159 2770/2475/2159 2769/2476/2160
f 2771/2477/2161 2773/2478/2162 2772/2479/2162
f 2774/2480/2163 2776/2481/2159 2775/2482/2159
f 2777/2483/2162 2779/2484/2162 2778/2485/2164
f 2780/2486/2165 2782/2487/2166 2781/2488/2167
f 2780/2486/2165 2781/2488/2167 2783/2489/2168
f 2784/2490/2169 2780/2486/2165 2783/2489/2168
f 2784/2490/2169 2783/2489/2168 2785/2491/2170
f 2784/2490/2169 2785/2491/2170 2786/2492/2171
f 2784/2490/2169 2786/2492/2171 2787/2493/2172
f 2787/2493/2172 2786/2492/2171 2788/2494/2173
f 2787/2493/2172 2788/2494/2173 2789/2495/2174
f 2790/2496/2175 2789/2495/2174 2788/2494/2173
f 2790/2496/2175 2788/2494/2173 2791/2497/2176
f 2792/2498/2177 2790/2496/2175 2791/2497/2176
f 2792/2498/2177 2793/2499/2178 2790/2496/2175
f 2794/2500/2179 2793/2499/2178 2792/2498/2177
f 2794/2500/2179 2795/2501/2180 2793/2499/2178
f 2796/2502/2181 2795/2501/2180 2794/2500/2179
f 2796/2502/2181 2794/2500/2179 2797/2503/2182
f 2798/2504/2183 2796/2502/2181 2797/2503/2182
f 2798/2504/2183 2769/2505/2184 2796/2502/2181
f 2799/2506/2185 2769/2505/2184 2798/2504/2183
f 2799/2506/2185 2768/2507/2631 2769/2505/2184
f 2800/2508/2186 2802/2509/2186 2801/2510/2186
f 2800/2508/2186 2770/2511/2186 2802/2509/2186
f 2803/2512/2187 2770/2511/2632 2800/2508/2188
f 2803/2512/2187 2769/2505/2633 2770/2511/2632
f 2769/2505/2633 2803/2512/2187 2804/2513/2190
f 2769/2505/2633 2804/2513/2190 2805/2514/2634
f 2796/2502/2192 2769/2505/2633 2805/2514/2634
f 2773/2515/2189 2805/2514/2634 2804/2513/2190
f 2773/2515/2189 2804/2513/2190 2806/2516/2187
f 2806/2516/2187 2772/2517/2193 2773/2515/2189
f 2806/2516/2187 2807/2518/2193 2772/2517/2193
f 2808/2519/2192 2805/2514/2634 2773/2515/2189
f 2796/2502/2192 2805/2514/2634 2809/2520/2194
f 2808/2519/2192 2809/2520/2194 2805/2514/2634
f 2795/2501/2195 2796/2502/2192 2809/2520/2194
f 2810/2521/2196 2809/2520/2194 2808/2519/2192
f 2795/2501/2195 2809/2520/2194 2811/2522/2197
f 2810/2521/2196 2811/2522/2197 2809/2520/2194
f 2795/2501/2195 2811/2522/2197 2812/2523/2198
f 2810/2521/2196 2812/2523/2198 2811/2522/2197
f 2795/2501/2195 2812/2523/2198 2793/2499/2198
f 2810/2521/2196 2813/2524/2198 2812/2523/2198
f 2793/2499/2198 2812/2523/2198 2814/2525/2199
f 2813/2524/2198 2814/2525/2199 2812/2523/2198
f 2793/2499/2198 2814/2525/2199 2790/2496/2200
f 2813/2524/2198 2815/2526/2201 2814/2525/2199
f 2814/2525/2199 2789/2495/2202 2790/2496/2200
f 2816/2527/2203 2814/2525/2199 2815/2526/2201
f 2814/2525/2199 2787/2493/2204 2789/2495/2202
f 2817/2528/2205 2814/2525/2199 2816/2527/2203
f 2814/2525/2199 2784/2490/2204 2787/2493/2204
f 2818/2529/2205 2814/2525/2199 2817/2528/2205
f 2814/2525/2199 2780/2486/2202 2784/2490/2204
f 2819/2530/2203 2814/2525/2199 2818/2529/2205
f 2780/2486/2202 2814/2525/2199 2782/2487/2206
f 2814/2525/2199 2819/2530/2203 2782/2487/2206
f 2801/2510/2635 2821/2531/2636 2820/2532/2637
f 2801/2510/2209 2802/2509/2210 2821/2531/2210
f 2799/2533/2213 2821/2534/2293 2802/2535/2638
f 2768/2474/2214 2799/2533/2213 2802/2535/2638
f 2768/2474/2214 2802/2535/2638 2770/2475/2215
f 2819/2530/2216 2781/2488/2217 2782/2487/2218
f 2819/2530/2216 2822/2536/2219 2781/2488/2217
f 2818/2529/2220 2822/2536/2219 2819/2530/2216
f 2818/2529/2220 2823/2537/2221 2822/2536/2219
f 2818/2529/2220 2824/2538/2222 2823/2537/2221
f 2818/2529/2220 2817/2528/2223 2824/2538/2222
f 2817/2528/2223 2825/2539/2224 2824/2538/2222
f 2817/2528/2223 2816/2527/2225 2825/2539/2224
f 2815/2526/2639 2825/2539/2224 2816/2527/2225
f 2815/2526/2639 2826/2540/2227 2825/2539/2224
f 2827/2541/2228 2826/2540/2227 2815/2526/2639
f 2827/2541/2228 2815/2526/2639 2813/2524/2229
f 2828/2542/2230 2827/2541/2228 2813/2524/2229
f 2828/2542/2230 2813/2524/2229 2810/2521/2230
f 2808/2519/2231 2828/2542/2230 2810/2521/2230
f 2808/2519/2231 2829/2543/2232 2828/2542/2230
f 2830/2544/2233 2829/2543/2232 2808/2519/2231
f 2830/2544/2233 2808/2519/2231 2773/2515/2234
f 2831/2545/2235 2830/2544/2233 2773/2515/2234
f 2831/2545/2235 2773/2515/2234 2771/2546/2640
f 2807/2518/2237 2832/2547/2237 2772/2517/2237
f 2807/2518/2237 2833/2548/2237 2832/2547/2237
f 2833/2548/2641 2834/2549/2642 2832/2547/2643
f 2833/2548/2641 2835/2550/2644 2834/2549/2642
f 2831/2551/2242 2832/2552/2645 2834/2553/2244
f 2771/2477/2245 2832/2552/2645 2831/2551/2242
f 2771/2477/2245 2772/2479/2246 2832/2552/2645
f 2836/2554/2247 2781/2555/2248 2837/2556/2248
f 2836/2554/2247 2783/2557/2249 2781/2555/2248
f 2838/2558/2250 2783/2557/2249 2836/2554/2247
f 2838/2558/2250 2785/2559/2251 2783/2557/2249
f 2838/2558/2250 2786/2560/2252 2785/2559/2251
f 2838/2558/2250 2839/2561/2253 2786/2560/2252
f 2839/2561/2253 2788/2562/2254 2786/2560/2252
f 2839/2561/2253 2840/2563/2255 2788/2562/2254
f 2841/2564/2256 2788/2562/2254 2840/2563/2255
f 2841/2564/2256 2791/2565/2257 2788/2562/2254
f 2792/2566/2258 2791/2565/2257 2841/2564/2256
f 2792/2566/2258 2841/2564/2256 2842/2567/2259
f 2794/2568/2260 2792/2566/2258 2842/2567/2259
f 2794/2568/2260 2842/2567/2259 2843/2569/2261
f 2844/2570/2262 2794/2568/2260 2843/2569/2261
f 2844/2570/2262 2797/2571/2263 2794/2568/2260
f 2798/2572/2264 2797/2571/2263 2844/2570/2262
f 2798/2572/2264 2844/2570/2262 2776/2573/2265
f 2799/2574/2646 2798/2572/2264 2776/2573/2265
f 2799/2574/2646 2776/2573/2265 2774/2575/2647
f 2845/2576/2648 2846/2577/2268 2775/2578/2268
f 2845/2576/2648 2847/2579/2648 2846/2577/2268
f 2848/2580/2269 2845/2576/2649 2775/2578/2271
f 2848/2580/2269 2775/2578/2271 2776/2573/2650
f 2776/2573/2650 2849/2581/2273 2848/2580/2269
f 2776/2573/2650 2850/2582/2651 2849/2581/2273
f 2844/2570/2275 2850/2582/2651 2776/2573/2650
f 2778/2583/2652 2849/2581/2273 2850/2582/2651
f 2778/2583/2652 2851/2584/2269 2849/2581/2273
f 2851/2584/2269 2778/2583/2652 2779/2585/2277
f 2851/2584/2269 2779/2585/2277 2852/2586/2653
f 2853/2587/2275 2778/2583/2652 2850/2582/2651
f 2844/2570/2275 2854/2588/2278 2850/2582/2651
f 2853/2587/2275 2850/2582/2651 2854/2588/2278
f 2843/2569/2279 2854/2588/2278 2844/2570/2275
f 2855/2589/2280 2853/2587/2275 2854/2588/2278
f 2843/2569/2279 2856/2590/2281 2854/2588/2278
f 2855/2589/2280 2854/2588/2278 2856/2590/2281
f 2843/2569/2279 2857/2591/2282 2856/2590/2281
f 2855/2589/2280 2856/2590/2281 2857/2591/2282
f 2843/2569/2279 2842/2567/2282 2857/2591/2282
f 2855/2589/2280 2857/2591/2282 2858/2592/2282
f 2842/2567/2282 2859/2593/2283 2857/2591/2282
f 2858/2592/2282 2857/2591/2282 2859/2593/2283
f 2842/2567/2282 2841/2564/2284 2859/2593/2283
f 2858/2592/2282 2859/2593/2283 2860/2594/2285
f 2840/2563/2286 2859/2593/2283 2841/2564/2284
f 2859/2593/2283 2861/2595/2287 2860/2594/2285
f 2839/2561/2288 2859/2593/2283 2840/2563/2286
f 2859/2593/2283 2862/2596/2289 2861/2595/2287
f 2838/2558/2286 2859/2593/2283 2839/2561/2288
f 2859/2593/2283 2863/2597/2289 2862/2596/2289
f 2836/2554/2286 2859/2593/2283 2838/2558/2286
f 2859/2593/2283 2864/2598/2287 2863/2597/2289
f 2859/2593/2283 2836/2554/2286 2837/2556/2290
f 2864/2598/2287 2859/2593/2283 2837/2556/2290
f 2847/2579/2654 2821/2599/2655 2846/2577/2655
f 2847/2579/2654 2820/2600/2656 2821/2599/2655
f 2799/2601/2213 2846/2602/2657 2821/2603/2293
f 2774/2480/2215 2846/2602/2657 2799/2601/2213
f 2774/2480/2215 2775/2482/2294 2846/2602/2657
f 2864/2598/2295 2837/2556/2296 2781/2555/2297
f 2864/2598/2295 2781/2555/2297 2822/2604/2298
f 2863/2597/2299 2864/2598/2295 2822/2604/2298
f 2863/2597/2299 2822/2604/2298 2823/2605/2300
f 2863/2597/2299 2823/2605/2300 2824/2606/2301
f 2863/2597/2299 2824/2606/2301 2862/2596/2302
f 2862/2596/2302 2824/2606/2301 2825/2607/2303
f 2862/2596/2302 2825/2607/2303 2861/2595/2658
f 2860/2594/2659 2861/2595/2658 2825/2607/2303
f 2860/2594/2659 2825/2607/2303 2826/2608/2306
f 2827/2609/2307 2860/2594/2659 2826/2608/2306
f 2827/2609/2307 2858/2592/2308 2860/2594/2659
f 2828/2610/2309 2858/2592/2308 2827/2609/2307
f 2828/2610/2309 2855/2589/2309 2858/2592/2308
f 2853/2587/2310 2855/2589/2309 2828/2610/2309
f 2853/2587/2310 2828/2610/2309 2829/2611/2311
f 2830/2612/2312 2853/2587/2310 2829/2611/2311
f 2830/2612/2312 2778/2583/2313 2853/2587/2310
f 2831/2613/2314 2778/2583/2313 2830/2612/2312
f 2831/2613/2314 2777/2614/2660 2778/2583/2313
f 2852/2586/2661 2866/2615/2662 2865/2616/2662
f 2852/2586/2316 2779/2585/2316 2866/2615/2316
f 2865/2616/2317 2834/2617/2317 2835/2618/2318
f 2865/2616/2319 2866/2615/2320 2834/2617/2319
f 2831/2619/2242 2834/2620/2244 2866/2621/2645
f 2777/2483/2663 2831/2619/2242 2866/2621/2645
f 2777/2483/2663 2866/2621/2645 2779/2484/2664
f 2867/2474/2162 2869/2475/2162 2868/2476/2164
f 2870/2477/2665 2872/2478/2666 2871/2479/2666
f 2873/2480/2667 2875/2481/2162 2874/2482/2668
f 2876/2483/2669 2878/2484/2669 2877/2485/2670
f 2879/2486/2295 2881/2487/2296 2880/2488/2297
f 2879/2486/2295 2880/2488/2297 2882/2489/2298
f 2883/2490/2671 2879/2486/2295 2882/2489/2298
f 2883/2490/2671 2882/2489/2298 2884/2491/2300
f 2883/2490/2671 2884/2491/2300 2885/2492/2672
f 2883/2490/2671 2885/2492/2672 2886/2493/2673
f 2886/2493/2673 2885/2492/2672 2887/2494/2303
f 2886/2493/2673 2887/2494/2303 2888/2495/2658
f 2889/2496/2305 2888/2495/2658 2887/2494/2303
f 2889/2496/2305 2887/2494/2303 2890/2497/2306
f 2891/2498/2307 2889/2496/2305 2890/2497/2306
f 2891/2498/2307 2892/2499/2674 2889/2496/2305
f 2893/2500/2675 2892/2499/2674 2891/2498/2307
f 2893/2500/2675 2894/2501/2309 2892/2499/2674
f 2895/2502/2310 2894/2501/2309 2893/2500/2675
f 2895/2502/2310 2893/2500/2675 2896/2503/2311
f 2897/2504/2676 2895/2502/2310 2896/2503/2311
f 2897/2504/2676 2868/2505/2677 2895/2502/2310
f 2898/2506/2314 2868/2505/2677 2897/2504/2676
f 2898/2506/2314 2867/2507/2678 2868/2505/2677
f 2899/2508/2679 2901/2509/2679 2900/2510/2679
f 2899/2508/2316 2869/2511/2316 2901/2509/2316
f 2902/2512/2269 2869/2511/2277 2899/2508/2277
f 2902/2512/2269 2868/2505/2680 2869/2511/2277
f 2868/2505/2680 2902/2512/2269 2903/2513/2273
f 2868/2505/2680 2903/2513/2273 2904/2514/2681
f 2895/2502/2275 2868/2505/2680 2904/2514/2681
f 2872/2515/2682 2904/2514/2681 2903/2513/2273
f 2872/2515/2682 2903/2513/2273 2905/2516/2269
f 2905/2516/2269 2871/2517/2683 2872/2515/2682
f 2905/2516/2269 2906/2518/2271 2871/2517/2683
f 2907/2519/2275 2904/2514/2681 2872/2515/2682
f 2895/2502/2275 2904/2514/2681 2908/2520/2278
f 2907/2519/2275 2908/2520/2278 2904/2514/2681
f 2894/2501/2280 2895/2502/2275 2908/2520/2278
f 2909/2521/2279 2908/2520/2278 2907/2519/2275
f 2894/2501/2280 2908/2520/2278 2910/2522/2281
f 2909/2521/2279 2910/2522/2281 2908/2520/2278
f 2894/2501/2280 2910/2522/2281 2911/2523/2282
f 2909/2521/2279 2911/2523/2282 2910/2522/2281
f 2894/2501/2280 2911/2523/2282 2892/2499/2282
f 2909/2521/2279 2912/2524/2282 2911/2523/2282
f 2892/2499/2282 2911/2523/2282 2913/2525/2283
f 2912/2524/2282 2913/2525/2283 2911/2523/2282
f 2892/2499/2282 2913/2525/2283 2889/2496/2285
f 2912/2524/2282 2914/2526/2284 2913/2525/2283
f 2913/2525/2283 2888/2495/2287 2889/2496/2285
f 2915/2527/2286 2913/2525/2283 2914/2526/2284
f 2913/2525/2283 2886/2493/2289 2888/2495/2287
f 2916/2528/2288 2913/2525/2283 2915/2527/2286
f 2913/2525/2283 2883/2490/2289 2886/2493/2289
f 2917/2529/2288 2913/2525/2283 2916/2528/2288
f 2913/2525/2283 2879/2486/2287 2883/2490/2289
f 2918/2530/2286 2913/2525/2283 2917/2529/2288
f 2879/2486/2287 2913/2525/2283 2881/2487/2290
f 2913/2525/2283 2918/2530/2286 2881/2487/2290
f 2900/2510/2684 2920/2531/2317 2919/2532/2317
f 2900/2510/2319 2901/2509/2320 2920/2531/2319
f 2898/2533/2685 2920/2534/2244 2901/2535/2242
f 2867/2474/2321 2898/2533/2685 2901/2535/2242
f 2867/2474/2321 2901/2535/2242 2869/2475/2245
f 2918/2530/2247 2880/2488/2686 2881/2487/2248
f 2918/2530/2247 2921/2536/2249 2880/2488/2686
f 2917/2529/2250 2921/2536/2249 2918/2530/2247
f 2917/2529/2250 2922/2537/2251 2921/2536/2249
f 2917/2529/2250 2923/2538/2252 2922/2537/2251
f 2917/2529/2250 2916/2528/2253 2923/2538/2252
f 2916/2528/2253 2924/2539/2254 2923/2538/2252
f 2916/2528/2253 2915/2527/2255 2924/2539/2254
f 2914/2526/2687 2924/2539/2254 2915/2527/2255
f 2914/2526/2687 2925/2540/2257 2924/2539/2254
f 2926/2541/2258 2925/2540/2257 2914/2526/2687
f 2926/2541/2258 2914/2526/2687 2912/2524/2688
f 2927/2542/2261 2926/2541/2258 2912/2524/2688
f 2927/2542/2261 2912/2524/2688 2909/2521/2261
f 2907/2519/2262 2927/2542/2261 2909/2521/2261
f 2907/2519/2262 2928/2543/2263 2927/2542/2261
f 2929/2544/2264 2928/2543/2263 2907/2519/2262
f 2929/2544/2264 2907/2519/2262 2872/2515/2265
f 2930/2545/2267 2929/2544/2264 2872/2515/2265
f 2930/2545/2267 2872/2515/2265 2870/2546/2689
f 2906/2518/2690 2931/2547/2268 2871/2517/2268
f 2906/2518/2690 2932/2548/2690 2931/2547/2268
f 2932/2548/2655 2933/2549/2691 2931/2547/2692
f 2932/2548/2655 2934/2550/2693 2933/2549/2691
f 2930/2551/2211 2931/2552/2694 2933/2553/2212
f 2870/2477/2215 2931/2552/2694 2930/2551/2211
f 2870/2477/2215 2871/2479/2294 2931/2552/2694
f 2935/2554/2216 2880/2555/2218 2936/2556/2218
f 2935/2554/2216 2882/2557/2219 2880/2555/2218
f 2937/2558/2220 2882/2557/2219 2935/2554/2216
f 2937/2558/2220 2884/2559/2221 2882/2557/2219
f 2937/2558/2220 2885/2560/2222 2884/2559/2221
f 2937/2558/2220 2938/2561/2223 2885/2560/2222
f 2938/2561/2223 2887/2562/2224 2885/2560/2222
f 2938/2561/2223 2939/2563/2225 2887/2562/2224
f 2940/2564/2226 2887/2562/2224 2939/2563/2225
f 2940/2564/2226 2890/2565/2227 2887/2562/2224
f 2891/2566/2228 2890/2565/2227 2940/2564/2226
f 2891/2566/2228 2940/2564/2226 2941/2567/2695
f 2893/2568/2696 2891/2566/2228 2941/2567/2695
f 2893/2568/2696 2941/2567/2695 2942/2569/2230
f 2943/2570/2231 2893/2568/2696 2942/2569/2230
f 2943/2570/2231 2896/2571/2232 2893/2568/2696
f 2897/2572/2233 2896/2571/2232 2943/2570/2231
f 2897/2572/2233 2943/2570/2231 2875/2573/2234
f 2898/2574/2236 2897/2572/2233 2875/2573/2234
f 2898/2574/2236 2875/2573/2234 2873/2575/2236
f 2944/2576/2697 2945/2577/2237 2874/2578/2237
f 2944/2576/2697 2946/2579/2697 2945/2577/2237
f 2947/2580/2187 2944/2576/2698 2874/2578/2193
f 2947/2580/2187 2874/2578/2193 2875/2573/2699
f 2875/2573/2699 2948/2581/2190 2947/2580/2187
f 2875/2573/2699 2949/2582/2700 2948/2581/2190
f 2943/2570/2192 2949/2582/2700 2875/2573/2699
f 2877/2583/2701 2948/2581/2190 2949/2582/2700
f 2877/2583/2701 2950/2584/2187 2948/2581/2190
f 2950/2584/2187 2877/2583/2701 2878/2585/2702
f 2950/2584/2187 2878/2585/2702 2951/2586/2702
f 2952/2587/2192 2877/2583/2701 2949/2582/2700
f 2943/2570/2192 2953/2588/2194 2949/2582/2700
f 2952/2587/2192 2949/2582/2700 2953/2588/2194
f 2942/2569/2196 2953/2588/2194 2943/2570/2192
f 2954/2589/2195 2952/2587/2192 2953/2588/2194
f 2942/2569/2196 2955/2590/2197 2953/2588/2194
f 2954/2589/2195 2953/2588/2194 2955/2590/2197
f 2942/2569/2196 2956/2591/2198 2955/2590/2197
f 2954/2589/2195 2955/2590/2197 2956/2591/2198
f 2942/2569/2196 2941/2567/2198 2956/2591/2198
f 2954/2589/2195 2956/2591/2198 2957/2592/2198
f 2941/2567/2198 2958/2593/2199 2956/2591/2198
f 2957/2592/2198 2956/2591/2198 2958/2593/2199
f 2941/2567/2198 2940/2564/2201 2958/2593/2199
f 2957/2592/2198 2958/2593/2199 2959/2594/2200
f 2939/2563/2203 2958/2593/2199 2940/2564/2201
f 2958/2593/2199 2960/2595/2202 2959/2594/2200
f 2938/2561/2205 2958/2593/2199 2939/2563/2203
f 2958/2593/2199 2961/2596/2204 2960/2595/2202
f 2937/2558/2203 2958/2593/2199 2938/2561/2205
f 2958/2593/2199 2962/2597/2204 2961/2596/2204
f 2935/2554/2203 2958/2593/2199 2937/2558/2203
f 2958/2593/2199 2963/2598/2202 2962/2597/2204
f 2958/2593/2199 2935/2554/2203 2936/2556/2206
f 2963/2598/2202 2958/2593/2199 2936/2556/2206
f 2946/2579/2703 2920/2599/2704 2945/2577/2238
f 2946/2579/2703 2919/2600/2705 2920/2599/2704
f 2898/2601/2685 2945/2602/2244 2920/2603/2244
f 2873/2480/2245 2945/2602/2244 2898/2601/2685
f 2873/2480/2245 2874/2482/2246 2945/2602/2244
f 2963/2598/2165 2936/2556/2166 2880/2555/2167
f 2963/2598/2165 2880/2555/2167 2921/2604/2168
f 2962/2597/2706 2963/2598/2165 2921/2604/2168
f 2962/2597/2706 2921/2604/2168 2922/2605/2170
f 2962/2597/2706 2922/2605/2170 2923/2606/2707
f 2962/2597/2706 2923/2606/2707 2961/2596/2708
f 2961/2596/2708 2923/2606/2707 2924/2607/2173
f 2961/2596/2708 2924/2607/2173 2960/2595/2174
f 2959/2594/2709 2960/2595/2174 2924/2607/2173
f 2959/2594/2709 2924/2607/2173 2925/2608/2176
f 2926/2609/2177 2959/2594/2709 2925/2608/2176
f 2926/2609/2177 2957/2592/2710 2959/2594/2709
f 2927/2610/2180 2957/2592/2710 2926/2609/2177
f 2927/2610/2180 2954/2589/2180 2957/2592/2710
f 2952/2587/2181 2954/2589/2180 2927/2610/2180
f 2952/2587/2181 2927/2610/2180 2928/2611/2182
f 2929/2612/2711 2952/2587/2181 2928/2611/2182
f 2929/2612/2711 2877/2583/2184 2952/2587/2181
f 2930/2613/2185 2877/2583/2184 2929/2612/2711
f 2930/2613/2185 2876/2614/2712 2877/2583/2184
f 2951/2586/2713 2965/2615/2713 2964/2616/2713
f 2951/2586/2186 2878/2585/2186 2965/2615/2186
f 2964/2616/2636 2933/2617/2714 2934/2618/2715
f 2964/2616/2716 2965/2615/2717 2933/2617/2716
f 2930/2619/2211 2933/2620/2212 2965/2621/2694
f 2876/2483/2214 2930/2619/2211 2965/2621/2694
f 2876/2483/2214 2965/2621/2694 2878/2484/2215
f 2966/2758/2718 2968/2759/2718 2967/2760/2718
f 2969/2761/2719 2970/2762/2719 2968/2759/2719
f 2966/2758/2720 2969/2761/2720 2968/2759/2720
f 2971/2763/2721 2973/2764/2721 2972/2765/2198
f 2974/2766/2721 2973/2764/2721 2971/2763/2721
f 2973/2764/2721 2974/2766/2721 2975/2767/2721
f 2976/2768/2722 2975/2767/2721 2974/2766/2721
f 2976/2768/2722 2974/2766/2721 2977/2769/2722
f 2974/2766/2721 2978/2770/2722 2977/2769/2722
f 2974/2766/2721 2979/2771/2723 2978/2770/2722
f 2971/2763/2721 2979/2771/2723 2974/2766/2721
f 2979/2771/2723 2971/2763/2721 2980/2772/2721
f 2980/2772/2721 2971/2763/2721 2981/2773/2198
f 2978/2770/2724 2983/2774/2724 2982/2775/2724
f 2978/2770/2724 2979/2771/2724 2983/2774/2724
f 2979/2771/2725 2984/2776/2725 2983/2774/2726
f 2979/2771/2725 2980/2772/2725 2984/2776/2725
f 2985/2777/2727 2973/2764/2727 2986/2778/2727
f 2985/2777/2727 2972/2765/2727 2973/2764/2727
f 2981/2773/2728 2984/2776/2728 2980/2772/2728
f 2981/2773/2728 2987/2779/2728 2984/2776/2728
f 2988/2780/2729 2973/2764/2729 2975/2767/2729
f 2988/2780/2729 2986/2778/2729 2973/2764/2729
f 2989/2781/2730 2975/2767/2730 2976/2768/2731
f 2989/2781/2730 2988/2780/2731 2975/2767/2730
f 2990/2782/2732 2992/2783/2732 2991/2784/2732
f 2990/2782/2732 2993/2785/2732 2992/2783/2732
f 2994/2786/2733 2996/2787/2734 2995/2788/2734
f 2994/2786/2733 2997/2789/2734 2996/2787/2734
f 2995/2788/2735 2998/2790/2736 2994/2786/2735
f 2995/2788/2735 2999/2791/2736 2998/2790/2736
f 2993/2785/2737 2998/2790/2736 2999/2791/2736
f 2993/2785/2737 2999/2791/2736 2992/2783/2737
f 2990/2782/2738 2976/2768/2739 2993/2785/2740
f 2990/2782/2738 2989/2781/2738 2976/2768/2739
f 2994/2786/2741 2982/2775/2741 2997/2789/2741
f 2994/2786/2741 2978/2770/2741 2982/2775/2741
f 2998/2790/2742 2978/2770/2743 2994/2786/2744
f 2998/2790/2742 2977/2769/2742 2978/2770/2743
f 2993/2785/2745 2977/2769/2742 2998/2790/2742
f 2993/2785/2745 2976/2768/2745 2977/2769/2742
f 3000/2792/2746 3002/2793/2746 3001/2794/2746
f 3000/2792/2746 3003/2795/2746 3002/2793/2746
f 3001/2794/2747 3005/2796/2747 3004/2797/2747
f 3001/2794/2747 3002/2793/2747 3005/2796/2747
f 3006/2798/2748 3003/2795/2748 3007/2799/2749
f 3006/2798/2748 3002/2793/2748 3003/2795/2748
f 3008/2800/2750 3002/2793/2750 3006/2798/2750
f 3008/2800/2750 3005/2796/2750 3002/2793/2750
f 3009/2801/2751 3005/2796/2751 3008/2800/2751
f 3009/2801/2751 3010/2802/2751 3005/2796/2751
f 3009/2801/2198 3012/2803/2198 3011/2804/2198
f 3008/2800/2198 3012/2803/2198 3009/2801/2198
f 3006/2798/2198 3012/2803/2198 3008/2800/2198
f 3007/2799/2198 3012/2803/2198 3006/2798/2198
f 3012/2803/2198 3007/2799/2198 3013/2805/2198
f 3013/2805/2198 3014/2806/2198 3012/2803/2198
f 3014/2806/2198 3013/2805/2198 3015/2807/2198
f 3012/2803/2198 3014/2806/2198 3016/2808/2198
f 3012/2803/2198 3016/2808/2198 3017/2809/2198
f 3012/2803/2198 3017/2809/2198 3018/2810/2198
f 3009/2801/2752 3019/2811/2752 3010/2802/2753
f 3009/2801/2752 3011/2804/2752 3019/2811/2752
f 3005/2796/2754 3020/2812/2754 3004/2813/2754
f 3005/2796/2754 3010/2802/2754 3020/2812/2754
f 3010/2802/2755 3021/2814/2755 3020/2812/2755
f 3010/2802/2755 3019/2811/2755 3021/2814/2755
f 3019/2811/2756 3022/2815/2756 3021/2816/2756
f 3019/2811/2756 3023/2817/2756 3022/2815/2756
f 3024/2818/2756 3022/2815/2756 3023/2817/2756
f 3024/2818/2756 3025/2819/2756 3022/2815/2756
f 3011/2804/2757 3023/2817/2758 3019/2811/2757
f 3011/2804/2757 3012/2803/2759 3023/2817/2758
f 3018/2810/2760 3023/2817/2758 3012/2803/2759
f 3018/2810/2760 3024/2818/2761 3023/2817/2758
f 3026/2820/2762 3007/2799/2762 3003/2795/2762
f 3026/2820/2762 3013/2805/2762 3007/2799/2762
f 3026/2820/2762 3015/2807/2762 3013/2805/2762
f 3026/2820/2762 3027/2821/2762 3015/2807/2762
f 3028/2822/2763 3003/2795/2763 3000/2823/2763
f 3028/2822/2763 3026/2820/2763 3003/2795/2763
f 3028/2822/2763 3027/2821/2763 3026/2820/2763
f 3028/2822/2763 3029/2824/2763 3027/2821/2763
f 3029/2825/2764 3030/2826/2764 3027/2821/2764
f 3029/2825/2764 3031/2827/2764 3030/2826/2764
f 3031/2827/2765 3032/2828/2765 3030/2826/2765
f 3031/2827/2765 3033/2829/2765 3032/2828/2765
f 3014/2806/2766 3027/2821/2766 3030/2826/2766
f 3014/2806/2766 3015/2807/2766 3027/2821/2766
f 3016/2808/2767 3030/2826/2767 3032/2828/2767
f 3016/2808/2767 3014/2806/2767 3030/2826/2767
f 3017/2809/2768 3032/2828/2768 3034/2830/2768
f 3017/2809/2768 3016/2808/2768 3032/2828/2768
f 3017/2809/2769 3024/2818/2769 3018/2810/2770
f 3017/2809/2769 3034/2830/2769 3024/2818/2769
f 3032/2828/2771 3035/2831/2771 3034/2830/2771
f 3032/2828/2771 3033/2832/2771 3035/2831/2771
f 3034/2830/2772 3025/2833/2772 3024/2818/2772
f 3034/2830/2772 3035/2831/2772 3025/2833/2772
f 3036/2834/2773 3038/2835/2774 3037/2836/2775
f 3036/2834/2773 3039/2837/2776 3038/2835/2774
f 3039/2837/2776 3040/2838/2777 3038/2835/2774
f 3039/2837/2776 3041/2839/2778 3040/2838/2777
f 3041/2839/2778 3042/2840/2779 3040/2838/2777
f 3041/2839/2778 3043/2841/2780 3042/2840/2779
f 3043/2841/2780 3044/2842/2781 3042/2840/2779
f 3043/2841/2780 3045/2843/2782 3044/2842/2781
f 3045/2843/2782 3046/2844/2783 3044/2842/2781
f 3045/2843/2782 3047/2845/2784 3046/2844/2783
f 3047/2845/2784 3048/2846/2785 3046/2844/2783
f 3047/2845/2784 3049/2847/2786 3048/2846/2785
f 3049/2847/2786 3050/2848/2787 3048/2846/2785
f 3049/2847/2786 3051/2849/2788 3050/2848/2787
f 3051/2849/2788 3052/2850/2789 3050/2848/2787
f 3051/2849/2788 3053/2851/2789 3052/2850/2789
f 3053/2851/2789 3054/2852/2790 3052/2850/2789
f 3053/2851/2789 3055/2853/2791 3054/2852/2790
f 3055/2853/2791 3056/2854/2792 3054/2852/2790
f 3055/2853/2791 3057/2855/2793 3056/2854/2792
f 3057/2855/2793 3058/2856/2794 3056/2854/2792
f 3057/2855/2793 3059/2857/2795 3058/2856/2794
f 3059/2857/2795 3060/2858/2796 3058/2856/2794
f 3059/2857/2795 3061/2859/2797 3060/2858/2796
f 3061/2859/2797 3062/2860/2798 3060/2858/2796
f 3061/2859/2797 3063/2861/2799 3062/2860/2798
f 3063/2861/2799 3064/2862/2800 3062/2860/2798
f 3063/2861/2799 3065/2863/2801 3064/2862/2800
f 3065/2863/2801 3066/2864/2802 3064/2862/2800
f 3065/2863/2801 3067/2865/2803 3066/2864/2802
f 3067/2865/2803 3037/2866/2775 3066/2864/2802
f 3067/2865/2803 3036/2867/2773 3037/2866/2775
f 3068/2868/2804 3066/2864/2805 3037/2866/2806
f 3068/2868/2804 3069/2869/2807 3066/2864/2805
f 3069/2869/2807 3064/2862/2808 3066/2864/2805
f 3069/2869/2807 3070/2870/2809 3064/2862/2808
f 3070/2870/2809 3062/2860/2810 3064/2862/2808
f 3070/2870/2809 3071/2871/2811 3062/2860/2810
f 3071/2871/2811 3060/2858/2812 3062/2860/2810
f 3071/2871/2811 3072/2872/2812 3060/2858/2812
f 3072/2872/2812 3058/2856/2813 3060/2858/2812
f 3072/2872/2812 3073/2873/2814 3058/2856/2813
f 3073/2873/2814 3056/2854/2815 3058/2856/2813
f 3073/2873/2814 3074/2874/2816 3056/2854/2815
f 3074/2874/2816 3054/2852/2817 3056/2854/2815
f 3074/2874/2816 3075/2875/2818 3054/2852/2817
f 3075/2875/2818 3052/2850/2819 3054/2852/2817
f 3075/2875/2818 3076/2876/2820 3052/2850/2819
f 3076/2876/2820 3050/2848/2821 3052/2850/2819
f 3076/2876/2820 3077/2877/2822 3050/2848/2821
f 3077/2877/2822 3048/2846/2823 3050/2848/2821
f 3077/2877/2822 3078/2878/2824 3048/2846/2823
f 3078/2878/2824 3046/2844/2825 3048/2846/2823
f 3078/2878/2824 3079/2879/2826 3046/2844/2825
f 3079/2879/2826 3044/2842/2827 3046/2844/2825
f 3079/2879/2826 3080/2880/2827 3044/2842/2827
f 3080/2880/2827 3042/2840/2828 3044/2842/2827
f 3080/2880/2827 3081/2881/2829 3042/2840/2828
f 3081/2881/2829 3040/2838/2830 3042/2840/2828
f 3081/2881/2829 3082/2882/2831 3040/2838/2830
f 3082/2882/2831 3038/2835/2832 3040/2838/2830
f 3082/2882/2831 3083/2883/2833 3038/2835/2832
f 3083/2883/2833 3037/2836/2806 3038/2835/2832
f 3083/2883/2833 3068/2884/2804 3037/2836/2806
f 3068/2884/2834 3085/2885/2835 3084/2886/2834
f 3068/2884/2834 3083/2883/2836 3085/2885/2835
f 3083/2883/2836 3086/2887/2837 3085/2885/2835
f 3083/2883/2836 3082/2882/2838 3086/2887/2837
f 3082/2882/2838 3087/2888/2839 3086/2887/2837
f 3082/2882/2838 3081/2881/2840 3087/2888/2839
f 3081/2881/2840 3088/2889/2841 3087/2888/2839
f 3081/2881/2840 3080/2880/2842 3088/2889/2841
f 3080/2880/2842 3089/2890/2843 3088/2889/2841
f 3080/2880/2842 3079/2879/2844 3089/2890/2843
f 3079/2879/2844 3090/2891/2845 3089/2890/2843
f 3079/2879/2844 3078/2878/2846 3090/2891/2845
f 3078/2878/2846 3091/2892/2847 3090/2891/2845
f 3078/2878/2846 3077/2877/2848 3091/2892/2847
f 3077/2877/2848 3092/2893/2849 3091/2892/2847
f 3077/2877/2848 3076/2876/2850 3092/2893/2849
f 3076/2876/2850 3093/2894/2851 3092/2893/2849
f 3076/2876/2850 3075/2875/2852 3093/2894/2851
f 3075/2875/2852 3094/2895/2853 3093/2894/2851
f 3075/2875/2852 3074/2874/2854 3094/2895/2853
f 3074/2874/2854 3095/2896/2855 3094/2895/2853
f 3074/2874/2854 3073/2873/2856 3095/2896/2855
f 3073/2873/2856 3096/2897/2857 3095/2896/2855
f 3073/2873/2856 3072/2872/2858 3096/2897/2857
f 3072/2872/2858 3097/2898/2859 3096/2897/2857
f 3072/2872/2858 3071/2871/2860 3097/2898/2859
f 3071/2871/2860 3098/2899/2861 3097/2898/2859
f 3071/2871/2860 3070/2870/2862 3098/2899/2861
f 3070/2870/2862 3099/2900/2863 3098/2899/2861
f 3070/2870/2862 3069/2869/2864 3099/2900/2863
f 3069/2869/2864 3084/2901/2834 3099/2900/2863
f 3069/2869/2864 3068/2868/2834 3084/2901/2834
f 3036/2834/2865 3101/2902/2866 3100/2903/2867
f 3036/2834/2865 3100/2903/2867 3039/2837/2868
f 3041/2839/2869 3039/2837/2868 3100/2903/2867
f 3041/2839/2869 3100/2903/2867 3102/2904/2870
f 3041/2839/2869 3102/2904/2870 3103/2905/2871
f 3041/2839/2869 3103/2905/2871 3043/2841/2872
f 3043/2841/2872 3103/2905/2871 3104/2906/2873
f 3043/2841/2872 3104/2906/2873 3045/2843/2873
f 3047/2845/2874 3045/2843/2873 3104/2906/2873
f 3047/2845/2874 3104/2906/2873 3105/2907/2875
f 3049/2847/2876 3047/2845/2874 3105/2907/2875
f 3049/2847/2876 3105/2907/2875 3106/2908/2877
f 3049/2847/2876 3106/2908/2877 3107/2909/2878
f 3049/2847/2876 3107/2909/2878 3051/2849/2879
f 3053/2851/2880 3051/2849/2879 3107/2909/2878
f 3053/2851/2880 3107/2909/2878 3108/2910/2881
f 3053/2851/2880 3108/2910/2881 3109/2911/2882
f 3053/2851/2880 3109/2911/2882 3055/2853/2883
f 3057/2855/2884 3055/2853/2883 3109/2911/2882
f 3057/2855/2884 3109/2911/2882 3110/2912/2885
f 3057/2855/2884 3110/2912/2885 3111/2913/2886
f 3057/2855/2884 3111/2913/2886 3059/2857/2887
f 3061/2859/2888 3059/2857/2887 3111/2913/2886
f 3061/2859/2888 3111/2913/2886 3112/2914/2889
f 3061/2859/2888 3112/2914/2889 3113/2915/2890
f 3061/2859/2888 3113/2915/2890 3063/2861/2891
f 3065/2863/2892 3063/2861/2891 3113/2915/2890
f 3065/2863/2892 3113/2915/2890 3114/2916/2893
f 3065/2863/2892 3114/2916/2893 3115/2917/2894
f 3065/2863/2892 3115/2917/2894 3067/2865/2895
f 3036/2867/2865 3067/2865/2895 3115/2917/2894
f 3036/2867/2865 3115/2917/2894 3101/2918/2866
f 3116/2919/2896 3118/2920/2897 3117/2921/2898
f 3116/2919/2896 3119/2922/2899 3118/2920/2897
f 3119/2922/2899 3120/2923/2900 3118/2920/2897
f 3119/2922/2899 3121/2924/2901 3120/2923/2900
f 3121/2924/2901 3122/2925/2902 3120/2923/2900
f 3121/2924/2901 3123/2926/2903 3122/2925/2902
f 3124/2927/2904 3122/2925/2902 3123/2926/2903
f 3124/2927/2904 3123/2926/2903 3125/2928/2905
f 3126/2929/2906 3124/2927/2904 3125/2928/2905
f 3126/2929/2906 3125/2928/2905 3127/2930/2907
f 3128/2931/2908 3126/2929/2906 3127/2930/2907
f 3128/2931/2908 3127/2930/2907 3129/2932/2909
f 3130/2933/2910 3128/2931/2908 3129/2932/2909
f 3130/2933/2910 3129/2932/2909 3131/2934/2911
f 3131/2934/2911 3132/2935/2912 3130/2933/2910
f 3131/2934/2911 3133/2936/2913 3132/2935/2912
f 3133/2936/2913 3134/2937/2914 3132/2935/2912
f 3133/2936/2913 3135/2938/2915 3134/2937/2914
f 3135/2938/2915 3136/2939/2916 3134/2937/2914
f 3135/2938/2915 3137/2940/2917 3136/2939/2916
f 3137/2940/2917 3138/2941/2918 3136/2939/2916
f 3137/2940/2917 3139/2942/2919 3138/2941/2918
f 3140/2943/2920 3138/2941/2918 3139/2942/2919
f 3140/2943/2920 3139/2942/2919 3141/2944/2921
f 3142/2945/2922 3140/2943/2920 3141/2944/2921
f 3142/2945/2922 3141/2944/2921 3143/2946/2923
f 3144/2947/2924 3142/2945/2922 3143/2946/2923
f 3144/2947/2924 3143/2946/2923 3145/2948/2925
f 3146/2949/2926 3144/2947/2924 3145/2948/2925
f 3146/2949/2926 3145/2948/2925 3147/2950/2927
f 3147/2950/2927 3117/2951/2898 3146/2949/2926
f 3147/2950/2927 3116/2952/2896 3117/2951/2898
f 3101/2918/2928 3119/2922/2929 3116/2919/2930
f 3101/2918/2928 3115/2917/2931 3119/2922/2929
f 3115/2917/2931 3121/2924/2932 3119/2922/2929
f 3115/2917/2931 3114/2916/2933 3121/2924/2932
f 3114/2916/2933 3123/2926/2934 3121/2924/2932
f 3114/2916/2933 3113/2915/2935 3123/2926/2934
f 3113/2915/2935 3125/2928/2936 3123/2926/2934
f 3113/2915/2935 3112/2914/2937 3125/2928/2936
f 3112/2914/2937 3127/2930/2938 3125/2928/2936
f 3112/2914/2937 3111/2913/2939 3127/2930/2938
f 3111/2913/2939 3129/2932/2940 3127/2930/2938
f 3111/2913/2939 3110/2912/2941 3129/2932/2940
f 3110/2912/2941 3131/2934/2942 3129/2932/2940
f 3110/2912/2941 3109/2911/2943 3131/2934/2942
f 3109/2911/2943 3133/2936/2944 3131/2934/2942
f 3109/2911/2943 3108/2910/2945 3133/2936/2944
f 3108/2910/2945 3135/2938/2946 3133/2936/2944
f 3108/2910/2945 3107/2909/2947 3135/2938/2946
f 3107/2909/2947 3137/2940/2948 3135/2938/2946
f 3107/2909/2947 3106/2908/2949 3137/2940/2948
f 3106/2908/2949 3139/2942/2950 3137/2940/2948
f 3106/2908/2949 3105/2907/2951 3139/2942/2950
f 3105/2907/2951 3141/2944/2952 3139/2942/2950
f 3105/2907/2951 3104/2906/2953 3141/2944/2952
f 3104/2906/2953 3143/2946/2954 3141/2944/2952
f 3104/2906/2953 3103/2905/2955 3143/2946/2954
f 3103/2905/2955 3145/2948/2956 3143/2946/2954
f 3103/2905/2955 3102/2904/2957 3145/2948/2956
f 3102/2904/2957 3147/2950/2958 3145/2948/2956
f 3102/2904/2957 3100/2903/2959 3147/2950/2958
f 3100/2903/2959 3116/2952/2930 3147/2950/2958
f 3100/2903/2959 3101/2902/2928 3116/2952/2930
f 3148/2953/2960 3150/2954/2961 3149/2955/2961
f 3148/2953/2960 3149/2955/2961 3151/2956/2962
f 3152/2957/2963 3148/2953/2960 3151/2956/2962
f 3152/2957/2963 3151/2956/2962 3153/2958/2964
f 3154/2959/2965 3152/2957/2963 3153/2958/2964
f 3154/2959/2965 3153/2958/2964 3155/2960/2966
f 3156/2961/2967 3154/2959/2965 3155/2960/2966
f 3156/2961/2967 3155/2960/2966 3157/2962/2968
f 3158/2963/2969 3156/2961/2967 3157/2962/2968
f 3158/2963/2969 3157/2962/2968 3159/2964/2970
f 3160/2965/2971 3158/2963/2969 3159/2964/2970
f 3160/2965/2971 3159/2964/2970 3161/2966/2972
f 3162/2967/2973 3160/2965/2971 3161/2966/2972
f 3162/2967/2973 3161/2966/2972 3163/2968/2974
f 3164/2969/2975 3162/2967/2973 3163/2968/2974
f 3164/2969/2975 3163/2968/2974 3165/2970/2976
f 3166/2971/2977 3164/2969/2975 3165/2970/2976
f 3166/2971/2977 3165/2970/2976 3167/2972/2978
f 3168/2973/2979 3166/2971/2977 3167/2972/2978
f 3168/2973/2979 3167/2972/2978 3169/2974/2980
f 3170/2975/2981 3168/2973/2979 3169/2974/2980
f 3170/2975/2981 3169/2974/2980 3171/2976/2982
f 3172/2977/2983 3170/2975/2981 3171/2976/2982
f 3172/2977/2983 3171/2976/2982 3173/2978/2984
f 3174/2979/2985 3172/2977/2983 3173/2978/2984
f 3174/2979/2985 3173/2978/2984 3175/2980/2986
f 3176/2981/2987 3174/2979/2985 3175/2980/2986
f 3176/2981/2987 3175/2980/2986 3177/2982/2988
f 3178/2983/2989 3176/2981/2987 3177/2982/2988
f 3178/2983/2989 3177/2982/2988 3179/2984/2990
f 3150/2985/2961 3178/2983/2989 3179/2984/2990
f 3150/2985/2961 3179/2984/2990 3149/2986/2961
f 3180/2987/2991 3149/2986/2992 3179/2984/2993
f 3180/2987/2991 3179/2984/2993 3181/2988/2994
f 3181/2988/2994 3179/2984/2993 3177/2982/2995
f 3181/2988/2994 3177/2982/2995 3182/2989/2996
f 3182/2989/2996 3177/2982/2995 3175/2980/2997
f 3182/2989/2996 3175/2980/2997 3183/2990/2998
f 3183/2990/2998 3175/2980/2997 3173/2978/2999
f 3183/2990/2998 3173/2978/2999 3184/2991/2999
f 3184/2991/2999 3173/2978/2999 3171/2976/3000
f 3184/2991/2999 3171/2976/3000 3185/2992/3001
f 3185/2992/3001 3171/2976/3000 3169/2974/3002
f 3185/2992/3001 3169/2974/3002 3186/2993/3003
f 3186/2993/3003 3169/2974/3002 3167/2972/3004
f 3186/2993/3003 3167/2972/3004 3187/2994/3005
f 3187/2994/3005 3167/2972/3004 3165/2970/3006
f 3187/2994/3005 3165/2970/3006 3188/2995/3007
f 3188/2995/3007 3165/2970/3006 3163/2968/3008
f 3188/2995/3007 3163/2968/3008 3189/2996/3009
f 3189/2996/3009 3163/2968/3008 3161/2966/3010
f 3189/2996/3009 3161/2966/3010 3190/2997/3011
f 3190/2997/3011 3161/2966/3010 3159/2964/3012
f 3190/2997/3011 3159/2964/3012 3191/2998/3013
f 3191/2998/3013 3159/2964/3012 3157/2962/3014
f 3191/2998/3013 3157/2962/3014 3192/2999/3014
f 3192/2999/3014 3157/2962/3014 3155/2960/3015
f 3192/2999/3014 3155/2960/3015 3193/3000/3016
f 3193/3000/3016 3155/2960/3015 3153/2958/3017
f 3193/3000/3016 3153/2958/3017 3194/3001/3018
f 3194/3001/3018 3153/2958/3017 3151/2956/3019
f 3194/3001/3018 3151/2956/3019 3195/3002/3020
f 3195/3002/3020 3151/2956/3019 3149/2955/2992
f 3195/3002/3020 3149/2955/2992 3180/3003/2991
f 3196/3004/3021 3198/3005/3021 3197/3006/3021
f 3196/3004/3021 3199/3007/3021 3198/3005/3021
f 3199/3007/3022 3200/3008/3023 3198/3005/3023
f 3199/3007/3022 3201/3009/3022 3200/3008/3023
f 3202/3010/3024 3197/3006/3025 3203/3011/3025
f 3202/3010/3024 3196/3004/3025 3197/3006/3025
f 3201/3009/3026 3204/3012/3027 3200/3008/3028
f 3201/3009/3026 3205/3013/3028 3204/3012/3027
f 3206/3014/3029 3208/3015/3029 3207/3016/3029
f 3206/3014/3029 3209/3017/3030 3208/3015/3029
f 3210/3018/3031 3212/3019/3032 3211/3020/3032
f 3210/3018/3031 3213/3021/3032 3212/3019/3032
f 3209/3017/3033 3211/3020/3033 3208/3015/3033
f 3209/3017/3033 3210/3018/3033 3211/3020/3033
f 3200/3008/3034 3214/3022/3034 3198/3005/3034
f 3200/3008/3034 3215/3023/3035 3214/3022/3034
f 3198/3005/3036 3216/3024/3037 3197/3006/3036
f 3198/3005/3036 3214/3022/3036 3216/3024/3037
f 3197/3006/3038 3217/3025/3038 3203/3011/3038
f 3197/3006/3038 3216/3024/3038 3217/3025/3038
f 2970/2762/3039 3205/3013/3040 3201/3009/3040
f 2970/2762/3039 3218/3026/3039 3205/3013/3040
f 3219/3027/3041 3196/3004/3042 3202/3010/3043
f 3219/3027/3041 2967/2760/3043 3196/3004/3042
f 2968/2759/3044 3201/3009/3044 3199/3007/3044
f 2968/2759/3044 2970/2762/3044 3201/3009/3044
f 2967/2760/3045 3199/3007/3045 3196/3004/3045
f 2967/2760/3045 2968/2759/3045 3199/3007/3045
f 3220/3028/3046 2967/2760/3047 3219/3027/3046
f 3220/3028/3046 2966/2758/3046 2967/2760/3047
f 2969/2761/3048 3218/3026/3048 2970/2762/3048
f 2969/2761/3048 3221/3029/3048 3218/3026/3048
f 3222/3030/3049 3215/3023/3049 3223/3031/3049
f 3222/3030/3049 3213/3021/3049 3215/3023/3049
f 3210/3018/3050 3216/3024/3050 3214/3022/3050
f 3210/3018/3050 3209/3017/3050 3216/3024/3050
f 3209/3017/3051 3217/3025/3051 3216/3024/3051
f 3209/3017/3051 3206/3014/3051 3217/3025/3051
f 3213/3021/3052 3214/3022/3052 3215/3023/3052
f 3213/3021/3052 3210/3018/3052 3214/3022/3052
f 3204/3012/3053 3215/3023/3053 3200/3008/3053
f 3204/3012/3053 3223/3031/3053 3215/3023/3053
f 3213/3021/3054 3224/3032/3055 3212/3019/3055
f 3213/3021/3054 3222/3030/3056 3224/3032/3055
f 3225/3033/3057 3227/3034/3057 3226/3035/3057
f 3225/3033/3057 3228/3036/3057 3227/3034/3057
f 3229/3037/3058 3225/3033/3058 3230/3038/3058
f 3229/3037/3058 3228/3036/3058 3225/3033/3058
f 3231/3039/3059 3227/3034/3059 3232/3040/3059
f 3231/3039/3059 3226/3035/3060 3227/3034/3059
f 3220/3028/3061 3228/3041/3062 3229/3042/3063
f 3220/3028/3061 3219/3027/3064 3228/3041/3062
f 3219/3027/3064 3233/3043/3065 3228/3041/3062
f 3219/3027/3064 3202/3010/3065 3233/3043/3065
f 3206/3014/3066 3235/3044/3066 3234/3045/3066
f 3206/3014/3067 3207/3016/3067 3235/3044/3067
f 3223/3031/3068 3237/3046/3068 3236/3047/3068
f 3223/3031/3068 3204/3012/3068 3237/3046/3068
f 3227/3048/3069 3233/3049/3069 3238/3050/3069
f 3227/3048/3069 3228/3051/3069 3233/3049/3069
f 3218/3026/3070 3221/3029/3071 3232/3052/3071
f 3218/3026/3070 3232/3052/3071 3227/3048/3072
f 3205/3013/3073 3218/3026/3070 3227/3048/3072
f 3205/3013/3073 3227/3048/3072 3238/3050/3073
f 3222/3030/3074 3236/3047/3074 3239/3053/3074
f 3222/3030/3074 3223/3031/3074 3236/3047/3074
f 3204/3012/3075 3238/3050/3075 3237/3046/3076
f 3204/3012/3075 3205/3013/3077 3238/3050/3075
f 3202/3010/3078 3240/3054/3079 3233/3043/3079
f 3202/3010/3078 3203/3011/3078 3240/3054/3079
f 3224/3032/3080 3239/3053/3080 3241/3055/3080
f 3224/3032/3081 3222/3030/3081 3239/3053/3081
f 3225/3033/3082 3231/3039/3082 3230/3038/3082
f 3225/3033/3082 3226/3035/3082 3231/3039/3082
f 3217/3025/3083 3234/3045/3083 3242/3056/3083
f 3217/3025/3083 3206/3014/3084 3234/3045/3083
f 3241/3055/3085 3234/3057/3085 3235/3058/3085
f 3241/3055/3085 3239/3053/3085 3234/3057/3085
f 3237/3046/3086 3233/3049/3086 3240/3059/3086
f 3237/3046/3086 3238/3050/3086 3233/3049/3086
f 3236/3047/3087 3240/3059/3087 3242/3060/3087
f 3236/3047/3087 3237/3046/3087 3240/3059/3087
f 3239/3053/3088 3242/3060/3088 3234/3057/3088
f 3239/3053/3088 3236/3047/3088 3242/3060/3088
f 3203/3011/3089 3242/3056/3090 3240/3054/3091
f 3203/3011/3089 3217/3025/3089 3242/3056/3090
f 3243/3061/3092 3245/3062/3092 3244/3063/3092
f 3243/3061/3092 3246/3064/3092 3245/3062/3092
f 3247/3065/3093 3249/3066/3094 3248/3067/3095
f 3247/3065/3093 3250/3068/3096 3249/3066/3094
f 3247/3065/3093 3251/3069/3097 3250/3068/3096
f 3252/3070/3098 3250/3068/3096 3251/3069/3097
f 3252/3070/3098 3253/3071/3098 3250/3068/3096
f 3254/3072/3099 3253/3071/3100 3252/3070/3099
f 3254/3072/3099 3255/3073/3099 3253/3071/3100
f 3248/3067/3101 3257/3074/3102 3256/3075/3102
f 3248/3067/3101 3249/3066/3102 3257/3074/3102
f 3258/3076/3103 2966/2758/3104 3259/3077/3103
f 3258/3076/3103 2969/2761/3105 2966/2758/3104
f 3259/3077/3106 3220/3028/3106 3260/3078/3107
f 3259/3077/3106 2966/2758/3107 3220/3028/3106
f 3254/3072/3108 3243/3061/3108 3244/3063/3108
f 3254/3072/3108 3252/3070/3108 3243/3061/3108
f 3252/3070/3109 3261/3079/3110 3243/3061/3109
f 3252/3070/3111 3251/3069/3112 3261/3079/3110
f 3247/3065/3113 3263/3080/3114 3262/3081/3115
f 3247/3065/3116 3248/3067/3117 3263/3080/3117
f 3248/3067/3118 3264/3082/3118 3263/3080/3118
f 3248/3067/3118 3256/3075/3118 3264/3082/3118
f 3265/3083/3119 3267/3084/3119 3266/3085/3119
f 3265/3083/3119 3268/3086/3119 3267/3084/3119
f 3249/3066/3120 3260/3078/3120 3257/3074/3120
f 3249/3066/3120 3259/3077/3120 3260/3078/3120
f 3250/3068/3121 3259/3077/3122 3249/3066/3123
f 3258/3076/3124 3259/3077/3122 3250/3068/3121
f 3253/3071/3125 3258/3076/3124 3250/3068/3121
f 3255/3073/3126 3258/3076/3126 3253/3071/3126
f 3255/3073/3126 3269/3087/3126 3258/3076/3126
f 3270/3088/3127 3262/3081/3128 3263/3080/3127
f 3270/3088/3127 3271/3089/3128 3262/3081/3128
f 3272/3090/3129 3243/3061/3130 3261/3079/3129
f 3272/3090/3129 3246/3064/3130 3243/3061/3130
f 3269/3087/3131 2969/2761/3131 3258/3076/3131
f 3269/3087/3131 3221/3029/3131 2969/2761/3131
f 3273/3091/3132 3275/3092/3133 3274/3093/3134
f 3273/3091/3132 3274/3093/3134 3276/3094/3135
f 3273/3091/3136 3276/3094/3135 3277/3095/3137
f 3278/3096/3138 3277/3095/3137 3276/3094/3135
f 3278/3096/3138 3276/3094/3135 3279/3097/3138
f 3280/3098/3139 3279/3097/3140 3281/3099/3139
f 3280/3098/3139 3278/3096/3139 3279/3097/3140
f 3275/3092/3141 3282/3100/3142 3274/3093/3142
f 3275/3092/3141 3283/3101/3141 3282/3100/3142
f 3280/3098/3143 3246/3064/3143 3278/3096/3143
f 3280/3098/3143 3245/3062/3143 3246/3064/3143
f 3278/3096/3144 3246/3064/3144 3272/3090/3145
f 3278/3096/3144 3272/3090/3145 3277/3095/3146
f 3273/3091/3147 3271/3089/3148 3270/3088/3149
f 3273/3091/3147 3270/3088/3149 3275/3092/3149
f 3275/3092/3150 3284/3102/3150 3283/3101/3150
f 3275/3092/3150 3270/3088/3150 3284/3102/3150
f 3285/3103/3151 3287/3104/3151 3286/3105/3151
f 3285/3103/3151 3288/3106/3151 3287/3104/3151
f 3289/3107/3152 3291/3108/3153 3290/3109/3154
f 3289/3107/3152 3290/3109/3154 3292/3110/3155
f 3289/3107/3152 3292/3110/3155 3293/3111/3156
f 3294/3112/3157 3293/3111/3156 3292/3110/3155
f 3294/3112/3157 3292/3110/3155 3295/3113/3157
f 3296/3114/3158 3295/3113/3159 3297/3115/3158
f 3296/3114/3158 3294/3112/3159 3295/3113/3159
f 3291/3108/3160 3298/3116/3160 3290/3109/3160
f 3291/3108/3160 3299/3117/3160 3298/3116/3160
f 3300/3118/3161 3230/3038/3162 3231/3039/3162
f 3300/3118/3161 3301/3119/3161 3230/3038/3162
f 3301/3119/3163 3229/3037/3163 3230/3038/3163
f 3301/3119/3163 3302/3120/3163 3229/3037/3163
f 3296/3114/3164 3286/3105/3164 3294/3112/3164
f 3296/3114/3164 3285/3103/3164 3286/3105/3164
f 3294/3112/3165 3286/3105/3166 3303/3121/3167
f 3294/3112/3165 3303/3121/3167 3293/3111/3168
f 3303/3121/3167 3289/3107/3169 3293/3111/3168
f 3303/3121/3167 3304/3122/3170 3289/3107/3169
f 3289/3107/3169 3304/3122/3170 3265/3083/3171
f 3289/3107/3169 3265/3083/3171 3291/3108/3172
f 3291/3108/3173 3266/3085/3173 3299/3117/3173
f 3291/3108/3173 3265/3083/3173 3266/3085/3173
f 3244/3063/3174 3288/3123/3174 3285/3124/3174
f 3244/3063/3174 3245/3062/3174 3288/3123/3174
f 3290/3109/3175 3302/3120/3175 3301/3119/3175
f 3290/3109/3175 3298/3116/3175 3302/3120/3175
f 3292/3110/3176 3290/3109/3177 3301/3119/3178
f 3292/3110/3176 3301/3119/3178 3300/3118/3179
f 3295/3113/3180 3292/3110/3176 3300/3118/3179
f 3297/3115/3181 3300/3118/3182 3305/3125/3181
f 3297/3115/3181 3295/3113/3181 3300/3118/3182
f 3268/3086/3183 3265/3083/3183 3304/3122/3184
f 3268/3086/3183 3304/3122/3184 3306/3126/3184
f 3306/3126/3184 3304/3122/3184 3303/3121/3185
f 3306/3126/3184 3303/3121/3185 3307/3127/3185
f 3307/3127/3185 3303/3121/3185 3286/3105/3186
f 3307/3127/3185 3286/3105/3186 3287/3104/3186
f 3305/3125/3187 3231/3039/3187 3232/3040/3187
f 3305/3125/3187 3300/3118/3187 3231/3039/3187
f 3308/3128/3188 3310/3129/3189 3309/3130/3189
f 3308/3128/3188 3311/3131/3190 3310/3129/3191
f 3308/3128/3188 3312/3132/3192 3311/3131/3190
f 3313/3133/3193 3311/3131/3190 3312/3132/3192
f 3313/3133/3193 3314/3134/3193 3311/3131/3190
f 3315/3135/3194 3314/3134/3194 3313/3133/3194
f 3315/3135/3194 3316/3136/3195 3314/3134/3195
f 3309/3130/3196 3318/3137/3196 3317/3138/3196
f 3309/3130/3196 3310/3129/3197 3318/3137/3197
f 3315/3135/3198 3287/3104/3198 3288/3106/3198
f 3315/3135/3198 3313/3133/3198 3287/3104/3198
f 3313/3133/3199 3307/3127/3200 3287/3104/3201
f 3313/3133/3199 3312/3132/3202 3307/3127/3200
f 3307/3127/3200 3312/3132/3202 3308/3128/3203
f 3307/3127/3200 3308/3128/3203 3306/3126/3204
f 3308/3128/3203 3268/3086/3205 3306/3126/3204
f 3308/3128/3203 3309/3130/3205 3268/3086/3205
f 3309/3130/3206 3267/3084/3207 3268/3086/3206
f 3309/3130/3206 3317/3138/3207 3267/3084/3207
f 3254/3072/3208 3285/3124/3208 3296/3139/3208
f 3254/3072/3208 3244/3063/3208 3285/3124/3208
f 3264/3082/3209 3299/3140/3210 3266/3141/3210
f 3264/3082/3209 3256/3075/3209 3299/3140/3210
f 3284/3102/3211 3266/3141/3211 3267/3142/3211
f 3284/3102/3211 3264/3082/3211 3266/3141/3211
f 3269/3087/3212 3297/3143/3212 3305/3144/3212
f 3269/3087/3212 3255/3073/3212 3297/3143/3212
f 3257/3074/3213 3302/3145/3213 3298/3146/3213
f 3257/3074/3213 3260/3078/3213 3302/3145/3213
f 3260/3078/3214 3229/3042/3214 3302/3145/3214
f 3260/3078/3214 3220/3028/3214 3229/3042/3214
f 3221/3029/3215 3305/3144/3216 3232/3052/3215
f 3221/3029/3215 3269/3087/3216 3305/3144/3216
f 3255/3073/3217 3296/3139/3217 3297/3143/3217
f 3255/3073/3217 3254/3072/3217 3296/3139/3217
f 3256/3075/3218 3298/3146/3218 3299/3140/3218
f 3256/3075/3218 3257/3074/3218 3298/3146/3218
f 3245/3062/3219 3315/3147/3219 3288/3123/3220
f 3245/3062/3219 3280/3098/3219 3315/3147/3219
f 3283/3101/3221 3267/3142/3222 3317/3148/3222
f 3283/3101/3221 3284/3102/3221 3267/3142/3222
f 3280/3098/3223 3316/3149/3223 3315/3147/3223
f 3280/3098/3223 3281/3099/3223 3316/3149/3223
f 3282/3100/3224 3317/3148/3225 3318/3150/3225
f 3282/3100/3225 3283/3101/3225 3317/3148/3225
f 3264/3082/3226 3270/3088/3226 3263/3080/3226
f 3264/3082/3226 3284/3102/3226 3270/3088/3226
f 3319/3151/3227 3321/3152/3227 3320/3153/3227
f 3319/3151/3227 3322/3154/3227 3321/3152/3227
f 3323/3155/3228 3325/3156/3229 3324/3157/3230
f 3323/3155/3228 3326/3158/3231 3325/3156/3229
f 3327/3159/3232 3326/3158/3231 3323/3155/3228
f 3326/3158/3231 3328/3160/3233 3325/3156/3229
f 3327/3159/3232 3329/3161/3234 3326/3158/3231
f 3326/3158/3231 3330/3162/3235 3328/3160/3233
f 3329/3161/3234 3330/3162/3235 3326/3158/3231
f 3329/3161/3234 3331/3163/3236 3330/3162/3235
f 3332/3164/3237 3324/3157/3238 3333/3165/3239
f 3332/3164/3237 3323/3155/3240 3324/3157/3238
f 3334/3166/3241 3323/3155/3240 3332/3164/3237
f 3334/3166/3241 3327/3159/3242 3323/3155/3240
f 3335/3167/3243 3327/3159/3242 3334/3166/3241
f 3336/3168/3244 3331/3163/3245 3337/3169/3246
f 3338/3170/3247 3331/3163/3245 3336/3168/3244
f 3338/3170/3247 3330/3162/3248 3331/3163/3245
f 3328/3160/3249 3330/3162/3248 3338/3170/3247
f 3328/3160/3249 3338/3170/3247 3339/3171/3250
f 3340/3172/3251 3333/3165/3251 3341/3173/3251
f 3340/3172/3251 3332/3164/3251 3333/3165/3251
f 3342/3174/3252 3334/3166/3252 3343/3175/3252
f 3342/3174/3252 3335/3167/3252 3334/3166/3252
f 3343/3175/3253 3332/3164/3253 3340/3172/3254
f 3343/3175/3253 3334/3166/3254 3332/3164/3253
f 3344/3176/3255 3346/3177/3255 3345/3178/3256
f 3344/3176/3255 3347/3179/3256 3346/3177/3255
f 3348/3180/3257 3319/3151/3258 3320/3153/3259
f 3349/3181/3260 3348/3180/3257 3320/3153/3259
f 3346/3177/3261 3348/3180/3257 3349/3181/3260
f 3350/3182/3262 3352/3183/3262 3351/3184/3262
f 3350/3182/3262 3345/3185/3262 3352/3183/3262
f 3345/3185/3263 3349/3181/3263 3352/3183/3263
f 3345/3185/3263 3346/3177/3263 3349/3181/3263
f 3322/3154/3264 3351/3184/3264 3321/3152/3264
f 3322/3154/3264 3350/3186/3264 3351/3184/3264
f 3353/3187/3265 3354/3188/3266 3319/3151/3266
f 3353/3187/3265 3319/3151/3266 3348/3180/3265
f 3347/3179/3267 3353/3187/3265 3348/3180/3265
f 3347/3179/3267 3348/3180/3265 3346/3177/3268
f 3336/3168/3269 3340/3189/3269 3338/3170/3269
f 3336/3168/3269 3343/3190/3269 3340/3189/3269
f 3337/3169/3270 3343/3190/3270 3336/3168/3270
f 3337/3169/3270 3342/3191/3270 3343/3190/3270
f 3338/3170/3271 3341/3192/3271 3339/3171/3271
f 3338/3170/3271 3340/3189/3271 3341/3192/3271
f 3351/3184/3272 3320/3153/3272 3321/3152/3272
f 3320/3153/3272 3351/3184/3272 3349/3181/3272
f 3349/3181/3272 3351/3184/3272 3352/3183/3272
f 3355/3193/3273 3350/3194/3273 3322/3195/3273
f 3355/3193/3273 3356/3196/3273 3350/3194/3273
f 3356/3197/3274 3345/3178/3274 3350/3198/3274
f 3356/3197/3274 3344/3176/3274 3345/3178/3274
f 3322/3195/3275 3354/3188/3275 3355/3193/3275
f 3322/3195/3275 3319/3151/3276 3354/3188/3275
f 3355/3193/3277 3328/3160/3278 3339/3171/3277
f 3355/3193/3277 3354/3188/3279 3328/3160/3278
f 3344/3176/3280 3341/3173/3281 3333/3165/3281
f 3344/3176/3280 3356/3197/3281 3341/3173/3281
f 3356/3196/3282 3339/3171/3282 3341/3192/3282
f 3356/3196/3282 3355/3193/3282 3339/3171/3282
f 3347/3179/3283 3333/3165/3284 3324/3157/3283
f 3347/3179/3283 3344/3176/3284 3333/3165/3284
f 3353/3187/3285 3347/3179/3286 3324/3157/3286
f 3353/3187/3285 3324/3157/3286 3325/3156/3285
f 3354/3188/3287 3353/3187/3285 3325/3156/3285
f 3354/3188/3287 3325/3156/3285 3328/3160/3287
f 3357/3199/3288 3359/3200/3288 3358/3201/2282
f 3357/3199/3288 3360/3202/3288 3359/3200/3288
f 3360/3202/3288 3357/3199/3288 3361/3203/3288
f 3362/3204/3289 3360/3202/3288 3361/3203/3288
f 3362/3204/3289 3363/3205/3289 3360/3202/3288
f 3360/3202/3288 3363/3205/3289 3364/3206/3289
f 3360/3202/3288 3364/3206/3289 3365/3207/3290
f 3365/3207/3290 3359/3200/3288 3360/3202/3288
f 3359/3200/3288 3365/3207/3290 3366/3208/3288
f 3359/3200/3288 3366/3208/3288 3367/3209/2282
f 3364/3206/3291 2983/3210/3291 3365/3207/3291
f 3364/3206/3291 2982/3211/3291 2983/3210/3291
f 3365/3207/3292 2984/3212/3292 3366/3208/3292
f 3365/3207/3292 2983/3210/3293 2984/3212/3292
f 2985/3213/3294 3357/3199/3294 3358/3201/3294
f 2985/3213/3294 2986/3214/3294 3357/3199/3294
f 3367/3209/3295 2984/3212/3295 2987/3215/3295
f 3367/3209/3295 3366/3208/3295 2984/3212/3295
f 2988/3216/3296 3357/3199/3296 2986/3214/3296
f 2988/3216/3296 3361/3203/3296 3357/3199/3296
f 2989/3217/3297 3361/3203/3298 2988/3216/3297
f 2989/3217/3297 3362/3204/3297 3361/3203/3298
f 2990/3218/3299 3369/3219/3299 3368/3220/3299
f 2990/3218/3299 2991/3221/3299 3369/3219/3299
f 3370/3222/3300 2996/3223/3300 2997/3224/3300
f 3370/3222/3300 3371/3225/3300 2996/3223/3300
f 3371/3225/3301 3370/3222/3301 3372/3226/3302
f 3371/3225/3301 3372/3226/3302 3373/3227/3302
f 3368/3220/3303 3373/3227/3302 3372/3226/3302
f 3368/3220/3303 3369/3219/3303 3373/3227/3302
f 2990/3218/3304 3362/3204/3304 2989/3217/3304
f 2990/3218/3304 3368/3220/3305 3362/3204/3304
f 3370/3222/3306 2982/3211/3306 3364/3206/3306
f 3370/3222/3306 2997/3224/3306 2982/3211/3306
f 3372/3226/3307 3370/3222/3308 3364/3206/3308
f 3372/3226/3307 3364/3206/3308 3363/3205/3307
f 3368/3220/3309 3372/3226/3307 3363/3205/3307
f 3368/3220/3309 3363/3205/3307 3362/3204/3309
f 3000/3228/2746 3375/3229/2746 3374/3230/2746
f 3000/3228/2746 3001/3231/2746 3375/3229/2746
f 3001/3231/2747 3376/3232/2747 3375/3229/2747
f 3001/3231/2747 3004/3233/2747 3376/3232/2747
f 3377/3234/3310 3374/3230/3310 3375/3229/3310
f 3377/3234/3310 3378/3235/3311 3374/3230/3310
f 3379/3236/3312 3375/3229/3312 3376/3232/3312
f 3379/3236/3312 3377/3234/3312 3375/3229/3312
f 3380/3237/3313 3376/3232/3313 3381/3238/3313
f 3380/3237/3313 3379/3236/3313 3376/3232/3313
f 3382/3239/2282 3380/3237/2282 3383/3240/2282
f 3382/3239/2282 3379/3236/2282 3380/3237/2282
f 3382/3239/2282 3377/3234/2282 3379/3236/2282
f 3382/3239/2282 3378/3235/2282 3377/3234/2282
f 3378/3235/2282 3382/3239/2282 3384/3241/2282
f 3385/3242/2282 3384/3241/2282 3382/3239/2282
f 3384/3241/2282 3385/3242/2282 3386/3243/2282
f 3385/3242/2282 3382/3239/2282 3387/3244/2282
f 3387/3244/2282 3382/3239/2282 3388/3245/2282
f 3388/3245/2282 3382/3239/2282 3389/3246/2282
f 3380/3237/3314 3390/3247/3314 3383/3240/3314
f 3380/3237/3314 3381/3238/3315 3390/3247/3314
f 3376/3232/2754 3020/3248/2754 3381/3238/2754
f 3376/3232/2754 3004/3249/2754 3020/3248/2754
f 3381/3238/2755 3021/3250/2755 3390/3247/2755
f 3381/3238/2755 3020/3248/2755 3021/3250/2755
f 3390/3247/2756 3021/3251/2756 3022/3252/2756
f 3390/3247/2756 3022/3252/2756 3391/3253/2756
f 3392/3254/2756 3391/3253/2756 3022/3252/2756
f 3392/3254/2756 3022/3252/2756 3025/3255/2756
f 3383/3240/3316 3390/3247/3317 3391/3253/3318
f 3383/3240/3316 3391/3253/3318 3382/3239/3319
f 3389/3246/3320 3382/3239/3319 3391/3253/3318
f 3389/3246/3320 3391/3253/3318 3392/3254/3321
f 3393/3256/3322 3374/3230/3322 3378/3235/3322
f 3393/3256/3322 3378/3235/3322 3384/3241/3322
f 3393/3256/3322 3384/3241/3322 3386/3243/3322
f 3393/3256/3322 3386/3243/3322 3394/3257/3322
f 3028/3258/2763 3000/3259/2763 3374/3230/2763
f 3028/3258/2763 3374/3230/2763 3393/3256/2763
f 3028/3258/2763 3393/3256/2763 3394/3257/2763
f 3028/3258/2763 3394/3257/2763 3029/3260/2763
f 3029/3261/2764 3395/3262/2764 3031/3263/2764
f 3029/3261/2764 3394/3257/2764 3395/3262/2764
f 3031/3263/2765 3396/3264/2765 3033/3265/2765
f 3031/3263/2765 3395/3262/2765 3396/3264/2765
f 3385/3242/3323 3394/3257/3324 3386/3243/3323
f 3385/3242/3323 3395/3262/3323 3394/3257/3324
f 3387/3244/3325 3395/3262/3325 3385/3242/3325
f 3387/3244/3325 3396/3264/3325 3395/3262/3325
f 3388/3245/3326 3396/3264/3326 3387/3244/3326
f 3388/3245/3326 3397/3266/3326 3396/3264/3326
f 3388/3245/3327 3392/3254/3328 3397/3266/3327
f 3388/3245/3327 3389/3246/3328 3392/3254/3328
f 3396/3264/2771 3035/3267/2771 3033/3268/2771
f 3396/3264/2771 3397/3266/2771 3035/3267/2771
f 3397/3266/2772 3025/3269/2772 3035/3267/2772
f 3397/3266/2772 3392/3254/2772 3025/3269/2772
f 3134/3270/3329 3136/3271/3330 3398/3272/3331
f 3132/3273/3332 3134/3270/3329 3398/3272/3331
f 3136/3271/3330 3138/3274/3333 3398/3272/3331
f 3130/3275/3334 3132/3273/3332 3398/3272/3331
f 3138/3274/3333 3140/3276/3335 3398/3272/3331
f 3128/3277/3336 3130/3275/3334 3398/3272/3331
f 3140/3276/3335 3142/3278/3337 3398/3272/3331
f 3126/3279/3338 3128/3277/3336 3398/3272/3331
f 3142/3278/3337 3144/3280/3339 3398/3272/3331
f 3124/3281/3340 3126/3279/3338 3398/3272/3331
f 3144/3280/3339 3146/3282/3341 3398/3272/3331
f 3122/3283/3342 3124/3281/3340 3398/3272/3331
f 3146/3282/3341 3117/3284/3343 3398/3272/3331
f 3120/3285/3344 3122/3283/3342 3398/3272/3331
f 3117/3284/3343 3118/3286/3345 3398/3272/3331
f 3118/3286/3345 3120/3285/3344 3398/3272/3331
