# Blender 3.6.5
# www.blender.org
o ScytheCompact
v -0.023984 -0.247055 0.729927
v -0.019068 -0.233986 0.735574
v -0.033798 -0.221880 0.733722
v -0.023107 -0.228617 0.725710
v -0.027500 -0.242380 0.721340
v -0.029073 -0.224684 0.704555
v -0.032177 -0.239345 0.704701
v -0.042467 -0.229977 0.699030
v -0.045348 -0.244373 0.695868
v -0.041004 -0.217090 0.708203
v -0.054790 -0.223123 0.702622
v -0.056202 -0.218636 0.685013
v -0.043877 -0.225466 0.681378
v -0.056189 -0.212521 0.675176
v -0.043868 -0.217703 0.669064
v -0.056561 -0.201595 0.668174
v -0.044305 -0.204373 0.660417
v -0.057164 -0.186632 0.659872
v -0.044860 -0.191220 0.653166
v -0.054006 -0.171488 0.644240
v -0.042672 -0.180642 0.642291
v -0.043963 -0.163167 0.618417
v -0.034674 -0.174176 0.621819
v -0.028961 -0.165462 0.578294
v -0.020412 -0.176412 0.583637
v -0.032000 -0.186384 0.535522
v -0.023458 -0.197348 0.540844
v -0.045641 -0.213788 0.496356
v -0.037232 -0.225019 0.501294
v -0.059111 -0.236830 0.460668
v -0.051063 -0.248684 0.464613
v -0.062693 -0.243257 0.445555
v -0.054917 -0.255604 0.448334
v -0.063218 -0.245257 0.433472
v -0.055517 -0.257916 0.434335
v -0.061090 -0.243624 0.424112
v -0.052939 -0.255942 0.423068
v -0.056203 -0.238720 0.415645
v -0.047478 -0.250465 0.413632
v -0.037688 -0.220172 0.400649
v -0.028795 -0.231747 0.398465
v -0.012726 -0.199308 0.388308
v -0.005447 -0.212198 0.386930
v 0.014843 -0.188525 0.372245
v 0.015411 -0.203699 0.374962
v 0.033355 -0.202759 0.350082
v 0.028778 -0.214524 0.358660
v 0.043796 -0.220810 0.331391
v 0.038858 -0.231973 0.340601
v -0.073710 -0.246801 0.416720
v -0.066707 -0.239797 0.404598
v -0.045421 -0.218484 0.387207
v -0.019562 -0.196866 0.374408
v 0.006546 -0.186545 0.359251
v 0.023511 -0.199753 0.338850
v 0.033385 -0.216816 0.321194
v -0.077164 -0.249425 0.431861
v 0.039469 -0.232128 0.302703
v 0.050681 -0.238141 0.310418
v -0.076424 -0.246578 0.449001
v 0.041967 -0.242955 0.280896
v 0.053665 -0.251053 0.284367
v -0.072211 -0.239011 0.466782
v 0.040926 -0.247249 0.251766
v 0.052397 -0.256178 0.249740
v -0.058275 -0.215165 0.503769
v 0.031519 -0.244172 0.227704
v 0.038970 -0.251808 0.216353
v -0.045164 -0.188864 0.541331
v 0.012277 -0.236587 0.215529
v 0.015377 -0.242516 0.201150
v -0.042431 -0.171133 0.577247
v -0.011307 -0.227307 0.204372
v -0.006497 -0.233905 0.190873
v -0.055291 -0.169332 0.611137
v -0.031051 -0.220383 0.181642
v -0.020726 -0.228904 0.174689
v -0.064933 -0.177291 0.635913
v -0.036014 -0.219377 0.163101
v -0.024974 -0.228043 0.158816
v -0.067926 -0.191681 0.650751
v -0.033096 -0.224286 0.133853
v -0.022057 -0.232952 0.129569
v -0.036014 -0.219377 0.051928
v -0.024974 -0.228043 0.047643
v -0.047142 -0.228317 0.055142
v -0.044224 -0.233225 0.137067
v -0.047142 -0.228317 0.166315
v -0.040063 -0.247417 0.134769
v -0.042980 -0.242508 0.052844
v -0.029279 -0.242339 0.048209
v -0.041793 -0.229401 0.186300
v -0.042980 -0.242508 0.164017
v -0.019081 -0.237361 0.212555
v -0.038106 -0.243495 0.182226
v -0.029279 -0.242339 0.159382
v -0.026362 -0.247248 0.130135
v -0.025086 -0.243189 0.175050
v 0.005368 -0.246977 0.224158
v -0.019074 -0.250172 0.204114
v -0.011296 -0.248036 0.190714
v 0.022143 -0.253596 0.234618
v 0.004197 -0.259328 0.215112
v 0.010384 -0.256571 0.200892
v 0.029459 -0.255997 0.253958
v 0.023800 -0.267056 0.227541
v 0.034200 -0.265950 0.216252
v 0.030515 -0.251586 0.283615
v 0.033843 -0.270332 0.253287
v 0.048019 -0.270445 0.250680
v 0.027951 -0.240470 0.306030
v 0.035135 -0.265019 0.288767
v 0.049442 -0.264690 0.289232
v 0.022012 -0.225510 0.324102
v 0.032046 -0.251639 0.315802
v 0.046094 -0.250200 0.318513
v 0.012851 -0.209660 0.340487
v 0.025395 -0.234878 0.336096
v 0.016105 -0.218789 0.352730
v 0.001984 -0.200495 0.353938
v 0.007463 -0.211098 0.363647
v -0.016508 -0.208247 0.364439
v -0.007784 -0.217722 0.372179
v -0.041308 -0.229016 0.376715
v -0.031032 -0.237213 0.383673
v -0.064472 -0.252208 0.395758
v -0.052588 -0.258801 0.401341
v -0.073359 -0.261082 0.411107
v -0.060522 -0.266731 0.415031
v -0.078080 -0.264660 0.431730
v -0.064702 -0.269907 0.433259
v -0.077134 -0.260977 0.453911
v -0.063842 -0.266555 0.453499
v -0.072259 -0.252213 0.474505
v -0.059189 -0.258191 0.473165
v -0.057673 -0.227248 0.513289
v -0.044667 -0.233338 0.511759
v -0.044758 -0.201360 0.550244
v -0.031343 -0.206604 0.549944
v -0.042208 -0.185587 0.581943
v -0.028599 -0.188850 0.585892
v -0.053002 -0.184151 0.610040
v -0.040261 -0.187144 0.616643
v -0.060352 -0.190032 0.628816
v -0.046595 -0.192103 0.632759
v -0.062275 -0.199390 0.638409
v -0.048019 -0.199105 0.639902
v -0.067321 -0.206625 0.659037
v -0.047492 -0.211119 0.646487
v -0.061717 -0.212510 0.645634
v -0.066913 -0.219050 0.667064
v -0.046977 -0.227435 0.657174
v -0.061220 -0.228267 0.655939
v -0.066902 -0.228072 0.681421
v -0.046959 -0.239124 0.675538
v -0.061190 -0.240734 0.675565
v -0.065286 -0.233283 0.709603
v -0.059450 -0.246416 0.705429
v -0.051483 -0.227058 0.718527
v -0.044798 -0.231479 0.734304
v -0.046027 -0.240812 0.716362
v -0.040906 -0.244149 0.726652
v -0.037249 -0.249010 0.735582
v 0.027366 -0.228296 0.753861
v 0.031607 -0.224266 0.732679
v 0.020349 -0.228349 0.739829
v 0.039879 -0.223759 0.745915
v 0.032976 -0.241940 0.756075
v 0.037729 -0.237436 0.711969
v 0.044208 -0.237867 0.748943
v 0.029427 -0.250425 0.743412
v 0.050600 -0.231740 0.715511
v 0.042962 -0.239956 0.687161
v 0.038612 -0.247094 0.737579
v 0.021622 -0.242025 0.733371
v 0.059516 -0.243225 0.718206
v 0.055877 -0.234273 0.690488
v 0.049689 -0.238041 0.663076
v 0.030824 -0.238688 0.727527
v 0.052155 -0.256019 0.716330
v 0.038691 -0.252441 0.712475
v 0.064634 -0.245699 0.693930
v 0.062136 -0.232431 0.668307
v 0.051215 -0.236295 0.655419
v 0.043736 -0.254895 0.688547
v 0.057131 -0.258445 0.692730
v 0.071686 -0.243619 0.668804
v 0.064824 -0.229557 0.654859
v 0.050210 -0.236735 0.651843
v 0.051548 -0.252692 0.660339
v 0.065142 -0.256145 0.663882
v 0.074581 -0.240501 0.653829
v 0.061274 -0.231311 0.642441
v 0.041551 -0.244902 0.640764
v 0.052562 -0.251403 0.654734
v 0.067003 -0.254002 0.653751
v 0.070797 -0.242392 0.640835
v 0.051891 -0.239858 0.630503
v 0.040957 -0.254873 0.614141
v 0.052895 -0.251163 0.656046
v 0.065619 -0.254672 0.649248
v 0.062997 -0.249406 0.631163
v 0.051925 -0.245096 0.615939
v 0.054844 -0.253978 0.577688
v 0.046267 -0.257547 0.647755
v 0.059521 -0.260346 0.641829
v 0.063330 -0.252766 0.621358
v 0.064657 -0.244224 0.582759
v 0.055131 -0.251463 0.570783
v 0.045582 -0.268590 0.618451
v 0.059409 -0.267284 0.622909
v 0.077422 -0.251661 0.584253
v 0.065018 -0.241240 0.574558
v 0.052984 -0.248098 0.565912
v 0.061543 -0.267445 0.576050
v 0.075497 -0.266016 0.580109
v 0.078081 -0.246012 0.568666
v 0.062326 -0.237023 0.568619
v 0.040055 -0.235368 0.548672
v 0.062085 -0.262534 0.562311
v 0.076269 -0.259169 0.561157
v 0.073158 -0.238371 0.557583
v 0.048395 -0.223299 0.550595
v 0.033854 -0.229197 0.529929
v 0.058042 -0.256261 0.552684
v 0.070509 -0.250236 0.547483
v 0.059793 -0.225082 0.539616
v 0.042099 -0.217051 0.531951
v 0.032923 -0.226507 0.503313
v 0.046297 -0.244590 0.536186
v 0.058496 -0.238219 0.530525
v 0.055585 -0.220899 0.526884
v 0.041090 -0.214264 0.504960
v 0.028313 -0.224738 0.456014
v 0.042244 -0.240546 0.523564
v 0.055675 -0.235417 0.521742
v 0.054767 -0.218549 0.504841
v 0.035880 -0.212285 0.452857
v 0.015290 -0.223136 0.410777
v 0.041552 -0.238361 0.502278
v 0.055053 -0.233444 0.503240
v 0.048644 -0.216226 0.445787
v 0.022522 -0.210628 0.406397
v 0.007890 -0.222372 0.353363
v 0.036399 -0.236380 0.450918
v 0.048964 -0.231115 0.444572
v 0.034899 -0.214459 0.397281
v 0.015926 -0.209974 0.356663
v 0.020482 -0.226029 0.298180
v 0.023197 -0.234705 0.404498
v 0.035316 -0.229337 0.396126
v 0.029942 -0.213974 0.362632
v 0.029192 -0.214152 0.298857
v 0.028810 -0.245259 0.232525
v 0.016940 -0.234055 0.357512
v 0.030568 -0.228861 0.363220
v 0.041699 -0.217980 0.313614
v 0.038380 -0.235114 0.227037
v 0.031465 -0.269548 0.155864
v 0.027607 -0.237230 0.312703
v 0.040721 -0.232226 0.322034
v 0.051336 -0.239980 0.239183
v 0.041034 -0.259322 0.150262
v 0.029373 -0.281164 0.083015
v 0.035852 -0.256431 0.248556
v 0.049773 -0.253154 0.252325
v 0.054111 -0.265276 0.160073
v 0.039094 -0.270431 0.082339
v 0.025294 -0.279868 0.060080
v 0.038628 -0.281802 0.168380
v 0.052625 -0.279177 0.171208
v 0.051870 -0.277509 0.084864
v 0.034702 -0.269130 0.057354
v 0.018092 -0.277127 0.045995
v 0.036140 -0.294888 0.086034
v 0.050046 -0.292627 0.087133
v 0.045730 -0.275831 0.050766
v 0.025898 -0.265786 0.040090
v -0.008545 -0.266625 0.022013
v 0.030506 -0.293210 0.055149
v 0.043136 -0.290710 0.049420
v 0.032869 -0.270948 0.025542
v -0.001783 -0.254857 0.014253
v -0.039465 -0.255999 -0.014138
v 0.020239 -0.289294 0.035004
v 0.029371 -0.285467 0.022367
v 0.002730 -0.259044 -0.003131
v -0.030301 -0.245073 -0.018530
v -0.047044 -0.254973 -0.040484
v -0.037475 -0.244112 -0.043355
v -0.019342 -0.251424 -0.027728
v -0.025440 -0.250608 -0.048591
v -0.001244 -0.273364 -0.006678
v -0.008212 -0.278048 0.008700
v -0.021733 -0.266273 -0.029030
v -0.027571 -0.265484 -0.048955
v -0.034170 -0.269100 -0.020665
v -0.040924 -0.268181 -0.043945
v 0.033027 -0.246067 0.712816
v 0.034605 -0.246067 0.712816
v 0.033187 -0.258673 0.775713
v 0.031819 -0.259571 0.778705
v 0.053360 -0.328433 0.581873
v 0.039930 -0.328904 0.581873
v 0.058277 -0.310856 0.557360
v 0.040502 -0.341915 0.581873
v 0.040662 -0.342116 0.581873
v 0.042816 -0.351966 0.581873
v 0.040012 -0.390328 0.564063
v 0.042815 -0.388031 0.582861
v 0.040013 -0.361096 0.533154
v 0.043329 -0.387260 0.586563
v 0.040662 -0.342298 0.510607
v 0.043329 -0.351809 0.585574
v 0.014007 -0.364232 0.767921
v 0.040560 -0.351810 0.585574
v 0.039912 -0.351966 0.581873
v 0.014007 -0.344166 0.766933
v 0.014007 -0.364063 0.771868
v 0.018803 -0.344166 0.766933
v 0.014007 -0.343998 0.770879
v 0.014007 -0.346812 0.809359
v 0.014007 -0.326747 0.808370
v 0.018803 -0.343998 0.770879
v 0.045601 -0.351810 0.585574
v 0.044891 -0.351966 0.581873
v 0.021034 -0.344166 0.766933
v 0.021034 -0.343998 0.770879
v 0.021034 -0.364232 0.767921
v 0.018803 -0.326747 0.808370
v 0.021034 -0.326747 0.808370
v 0.059207 -0.387260 0.586563
v 0.021034 -0.364063 0.771868
v 0.054167 -0.387260 0.586563
v 0.018803 -0.364232 0.767921
v 0.021034 -0.346812 0.809359
v 0.018803 -0.364063 0.771868
v 0.018803 -0.346812 0.809359
v 0.053518 -0.388031 0.582861
v 0.051548 -0.390328 0.564063
v 0.058498 -0.388031 0.582861
v 0.056915 -0.390328 0.564063
v 0.056915 -0.361096 0.533154
v 0.051548 -0.361096 0.533154
v 0.053537 -0.329087 0.510607
v 0.040502 -0.341915 0.510147
v 0.053360 -0.328433 0.510147
v 0.058277 -0.311039 0.535120
v 0.058066 -0.310017 0.556859
v 0.058066 -0.310017 0.535160
v -0.049494 -0.341915 0.581873
v -0.049653 -0.342116 0.581873
v -0.049653 -0.342298 0.510607
v -0.049494 -0.341915 0.510147
v -0.049005 -0.361096 0.533154
v -0.039779 -0.388031 0.582861
v -0.042991 -0.390328 0.564063
v -0.039778 -0.351966 0.581873
v -0.062529 -0.328904 0.581873
v -0.062352 -0.328433 0.581873
v -0.067269 -0.310856 0.557360
v -0.050481 -0.351966 0.581873
v -0.055461 -0.351966 0.581873
v -0.040293 -0.387260 0.586563
v -0.040293 -0.351809 0.585574
v -0.022999 -0.364232 0.767921
v -0.051128 -0.351809 0.585574
v -0.056171 -0.351809 0.585574
v -0.022999 -0.344166 0.766933
v -0.027795 -0.344166 0.766933
v -0.022999 -0.343998 0.770879
v -0.022999 -0.364063 0.771868
v -0.022999 -0.326747 0.808370
v -0.027795 -0.343998 0.770879
v -0.030026 -0.344166 0.766933
v -0.027795 -0.326747 0.808370
v -0.022999 -0.346812 0.809359
v -0.030026 -0.343998 0.770879
v -0.030026 -0.326747 0.808370
v -0.030026 -0.346812 0.809359
v -0.030026 -0.364063 0.771868
v -0.027795 -0.346812 0.809359
v -0.030026 -0.364232 0.767921
v -0.056171 -0.387260 0.586563
v -0.027795 -0.364063 0.771868
v -0.027795 -0.364232 0.767921
v -0.051129 -0.387260 0.586563
v -0.050481 -0.388031 0.582861
v -0.055461 -0.388031 0.582861
v -0.054526 -0.390328 0.564063
v -0.059892 -0.390328 0.564063
v -0.060539 -0.361096 0.533154
v -0.065906 -0.361096 0.533154
v -0.062529 -0.329087 0.510607
v -0.062352 -0.328433 0.510147
v -0.067269 -0.311039 0.535120
v -0.067058 -0.310017 0.535160
v -0.067058 -0.310017 0.556859
v 0.025045 -0.293309 0.293494
v 0.021542 -0.307019 0.291519
v 0.024592 -0.295086 0.291519
v 0.021475 -0.306978 0.291152
v 0.024514 -0.295086 0.291152
v 0.027767 -0.294958 0.289997
v 0.027695 -0.294958 0.289657
v 0.020925 -0.295086 0.274108
v 0.024364 -0.294958 0.273837
v 0.020848 -0.295086 0.273741
v 0.024292 -0.294958 0.273497
v 0.018367 -0.305096 0.274108
v 0.018300 -0.305056 0.273741
v 0.021284 -0.307010 0.273837
v 0.024170 -0.308756 0.289657
v 0.021222 -0.306972 0.273497
v 0.017215 -0.306452 0.273517
v 0.016604 -0.308135 0.273741
v 0.019649 -0.309829 0.273497
v 0.020574 -0.293309 0.273517
v 0.008575 -0.301221 0.273517
v 0.003051 -0.307014 0.273517
v 0.008039 -0.316073 0.273517
v 0.009643 -0.315433 0.273741
v 0.006708 -0.317210 0.273741
v 0.016671 -0.308175 0.274108
v 0.019710 -0.309867 0.273837
v 0.022596 -0.311614 0.289657
v 0.019780 -0.310056 0.291152
v 0.022658 -0.311651 0.289997
v 0.009683 -0.315503 0.274108
v 0.019847 -0.310097 0.291519
v -0.004496 -0.309134 0.273517
v -0.004496 -0.319595 0.273517
v -0.004496 -0.308289 0.277468
v 0.002647 -0.306282 0.277468
v -0.012043 -0.307014 0.273517
v -0.011640 -0.306282 0.277468
v 0.007877 -0.300799 0.277468
v 0.010598 -0.293309 0.273517
v -0.004496 -0.307432 0.281419
v -0.011231 -0.305540 0.281419
v 0.002239 -0.305540 0.281419
v -0.016162 -0.300371 0.281419
v 0.007170 -0.300371 0.281419
v -0.017967 -0.293309 0.281419
v -0.016869 -0.300799 0.277468
v 0.009791 -0.293309 0.277468
v 0.008974 -0.293309 0.281419
v -0.017568 -0.301221 0.273517
v -0.018784 -0.293309 0.277468
v -0.016162 -0.286247 0.281419
v -0.017032 -0.316073 0.273517
v 0.008575 -0.285396 0.273517
v 0.007877 -0.285818 0.277468
v 0.007170 -0.286247 0.281419
v 0.017215 -0.280166 0.273517
v -0.019590 -0.293309 0.273517
v -0.026208 -0.306452 0.273517
v -0.018635 -0.315433 0.273741
v -0.016869 -0.285818 0.277468
v -0.011231 -0.281077 0.281419
v 0.002239 -0.281077 0.281419
v -0.004496 -0.279185 0.281419
v -0.011640 -0.280335 0.277468
v -0.017568 -0.285396 0.273517
v 0.002647 -0.280335 0.277468
v -0.004496 -0.278328 0.277468
v 0.003051 -0.279603 0.273517
v -0.012043 -0.279603 0.273517
v -0.004496 -0.277483 0.273517
v -0.029566 -0.293309 0.273517
v 0.008039 -0.270544 0.273517
v 0.009643 -0.271185 0.273741
v -0.026208 -0.280166 0.273517
v -0.017032 -0.270544 0.273517
v -0.029840 -0.291531 0.273741
v -0.004496 -0.267023 0.273517
v -0.002801 -0.266736 0.273741
v -0.015699 -0.269407 0.273741
v 0.006708 -0.269407 0.273741
v -0.006191 -0.266736 0.273741
v -0.006070 -0.263124 0.273497
v -0.002923 -0.263124 0.273497
v -0.002923 -0.263049 0.273837
v -0.002801 -0.266655 0.274108
v -0.002923 -0.259556 0.289657
v -0.002801 -0.262891 0.291152
v 0.006746 -0.269337 0.274108
v 0.008535 -0.266343 0.273497
v 0.011260 -0.267993 0.273497
v 0.008572 -0.266278 0.273837
v 0.008540 -0.266078 0.291152
v -0.002801 -0.262810 0.291519
v 0.008580 -0.266008 0.291519
v 0.010237 -0.263253 0.289657
v 0.010273 -0.263188 0.289997
v -0.004496 -0.262334 0.293494
v -0.006191 -0.262810 0.291519
v -0.002923 -0.259481 0.289997
v -0.006070 -0.259481 0.289997
v -0.006070 -0.259556 0.289657
v -0.006191 -0.262891 0.291152
v -0.006070 -0.263049 0.273837
v -0.006191 -0.266655 0.274108
v -0.017571 -0.266008 0.291519
v -0.017533 -0.266078 0.291152
v -0.019267 -0.266484 0.293494
v -0.019265 -0.263188 0.289997
v -0.019229 -0.263253 0.289657
v -0.015738 -0.269337 0.274108
v -0.017563 -0.266278 0.273837
v -0.017528 -0.266343 0.273497
v -0.020508 -0.267785 0.291519
v -0.024275 -0.257389 0.294149
v -0.030080 -0.277822 0.293494
v -0.038755 -0.272570 0.294149
v -0.004496 -0.251831 0.294149
v 0.010275 -0.266484 0.293494
v -0.039418 -0.272169 0.299420
v -0.024658 -0.256693 0.299420
v -0.044820 -0.293309 0.299420
v -0.004496 -0.251029 0.299420
v -0.044054 -0.293309 0.294149
v -0.039418 -0.314448 0.299420
v 0.015283 -0.257389 0.294149
v 0.015665 -0.256693 0.299420
v -0.038755 -0.314047 0.294149
v -0.024658 -0.329924 0.299420
v 0.029763 -0.272570 0.294149
v 0.030426 -0.272169 0.299420
v -0.034037 -0.293309 0.293494
v -0.024275 -0.329229 0.294149
v -0.004496 -0.335589 0.299420
v 0.021087 -0.277821 0.293494
v 0.035062 -0.293309 0.294149
v 0.035828 -0.293309 0.299420
v -0.030080 -0.308796 0.293494
v -0.004496 -0.334786 0.294149
v 0.015665 -0.329924 0.299420
v 0.029763 -0.314047 0.294149
v 0.030426 -0.314448 0.299420
v 0.015283 -0.329229 0.294149
v -0.019267 -0.320133 0.293494
v 0.021087 -0.308796 0.293494
v 0.010275 -0.320133 0.293494
v -0.004496 -0.324283 0.293494
v -0.017571 -0.320610 0.291519
v -0.002801 -0.323807 0.291519
v 0.011516 -0.318832 0.291519
v -0.006191 -0.323807 0.291519
v -0.006070 -0.327137 0.289997
v -0.002923 -0.327137 0.289997
v -0.002923 -0.327061 0.289657
v 0.008580 -0.320610 0.291519
v 0.010273 -0.323429 0.289997
v -0.002801 -0.323726 0.291152
v -0.002923 -0.323568 0.273837
v 0.008540 -0.320539 0.291152
v 0.010237 -0.323364 0.289657
v -0.002801 -0.319962 0.274108
v 0.006746 -0.317280 0.274108
v 0.008572 -0.320339 0.273837
v -0.002801 -0.319881 0.273741
v 0.008535 -0.320274 0.273497
v -0.006191 -0.319881 0.273741
v -0.002923 -0.323493 0.273497
v -0.006070 -0.323493 0.273497
v -0.015699 -0.317210 0.273741
v -0.006191 -0.319962 0.274108
v -0.006070 -0.323568 0.273837
v -0.006070 -0.327061 0.289657
v -0.006191 -0.323726 0.291152
v -0.015738 -0.317280 0.274108
v -0.017528 -0.320274 0.273497
v -0.020253 -0.318624 0.273497
v -0.017563 -0.320339 0.273837
v -0.017533 -0.320539 0.291152
v -0.019229 -0.323364 0.289657
v -0.019265 -0.323429 0.289997
v -0.021991 -0.321779 0.289997
v -0.020508 -0.318832 0.291519
v -0.028839 -0.310097 0.291519
v -0.028772 -0.310056 0.291152
v -0.030534 -0.307019 0.291519
v -0.033223 -0.308794 0.289997
v -0.033584 -0.295086 0.291519
v -0.033507 -0.295086 0.291152
v -0.030467 -0.306978 0.291152
v -0.033161 -0.308756 0.289657
v -0.027359 -0.305096 0.274108
v -0.030276 -0.307010 0.273837
v -0.020469 -0.318762 0.291152
v -0.021954 -0.321714 0.289657
v -0.018675 -0.315503 0.274108
v -0.020289 -0.318689 0.273837
v -0.029917 -0.295086 0.274108
v -0.033356 -0.294958 0.273837
v -0.036688 -0.294958 0.289657
v -0.033284 -0.294958 0.273497
v -0.029840 -0.295086 0.273741
v -0.025664 -0.308175 0.274108
v -0.027292 -0.305056 0.273741
v -0.030214 -0.306972 0.273497
v -0.028702 -0.309867 0.273837
v -0.031588 -0.311614 0.289657
v -0.028641 -0.309829 0.273497
v -0.025596 -0.308135 0.273741
v -0.033284 -0.291659 0.273497
v -0.027292 -0.281561 0.273741
v -0.030214 -0.279645 0.273497
v -0.027359 -0.281521 0.274108
v -0.030276 -0.279607 0.273837
v -0.030467 -0.279639 0.291152
v -0.033161 -0.277861 0.289657
v -0.030534 -0.279599 0.291519
v -0.033223 -0.277824 0.289997
v -0.033584 -0.291531 0.291519
v -0.033507 -0.291531 0.291152
v -0.029917 -0.291531 0.274108
v -0.025596 -0.278483 0.273741
v -0.033356 -0.291659 0.273837
v -0.036688 -0.291659 0.289657
v -0.036759 -0.291659 0.289997
v -0.028641 -0.276788 0.273497
v -0.036759 -0.294958 0.289997
v -0.028839 -0.276520 0.291519
v -0.031650 -0.274966 0.289997
v -0.028772 -0.276561 0.291152
v -0.031588 -0.275003 0.289657
v -0.025664 -0.278443 0.274108
v -0.028702 -0.276750 0.273837
v -0.018635 -0.271185 0.273741
v -0.018675 -0.271115 0.274108
v -0.020469 -0.267855 0.291152
v -0.020253 -0.267993 0.273497
v -0.020289 -0.267928 0.273837
v -0.021954 -0.264903 0.289657
v -0.021991 -0.264838 0.289997
v 0.011477 -0.318762 0.291152
v 0.024592 -0.291531 0.291519
v 0.027767 -0.291659 0.289997
v 0.024232 -0.308794 0.289997
v 0.011260 -0.318624 0.273497
v 0.011296 -0.318689 0.273837
v 0.012963 -0.321714 0.289657
v 0.012999 -0.321779 0.289997
v -0.031650 -0.311651 0.289997
v -0.010491 -0.207059 0.500470
v -0.017040 -0.218953 0.500470
v -0.010491 -0.230847 0.500470
v 0.002609 -0.207059 0.500470
v 0.002609 -0.230847 0.500470
v 0.009158 -0.218953 0.500470
v -0.010491 -0.207059 0.498099
v 0.002609 -0.207059 0.498099
v -0.017040 -0.218953 0.498099
v -0.010491 -0.230847 0.498099
v 0.002609 -0.230847 0.498099
v 0.009158 -0.218953 0.498099
v -0.010491 -0.207059 0.392755
v 0.002609 -0.207059 0.392755
v 0.003654 -0.205159 0.390242
v -0.011536 -0.205159 0.390242
v -0.017040 -0.218953 0.392755
v -0.011758 -0.204757 0.389208
v 0.003876 -0.204757 0.389208
v 0.003876 -0.204757 0.360933
v -0.019132 -0.218953 0.390242
v -0.010491 -0.230847 0.392755
v -0.019574 -0.218953 0.389208
v -0.011758 -0.204757 0.360933
v -0.011536 -0.232746 0.390242
v 0.002609 -0.230847 0.392755
v -0.011758 -0.233148 0.389208
v 0.003654 -0.232746 0.390242
v 0.009158 -0.218953 0.392755
v -0.011589 -0.205064 0.359785
v 0.003706 -0.205064 0.359785
v 0.003293 -0.205815 0.358534
v -0.019574 -0.218953 0.360933
v 0.003876 -0.233148 0.389208
v 0.011249 -0.218953 0.390242
v 0.011693 -0.218953 0.389208
v -0.011175 -0.205816 0.358534
v 0.003123 -0.206123 0.338204
v -0.011758 -0.233148 0.360933
v 0.011693 -0.218953 0.360933
v 0.003876 -0.233148 0.360933
v 0.011354 -0.218953 0.359785
v 0.003706 -0.232841 0.359785
v -0.011589 -0.232841 0.359785
v 0.010526 -0.218953 0.358534
v 0.003293 -0.232090 0.358534
v 0.010189 -0.218953 0.338204
v 0.002890 -0.206546 0.337205
v 0.003123 -0.231783 0.338204
v -0.011175 -0.232090 0.358534
v -0.019236 -0.218953 0.359785
v -0.018408 -0.218953 0.358534
v 0.009722 -0.218953 0.337205
v -0.011006 -0.231783 0.338204
v -0.011006 -0.206123 0.338204
v -0.018071 -0.218953 0.338204
v 0.005725 -0.218953 0.335656
v 0.000892 -0.210176 0.335656
v 0.000892 -0.227730 0.335656
v 0.002890 -0.231359 0.337205
v -0.008774 -0.227730 0.335656
v -0.010773 -0.231359 0.337205
v -0.013607 -0.218953 0.335656
v -0.017605 -0.218953 0.337205
v -0.008774 -0.210176 0.335656
v -0.010773 -0.206546 0.337205
v 0.008771 -0.243439 0.714718
v 0.011345 -0.186373 0.713419
v -0.018704 -0.186373 0.713419
v -0.016129 -0.243439 0.714718
v 0.034605 -0.246066 0.670574
v 0.033027 -0.246066 0.670574
v 0.033027 -0.318336 0.498908
v 0.015136 -0.246066 0.670574
v 0.013829 -0.246066 0.710417
v 0.033027 -0.246067 0.710503
v 0.034605 -0.246067 0.710503
v 0.013829 -0.246066 0.712903
v 0.010307 -0.246066 0.710264
v 0.013199 -0.246066 0.670574
v 0.015136 -0.318336 0.498908
v -0.020558 -0.246066 0.670574
v -0.017666 -0.246066 0.710264
v -0.021187 -0.246066 0.710417
v 0.013199 -0.318336 0.498908
v 0.033027 -0.318336 0.495215
v 0.034605 -0.318336 0.498908
v 0.034605 -0.318336 0.495215
v 0.015136 -0.318336 0.495215
v 0.013199 -0.318336 0.495215
v -0.020558 -0.318336 0.498908
v -0.020558 -0.318336 0.495215
v -0.022495 -0.246066 0.670574
v -0.022495 -0.318336 0.498908
v -0.022495 -0.318336 0.495215
v -0.040385 -0.318336 0.498908
v -0.040385 -0.318336 0.495215
v -0.041964 -0.318336 0.495215
v -0.041964 -0.318336 0.498908
v -0.040385 -0.246066 0.670574
v -0.041964 -0.246066 0.670574
v -0.040385 -0.246066 0.710503
v -0.041964 -0.246066 0.710503
v -0.041964 -0.246066 0.712816
v -0.040385 -0.246066 0.712816
v -0.021187 -0.246066 0.712903
v -0.041964 -0.183395 0.670574
v -0.040385 -0.183395 0.670574
v -0.040385 -0.220360 0.498908
v -0.022495 -0.183395 0.670574
v -0.022495 -0.183395 0.710503
v -0.040385 -0.183395 0.710503
v -0.040385 -0.183395 0.712816
v -0.022495 -0.183395 0.712816
v -0.041964 -0.183395 0.712816
v -0.041964 -0.183395 0.710503
v -0.020558 -0.183395 0.710503
v -0.020558 -0.183395 0.670574
v -0.022495 -0.183395 0.498908
v 0.013199 -0.183395 0.670574
v 0.013199 -0.183395 0.710503
v 0.015136 -0.183395 0.710503
v -0.020558 -0.183395 0.498908
v -0.040385 -0.220360 0.495215
v -0.041964 -0.220360 0.498908
v -0.041964 -0.220360 0.495215
v -0.022495 -0.183395 0.495215
v -0.020558 -0.183395 0.495215
v 0.013200 -0.183395 0.498908
v 0.013200 -0.183395 0.495215
v 0.015136 -0.183395 0.670574
v 0.015136 -0.183395 0.498908
v 0.015136 -0.183395 0.495215
v 0.033027 -0.220360 0.498908
v 0.033027 -0.220360 0.495215
v 0.034605 -0.220360 0.495215
v 0.034605 -0.220360 0.498908
v 0.033027 -0.183395 0.670574
v 0.034605 -0.183395 0.670574
v 0.033027 -0.183395 0.710503
v 0.034605 -0.183395 0.710503
v 0.034605 -0.183395 0.712816
v 0.033027 -0.183395 0.712816
v 0.015136 -0.183395 0.712816
v 0.033187 -0.241263 0.775714
v 0.031819 -0.242160 0.778705
v -0.040545 -0.241263 0.775714
v -0.040545 -0.258673 0.775713
v -0.039178 -0.259571 0.778705
v -0.039178 -0.242160 0.778705
v 0.016327 -0.259571 0.778705
v 0.016327 -0.242160 0.778705
v 0.014650 -0.241263 0.775714
v 0.014650 -0.258673 0.775713
v -0.023686 -0.242160 0.778705
v -0.023686 -0.259571 0.778705
v -0.022009 -0.258673 0.775713
v -0.022009 -0.241263 0.775714
v 0.040297 -0.293408 0.430926
v 0.034252 -0.317062 -0.001709
v 0.040297 -0.293408 -0.001709
v 0.034252 -0.317062 0.430926
v 0.017736 -0.334379 -0.001709
v 0.017737 -0.334379 0.430926
v -0.004824 -0.340717 -0.001709
v -0.004824 -0.340717 0.430926
v -0.027383 -0.334379 -0.001709
v -0.027383 -0.334379 0.430926
v -0.043899 -0.317063 -0.001709
v -0.043899 -0.317063 0.430926
v -0.049944 -0.293408 -0.001709
v -0.049944 -0.293408 0.430926
v -0.043899 -0.269754 -0.001709
v -0.043899 -0.269754 0.430926
v -0.027383 -0.252438 -0.001709
v -0.027383 -0.252438 0.430926
v -0.004824 -0.246100 -0.001709
v -0.004824 -0.246100 0.430926
v 0.017736 -0.252438 -0.001709
v 0.017737 -0.252438 0.430926
v 0.034252 -0.269754 -0.001709
v 0.034252 -0.269754 0.430926
v -0.058132 -0.293308 0.706990
v -0.050946 -0.321427 0.712916
v -0.058132 -0.293308 0.712916
v -0.050946 -0.321427 0.706990
v -0.031314 -0.342012 0.712916
v -0.058132 -0.293309 0.600328
v -0.031314 -0.342012 0.706990
v -0.004496 -0.349546 0.712916
v -0.050946 -0.321427 0.600328
v -0.004496 -0.349546 0.706990
v 0.022322 -0.342012 0.712916
v -0.031314 -0.342012 0.600328
v 0.022322 -0.342012 0.706990
v 0.041954 -0.321427 0.712916
v -0.004496 -0.349546 0.600328
v 0.022322 -0.342012 0.600328
v -0.031314 -0.342012 0.491692
v 0.041954 -0.321427 0.706990
v 0.049140 -0.293309 0.712916
v 0.049140 -0.293309 0.706990
v 0.041954 -0.265190 0.712916
v -0.004496 -0.349546 0.491692
v 0.041954 -0.321427 0.600328
v 0.041954 -0.265190 0.706990
v 0.022322 -0.244605 0.712916
v 0.049140 -0.293309 0.600328
v 0.022322 -0.244605 0.706990
v -0.004496 -0.237071 0.712916
v 0.041954 -0.265190 0.600328
v 0.049140 -0.293309 0.491692
v -0.004496 -0.237071 0.706990
v -0.031314 -0.244605 0.712916
v 0.022322 -0.244605 0.600328
v -0.031314 -0.244605 0.706990
v -0.050946 -0.265190 0.712916
v 0.041954 -0.265190 0.491692
v -0.004496 -0.237071 0.600328
v -0.050946 -0.265190 0.706990
v -0.031314 -0.244605 0.600328
v -0.050946 -0.265190 0.600328
v 0.022322 -0.244605 0.491692
v -0.004496 -0.237071 0.491692
v -0.050946 -0.265190 0.491692
v -0.058132 -0.293309 0.491692
v -0.031314 -0.244605 0.491692
v -0.050946 -0.265190 0.420972
v -0.058132 -0.293309 0.420972
v -0.031314 -0.244605 0.420972
v -0.004496 -0.237071 0.420972
v 0.022322 -0.244605 0.420972
v 0.041954 -0.265190 0.420972
v -0.050946 -0.265190 0.418088
v -0.058132 -0.293309 0.418088
v -0.031314 -0.244605 0.418088
v -0.004496 -0.237071 0.418088
v 0.022322 -0.244605 0.418088
v -0.040769 -0.271351 0.396359
v -0.046380 -0.293309 0.396359
v -0.025438 -0.255276 0.396359
v -0.004496 -0.249392 0.396359
v -0.039418 -0.272169 0.394176
v -0.044820 -0.293309 0.394176
v -0.024658 -0.256693 0.394176
v -0.004496 -0.251029 0.394176
v 0.015665 -0.256693 0.394176
v 0.016447 -0.255276 0.396359
v 0.030426 -0.272169 0.394176
v 0.031777 -0.271351 0.396359
v 0.035828 -0.293309 0.394176
v 0.041954 -0.265190 0.418088
v 0.030426 -0.314448 0.394176
v 0.037389 -0.293309 0.396359
v 0.049140 -0.293309 0.418088
v 0.015665 -0.329924 0.394176
v 0.031777 -0.315267 0.396359
v 0.049140 -0.293309 0.420972
v -0.004496 -0.335589 0.394176
v 0.041954 -0.321428 0.418088
v 0.016447 -0.331341 0.396359
v -0.024658 -0.329924 0.394176
v 0.041954 -0.321428 0.420972
v 0.022322 -0.342012 0.418088
v -0.004496 -0.337224 0.396359
v -0.039418 -0.314448 0.394176
v -0.025438 -0.331341 0.396359
v -0.040769 -0.315267 0.396359
v -0.004496 -0.349546 0.418088
v 0.022322 -0.342012 0.420972
v -0.031314 -0.342012 0.418088
v -0.050946 -0.321427 0.418088
v -0.004496 -0.349546 0.420972
v 0.041954 -0.321428 0.491692
v -0.031314 -0.342012 0.420972
v -0.050946 -0.321427 0.420972
v 0.022322 -0.342012 0.491692
v -0.050946 -0.321427 0.491692
v 0.024514 -0.291531 0.291152
v 0.027695 -0.291659 0.289657
v 0.024364 -0.291659 0.273837
v 0.020925 -0.291531 0.274108
v 0.024292 -0.291659 0.273497
v 0.020848 -0.291531 0.273741
v 0.021475 -0.279639 0.291152
v 0.018367 -0.281521 0.274108
v 0.021542 -0.279599 0.291519
v 0.024170 -0.277861 0.289657
v 0.021284 -0.279607 0.273837
v 0.024232 -0.277823 0.289997
v 0.019847 -0.276520 0.291519
v 0.022658 -0.274966 0.289997
v 0.011516 -0.267785 0.291519
v 0.012999 -0.264838 0.289997
v 0.011477 -0.267855 0.291152
v 0.012962 -0.264903 0.289657
v 0.019780 -0.276561 0.291152
v 0.022596 -0.275003 0.289657
v 0.009683 -0.271115 0.274108
v 0.011296 -0.267928 0.273837
v 0.016671 -0.278443 0.274108
v 0.019710 -0.276750 0.273837
v 0.019649 -0.276788 0.273497
v 0.016604 -0.278483 0.273741
v 0.018300 -0.281561 0.273741
v 0.021222 -0.279645 0.273497
v 0.000699 -0.210526 0.334657
v 0.000699 -0.210526 -0.010351
v -0.008581 -0.210526 -0.010351
v -0.008581 -0.210526 0.334657
v -0.013222 -0.218953 -0.010351
v -0.013222 -0.218953 0.334657
v -0.008581 -0.227379 -0.010351
v -0.008581 -0.227379 0.334657
v 0.000699 -0.227379 -0.010351
v 0.000699 -0.227379 0.334657
v 0.005339 -0.218953 -0.010351
v 0.005339 -0.218953 0.334657
v 0.045665 -0.365481 0.569272
v 0.051673 -0.365481 0.578642
v 0.049898 -0.365484 0.578644
v 0.052770 -0.362379 0.567350
v 0.058774 -0.362379 0.580553
v 0.051657 -0.373041 0.583327
v 0.049883 -0.373044 0.583329
v 0.057489 -0.373043 0.564588
v 0.043890 -0.365484 0.569274
v 0.059264 -0.373041 0.564587
v 0.057474 -0.380603 0.569273
v 0.059249 -0.380601 0.569272
v 0.066366 -0.373031 0.560748
v 0.063481 -0.380603 0.578644
v 0.065256 -0.380601 0.578642
v 0.058753 -0.373031 0.587154
v 0.052738 -0.368915 0.567349
v 0.058742 -0.368915 0.580553
v 0.058776 -0.360163 0.581926
v 0.058751 -0.373031 0.589901
v 0.058738 -0.371131 0.581926
v 0.052735 -0.371131 0.565976
v 0.052774 -0.360163 0.565977
v 0.066367 -0.373031 0.558002
v 0.058778 -0.358956 0.582674
v 0.052777 -0.358956 0.565229
v 0.066368 -0.373031 0.556506
v 0.052734 -0.372338 0.565228
v 0.058751 -0.373031 0.591397
v 0.058736 -0.372338 0.582674
v -0.068278 -0.372543 0.582791
v -0.068265 -0.372543 0.565345
v -0.068237 -0.373236 0.556623
v -0.068221 -0.359162 0.565346
v -0.068262 -0.373236 0.591514
v -0.068235 -0.359162 0.582791
v -0.068262 -0.373236 0.590018
v -0.068275 -0.371336 0.582043
v -0.068237 -0.360369 0.582043
v -0.068263 -0.371337 0.566093
v -0.068224 -0.360369 0.566094
v -0.068238 -0.373236 0.558119
v -0.068260 -0.373236 0.587271
v -0.068238 -0.362584 0.580670
v -0.068271 -0.369121 0.580670
v -0.068261 -0.369121 0.567467
v -0.068239 -0.373236 0.560865
v -0.068228 -0.362584 0.567467
v -0.061136 -0.365666 0.569377
v -0.061143 -0.365666 0.578748
v -0.059361 -0.365663 0.569376
v -0.059369 -0.373223 0.564691
v -0.061158 -0.373226 0.583433
v -0.061166 -0.380785 0.578747
v -0.059369 -0.365663 0.578746
v -0.059383 -0.373223 0.583431
v -0.061144 -0.373226 0.564692
v -0.061158 -0.380785 0.569377
v -0.059383 -0.380783 0.569376
v -0.059391 -0.380783 0.578746
v -0.007085 -0.418058 -0.075100
v 0.000115 -0.426810 -0.051790
v 0.000050 -0.376093 0.032111
v -0.022024 -0.387773 -0.115890
v -0.061130 -0.340645 0.041750
v -0.022024 -0.103266 -0.115891
v -0.020991 -0.076297 -0.398781
v -0.055237 -0.194032 0.009817
v -0.061130 -0.150368 0.041747
v -0.061130 -0.285119 0.107328
v -0.061130 -0.205935 0.107327
v -0.055239 -0.224320 0.041749
v -0.055242 -0.266721 0.041750
v 0.000119 -0.064101 -0.125526
v -0.007195 -0.072922 -0.125526
v 0.000050 -0.114827 0.032106
v -0.020992 -0.219256 -0.398780
v -0.055244 -0.297009 0.009819
v -0.018992 -0.107019 -0.415886
v -0.018984 -0.188462 -0.415886
v 0.000050 -0.205936 0.142188
v 0.000050 -0.285120 0.142189
v -0.041676 -0.245475 0.295347
v -0.039803 -0.105614 0.120839
v -0.038922 -0.105620 0.008098
v -0.041184 -0.245479 0.113601
v -0.042716 -0.379463 0.113591
v -0.000289 -0.096511 0.109470
v -0.000195 -0.096516 -0.002979
v -0.016096 -0.096578 -0.119251
v -0.016096 -0.310517 -0.062732
v -0.016096 -0.078042 -0.062594
v -0.048743 -0.078658 0.007629
v -0.048743 -0.405014 0.136585
v -0.087528 -0.343756 0.240741
v -0.087528 -0.271179 0.240741
v -0.010090 0.137230 -0.121927
v -0.010382 0.118912 -0.177461
v 0.000077 -0.327369 -0.062084
v 0.000077 -0.421417 0.108178
v 0.000111 -0.065234 -0.062001
v 0.000077 -0.065663 -0.007203
v -0.083225 -0.342217 0.250500
v -0.086227 -0.273938 0.250517
v -0.064921 -0.394505 0.729981
v -0.073758 -0.394076 0.465790
v -0.000085 -0.412296 0.488130
v -0.000085 -0.408305 0.730423
v -0.075299 -0.279081 0.571125
v -0.076403 -0.271728 0.547741
v -0.078236 -0.344511 0.396959
v -0.078646 -0.342076 0.387868
v 0.022197 -0.103266 -0.115756
v 0.062684 -0.150368 0.041882
v 0.058463 -0.194032 0.009952
v 0.021457 -0.076297 -0.398646
v 0.007337 -0.418058 -0.075100
v 0.022197 -0.387773 -0.115755
v 0.062684 -0.340645 0.041885
v 0.062684 -0.285120 0.107463
v 0.058466 -0.266721 0.041885
v 0.058464 -0.224321 0.041884
v 0.062684 -0.205935 0.107462
v 0.007446 -0.072922 -0.125526
v 0.021457 -0.219257 -0.398645
v 0.058467 -0.297009 0.009954
v 0.019243 -0.107019 -0.415886
v 0.019236 -0.188462 -0.415886
v 0.041676 -0.245475 0.295347
v 0.038922 -0.105620 0.008098
v 0.039395 -0.105614 0.120839
v 0.041183 -0.245480 0.113601
v 0.042716 -0.379463 0.113591
v 0.016350 -0.096579 -0.119251
v 0.016350 -0.310518 -0.062732
v 0.016350 -0.078042 -0.062594
v 0.048992 -0.078658 0.007629
v 0.048992 -0.405014 0.136585
v 0.087528 -0.343756 0.240741
v 0.087528 -0.271180 0.240741
v 0.010636 0.118911 -0.177461
v 0.010344 0.137229 -0.121927
v 0.083225 -0.342217 0.250500
v 0.086227 -0.273938 0.250517
v 0.064921 -0.394506 0.729981
v 0.073758 -0.394076 0.465790
v 0.075299 -0.279081 0.571125
v 0.076403 -0.271728 0.547741
v 0.078236 -0.344512 0.396959
v 0.078646 -0.342076 0.387868
v -0.000105 -0.115360 0.132429
v -0.007199 -0.343746 -0.132997
v -0.013398 -0.320662 -0.132998
v 0.000114 -0.351866 -0.132996
v 0.007429 -0.343786 -0.132996
v 0.013632 -0.320736 -0.132995
v -0.013384 -0.170175 -0.132999
v -0.007182 -0.147125 -0.132998
v 0.000133 -0.139045 -0.132998
v 0.007446 -0.147165 -0.132997
v 0.013645 -0.170248 -0.132996
v -0.000108 -0.245505 -0.135886
v 0.000012 -0.245491 -0.140994
v 0.000020 -0.219245 -0.140994
v -0.000090 -0.205942 -0.135887
v -0.000090 -0.285061 -0.135886
v 0.000045 -0.196990 -0.140994
v 0.000021 -0.271732 -0.140993
v -0.000040 -0.172394 -0.135887
v -0.000040 -0.318587 -0.135886
v 0.000081 -0.182114 -0.140995
v 0.000045 -0.293973 -0.140994
v 0.000035 -0.149970 -0.135888
v 0.000036 -0.340980 -0.135887
v 0.000124 -0.176882 -0.140995
v 0.000081 -0.308828 -0.140994
v 0.000124 -0.142082 -0.135889
v 0.000124 -0.348830 -0.135887
v 0.000167 -0.182089 -0.140996
v 0.000124 -0.314035 -0.140994
v 0.000213 -0.149932 -0.135889
v 0.000213 -0.340942 -0.135888
v 0.000204 -0.196944 -0.140996
v 0.000167 -0.308803 -0.140995
v 0.000288 -0.172325 -0.135890
v 0.000289 -0.318517 -0.135889
v 0.000228 -0.219185 -0.140996
v 0.000204 -0.293926 -0.140996
v 0.000339 -0.205851 -0.135890
v 0.000339 -0.284970 -0.135889
v 0.000237 -0.245426 -0.140996
v 0.000228 -0.271671 -0.140996
v 0.000356 -0.245407 -0.135890
v -0.018989 -0.245403 -0.132999
v 0.019236 -0.245507 -0.132995
v -0.000000 0.681963 -1.148620
v -0.000000 0.873075 -1.127968
v -0.000000 0.878963 -1.121291
v -0.011241 0.689662 -1.128456
v -0.000000 0.471660 -1.129338
v -0.012609 0.493814 -1.090069
v -0.000000 0.253453 -1.055414
v -0.013924 0.295060 -1.003805
v 0.000000 0.041924 -0.926518
v -0.015221 0.104129 -0.870933
v 0.000000 -0.135563 -0.755681
v -0.016402 -0.054084 -0.705604
v 0.000000 -0.292261 -0.512042
v -0.017691 -0.195170 -0.475221
v -0.018642 -0.280032 -0.210746
v 0.000000 -0.384677 -0.228373
v 0.000000 -0.414869 0.106877
v -0.019769 -0.306550 0.101633
v -0.018001 -0.133636 0.092664
v -0.016891 -0.111478 -0.182954
v -0.015946 -0.036661 -0.415882
v -0.014728 0.083424 -0.621750
v -0.013696 0.214002 -0.774356
v -0.012616 0.373399 -0.906945
v -0.011575 0.542568 -1.005307
v -0.010623 0.710706 -1.074104
v -0.000000 0.880721 -1.114377
v -0.000000 -0.106873 0.091205
v -0.000000 -0.086419 -0.178890
v -0.000000 -0.014728 -0.407749
v -0.000000 0.099953 -0.611743
v -0.000000 0.226259 -0.763679
v 0.000000 0.381441 -0.897092
v -0.000000 0.546960 -0.997739
v -0.000000 0.712953 -1.068371
v 0.011241 0.689662 -1.128456
v 0.012609 0.493813 -1.090069
v 0.013924 0.295060 -1.003805
v 0.015221 0.104129 -0.870933
v 0.016402 -0.054084 -0.705604
v 0.017691 -0.195170 -0.475221
v 0.018642 -0.280032 -0.210746
v 0.019769 -0.306550 0.101633
v 0.018001 -0.133637 0.092664
v 0.016891 -0.111479 -0.182954
v 0.015946 -0.036661 -0.415882
v 0.014728 0.083424 -0.621750
v 0.013696 0.214002 -0.774356
v 0.012616 0.373399 -0.906945
v 0.011575 0.542568 -1.005307
v 0.010622 0.710706 -1.074104
v 0.000009 0.300770 -0.032177
v 0.000015 -0.234650 -0.032153
v -0.007588 -0.234654 -0.030080
v -0.007600 0.300767 -0.030102
v -0.014035 -0.234657 -0.024164
v -0.014052 0.300764 -0.024182
v -0.018345 -0.234658 -0.015308
v -0.018365 0.300763 -0.015319
v -0.019861 -0.234657 -0.004859
v -0.019882 0.300764 -0.004862
v -0.018352 -0.234655 0.005592
v -0.018372 0.300766 0.005597
v -0.014049 -0.234651 0.014454
v -0.014065 0.300770 0.014466
v -0.007606 -0.234646 0.020378
v -0.007617 0.300774 0.020394
v -0.000004 -0.234642 0.022462
v -0.000010 0.300778 0.022479
v 0.007600 -0.234638 0.020388
v 0.007600 0.300782 0.020404
v 0.014047 -0.234635 0.014473
v 0.014052 0.300784 0.014484
v 0.018356 -0.234634 0.005616
v 0.018364 0.300785 0.005621
v 0.019872 -0.234635 -0.004833
v 0.019881 0.300784 -0.004836
v 0.018364 -0.234637 -0.015284
v 0.018372 0.300782 -0.015295
v 0.014060 -0.234641 -0.024146
v 0.014065 0.300779 -0.024164
v 0.007617 -0.234646 -0.030070
v 0.007617 0.300775 -0.030092
vn -0.6328 0.7301 -0.2579
vn -0.0914 -0.8164 -0.5702
vn -0.7276 0.0097 -0.6859
vn -0.8786 -0.4125 0.2407
vn -0.5624 0.7738 0.2912
vn -0.5441 -0.3279 0.7723
vn -0.5947 0.5584 0.5783
vn -0.0244 -0.1685 0.9854
vn -0.3896 0.8939 0.2219
vn -0.0222 -0.8357 0.5488
vn 0.4046 -0.9139 -0.0337
vn 0.1198 -0.9116 -0.3931
vn -0.9367 -0.3341 -0.1049
vn 0.0987 -0.7146 -0.6925
vn -0.9485 -0.2310 -0.2166
vn 0.0949 -0.5093 -0.8554
vn -0.9276 -0.2158 -0.3048
vn 0.1157 -0.6036 -0.7889
vn -0.8988 -0.2312 -0.3724
vn 0.0510 -0.8560 -0.5144
vn -0.8879 -0.2211 -0.4035
vn -0.1242 -0.9763 -0.1771
vn -0.9104 -0.1786 -0.3731
vn -0.3280 -0.9222 0.2047
vn -0.9837 -0.1253 -0.1287
vn -0.3171 -0.7868 0.5296
vn -0.9844 0.0513 0.1682
vn -0.2804 -0.7470 0.6028
vn -0.9571 0.1475 0.2494
vn -0.2994 -0.8039 0.5139
vn -0.9651 0.1552 0.2108
vn -0.3381 -0.8916 0.3013
vn -0.9871 0.1262 0.0980
vn -0.3306 -0.9432 -0.0316
vn -0.9888 0.1202 -0.0890
vn -0.2354 -0.8855 -0.4006
vn -0.9398 0.1501 -0.3070
vn -0.0665 -0.7381 -0.6714
vn -0.8356 0.2396 -0.4944
vn 0.0573 -0.6142 -0.7871
vn -0.7058 0.3280 -0.6279
vn -0.0113 -0.6505 -0.7594
vn -0.6054 0.3526 -0.7136
vn -0.4504 -0.7479 -0.4876
vn -0.5990 0.2921 -0.7455
vn -0.8321 -0.5327 -0.1546
vn -0.5462 0.4188 -0.7254
vn -0.9214 -0.3843 -0.0575
vn -0.5416 0.4935 -0.6805
vn 0.8179 -0.5650 0.1085
vn 0.7874 -0.5971 0.1532
vn 0.7227 -0.6706 0.1676
vn 0.5719 -0.8004 0.1796
vn 0.1689 -0.9258 0.3382
vn -0.0499 -0.7921 0.6084
vn -0.0703 -0.7587 0.6477
vn 0.8255 -0.5597 0.0733
vn -0.0426 -0.8442 0.5344
vn -0.9537 -0.3008 -0.0023
vn 0.8114 -0.5813 0.0614
vn -0.0147 -0.9553 0.2951
vn -0.9655 -0.2557 0.0496
vn 0.8028 -0.5919 0.0725
vn -0.0681 -0.9972 0.0310
vn -0.9488 -0.2417 0.2033
vn 0.7956 -0.5953 0.1120
vn -0.2077 -0.9675 -0.1445
vn -0.7793 -0.2977 0.5514
vn 0.7847 -0.5921 0.1835
vn -0.2226 -0.9364 -0.2714
vn -0.5602 -0.4260 0.7104
vn 0.7559 -0.5934 0.2766
vn -0.1065 -0.9464 -0.3049
vn -0.6437 -0.4526 0.6171
vn 0.8134 -0.5229 0.2550
vn 0.0280 -0.9848 -0.1716
vn -0.8375 -0.3942 0.3785
vn 0.9047 -0.4250 0.0284
vn 0.0877 -0.9942 0.0629
vn -0.9237 -0.3705 0.0975
vn 0.9641 -0.2023 -0.1719
vn -0.0118 -0.9987 0.0498
vn -0.9650 -0.2612 -0.0222
vn -0.1215 -0.9911 -0.0551
vn -0.9644 -0.2637 0.0185
vn 0.9419 -0.3316 -0.0534
vn 0.9638 -0.2605 0.0571
vn 0.9474 -0.3106 -0.0774
vn 0.5467 0.8360 -0.0482
vn 0.5331 0.8455 0.0317
vn -0.6652 0.7436 0.0682
vn 0.8285 -0.2819 -0.4839
vn 0.6445 0.7609 -0.0753
vn 0.5410 -0.1893 -0.8194
vn 0.6116 0.7660 -0.1980
vn -0.5862 0.8100 -0.0154
vn -0.6010 0.7979 -0.0459
vn -0.4460 0.8143 0.3715
vn 0.4346 -0.1426 -0.8893
vn 0.5303 0.7983 -0.2855
vn -0.2148 0.7361 0.6419
vn 0.7339 -0.2434 -0.6341
vn 0.4633 0.8539 -0.2370
vn -0.1452 0.6627 0.7347
vn 0.9407 -0.2826 -0.1876
vn 0.4589 0.8793 -0.1276
vn -0.4126 0.7208 0.5569
vn 0.9696 -0.2211 0.1046
vn 0.5168 0.8479 -0.1184
vn -0.5934 0.7967 0.1148
vn 0.9454 -0.1433 0.2927
vn 0.5393 0.8090 -0.2339
vn -0.5943 0.7607 -0.2611
vn 0.8964 -0.0567 0.4397
vn 0.5573 0.7476 -0.3612
vn -0.5748 0.6238 -0.5296
vn 0.8290 0.0043 0.5593
vn 0.5770 0.7196 -0.3862
vn 0.5249 0.7954 -0.3031
vn 0.6498 -0.0005 0.7601
vn 0.1101 0.9937 0.0193
vn 0.4233 0.0915 0.9013
vn -0.3507 0.8683 0.3508
vn 0.4219 0.1623 0.8920
vn -0.4451 0.7905 0.4208
vn 0.5686 0.3313 0.7530
vn -0.3740 0.8440 0.3844
vn 0.7347 0.4942 0.4647
vn -0.2697 0.9369 0.2223
vn 0.8259 0.5583 0.0782
vn -0.2076 0.9780 -0.0190
vn 0.8231 0.5050 -0.2597
vn -0.2281 0.9433 -0.2413
vn 0.7811 0.4212 -0.4610
vn -0.2766 0.8822 -0.3811
vn 0.7598 0.3776 -0.5292
vn -0.3302 0.8342 -0.4416
vn 0.7908 0.4452 -0.4199
vn -0.3734 0.8280 -0.4183
vn 0.7938 0.6068 -0.0410
vn -0.4386 0.8494 -0.2935
vn 0.6911 0.6375 0.3405
vn -0.4668 0.8819 -0.0662
vn 0.6347 0.5617 0.5307
vn -0.6032 0.7510 0.2685
vn 0.5767 0.4676 0.6699
vn -0.6728 0.4782 0.5645
vn 0.9788 -0.0763 -0.1899
vn -0.6645 0.3654 0.6518
vn 0.5133 0.4557 0.7272
vn 0.9907 -0.0804 -0.1097
vn -0.6375 0.5429 0.5466
vn 0.4822 0.6252 0.6137
vn 0.9885 -0.1231 -0.0873
vn -0.6224 0.7185 0.3103
vn 0.4852 0.8228 0.2960
vn 0.7564 -0.0487 -0.6523
vn 0.3711 0.7989 -0.4733
vn 0.5269 -0.5428 -0.6540
vn 0.6302 -0.2239 -0.7434
vn 0.1905 0.7235 -0.6635
vn 0.5261 0.8445 -0.0997
vn 0.1710 0.7361 -0.6549
vn -0.1597 -0.7941 -0.5864
vn 0.1739 -0.8384 0.5165
vn -0.2635 -0.7674 0.5845
vn -0.5618 -0.7807 -0.2736
vn -0.2883 0.4130 -0.8639
vn 0.8018 -0.4226 0.4225
vn -0.6322 0.2830 -0.7212
vn -0.0690 0.9954 -0.0666
vn -0.3784 -0.9155 0.1367
vn 0.8443 -0.4918 0.2128
vn 0.1386 0.9290 -0.3432
vn 0.3042 0.2379 0.9224
vn -0.9021 0.0102 -0.4314
vn -0.2298 -0.9720 -0.0488
vn 0.8604 -0.4938 0.1256
vn 0.6502 -0.0424 0.7586
vn -0.2043 0.8195 -0.5355
vn 0.6989 0.6567 -0.2833
vn -0.9710 -0.0413 -0.2357
vn -0.2106 -0.9585 -0.1922
vn 0.8186 -0.5710 -0.0626
vn 0.7357 0.6549 0.1726
vn -0.3479 0.9323 -0.0988
vn -0.9685 -0.0579 -0.2424
vn -0.2568 -0.9661 -0.0255
vn 0.7978 -0.5773 -0.1740
vn 0.6989 0.6662 0.2603
vn -0.4162 0.9086 0.0351
vn -0.9869 -0.1555 0.0437
vn -0.1075 -0.9105 0.3992
vn 0.9317 -0.3393 -0.1299
vn -0.0802 -0.1815 0.9801
vn -0.5197 0.8524 0.0582
vn -0.8663 -0.1070 0.4879
vn 0.1244 -0.8941 0.4302
vn 0.9641 -0.1645 0.2087
vn -0.5404 -0.4058 -0.7371
vn -0.5530 0.8314 -0.0534
vn -0.9256 -0.1693 0.3384
vn 0.1131 -0.9783 0.1736
vn 0.9751 -0.1376 0.1737
vn 0.5876 0.5976 -0.5455
vn -0.4665 0.8453 -0.2602
vn -0.9352 -0.3301 -0.1282
vn 0.0922 -0.9816 -0.1673
vn 0.9848 -0.0125 -0.1734
vn 0.5696 0.8210 -0.0397
vn -0.5273 0.8117 -0.2512
vn -0.9034 -0.3401 -0.2613
vn 0.1009 -0.8761 -0.4715
vn 0.8951 0.1143 -0.4310
vn 0.3807 0.8886 0.2557
vn -0.6954 0.7186 -0.0043
vn -0.9023 -0.4264 -0.0631
vn 0.0935 -0.7753 -0.6246
vn 0.9028 0.0965 -0.4190
vn 0.3590 0.8624 0.3569
vn -0.7311 0.5486 0.4056
vn -0.8166 -0.5738 0.0621
vn 0.2341 -0.8047 -0.5455
vn 0.9854 0.0154 -0.1693
vn 0.3864 0.8522 0.3529
vn -0.6623 0.3834 0.6437
vn -0.7349 -0.6766 0.0458
vn 0.3460 -0.9012 -0.2609
vn 0.9976 0.0157 -0.0668
vn 0.4094 0.8799 0.2412
vn -0.7306 0.4206 0.5379
vn -0.7557 -0.6549 0.0048
vn 0.3209 -0.9431 -0.0873
vn 0.9838 0.0355 -0.1756
vn 0.3598 0.9230 0.1364
vn -0.8125 0.5312 0.2400
vn -0.7964 -0.6046 0.0093
vn 0.3007 -0.9484 -0.1005
vn 0.9761 0.0401 -0.2134
vn 0.2805 0.9586 0.0483
vn -0.8341 0.5430 0.0971
vn -0.7905 -0.5981 0.1315
vn 0.3671 -0.9257 -0.0911
vn 0.9972 0.0249 0.0699
vn 0.2444 0.9695 -0.0193
vn -0.8226 0.5387 0.1821
vn -0.7597 -0.6343 0.1433
vn 0.3994 -0.9164 0.0260
vn 0.9842 -0.0607 0.1665
vn 0.2979 0.9542 -0.0272
vn -0.8111 0.5565 0.1800
vn -0.7500 -0.6613 -0.0117
vn 0.1937 -0.9516 0.2385
vn 0.9905 -0.0931 0.1007
vn 0.3498 0.9362 -0.0341
vn -0.8180 0.5737 -0.0427
vn -0.8029 -0.5932 -0.0596
vn 0.1478 -0.9413 0.3036
vn 0.9951 -0.0944 0.0300
vn 0.3573 0.9287 -0.0995
vn -0.8037 0.5416 -0.2464
vn -0.8827 -0.4645 0.0718
vn 0.1514 -0.9652 0.2132
vn 0.9877 -0.1188 -0.1013
vn 0.4392 0.8703 -0.2231
vn -0.7478 0.6107 -0.2606
vn -0.9092 -0.4017 0.1094
vn 0.1326 -0.9905 0.0373
vn 0.9380 -0.1333 -0.3200
vn 0.4523 0.8696 -0.1979
vn -0.7141 0.6776 -0.1759
vn -0.9096 -0.3965 0.1240
vn 0.0634 -0.9879 -0.1413
vn 0.7994 -0.0704 -0.5966
vn 0.4271 0.9005 -0.0820
vn -0.7086 0.7051 0.0257
vn -0.8786 -0.4086 0.2471
vn -0.0371 -0.9605 -0.2758
vn 0.6966 -0.0661 -0.7144
vn 0.4161 0.9085 -0.0379
vn -0.6672 0.6766 0.3115
vn -0.7731 -0.4594 0.4372
vn 0.0011 -0.9450 -0.3272
vn 0.8591 -0.1350 -0.4936
vn 0.3892 0.9195 -0.0556
vn -0.5168 0.6261 0.5839
vn -0.6908 -0.5422 0.4783
vn 0.1667 -0.9592 -0.2283
vn 0.9521 -0.1255 -0.2788
vn 0.1326 -0.9882 -0.0761
vn -0.7614 -0.5530 0.3384
vn -0.8649 -0.4429 0.2360
vn -0.4331 0.6298 0.6448
vn 0.4463 0.8889 -0.1031
vn -0.5752 0.7011 0.4215
vn -0.6980 0.6777 0.2313
vn 0.4992 0.8575 -0.1244
vn 0.3992 0.9134 -0.0790
vn 0.0883 0.9767 0.1955
vn -0.3062 0.9327 0.1905
vn 0.0936 0.9763 0.1952
vn -0.3097 0.9319 0.1890
vn -0.4629 0.7605 0.4554
vn -0.9346 -0.1798 -0.3068
vn 0.9159 -0.1262 0.3810
vn -0.0232 0.8487 -0.5284
vn 0.5737 0.3537 -0.7387
vn -0.0082 0.8897 0.4564
vn 0.6534 0.7083 -0.2674
vn 0.6893 0.7120 0.1337
vn 0.7353 0.5795 0.3513
vn 0.6834 0.7243 -0.0916
vn 0.3248 0.7315 0.5995
vn -0.9838 0.1784 -0.0157
vn 0.7269 0.6862 0.0270
vn 0.6750 0.6963 0.2440
vn 0.4063 0.7437 0.5308
vn 0.7238 -0.6835 0.0943
vn 0.6661 0.7250 -0.1751
vn -0.0000 -0.9991 0.0424
vn 0.7533 -0.6393 0.1544
vn 0.6001 0.4148 -0.6839
vn 0.5599 -0.7085 -0.4297
vn -0.0000 -0.9721 0.2347
vn -0.5067 -0.8612 0.0412
vn -0.4860 -0.6446 -0.5902
vn -0.6939 -0.7201 -0.0059
vn -0.7533 -0.6393 0.1544
vn -0.6960 0.7135 -0.0810
vn -0.0000 -0.8550 -0.5186
vn -0.5599 -0.7085 -0.4297
vn -0.9001 0.4312 -0.0626
vn -0.6661 0.7250 -0.1751
vn 0.0009 0.9925 -0.1220
vn -0.0023 0.9992 -0.0407
vn -0.6001 0.4148 -0.6839
vn -0.0000 0.9721 -0.2348
vn -0.0000 0.5186 -0.8550
vn -0.0000 0.9867 -0.1628
vn -0.0000 0.9690 0.2471
vn -0.8375 0.5435 -0.0573
vn -0.5293 0.8056 0.2662
vn -0.5866 0.5762 0.5691
vn 0.2632 0.7540 0.6018
vn -0.8251 0.2093 0.5248
vn -0.2895 0.8653 0.4092
vn -0.8257 -0.0105 0.5639
vn -0.9777 -0.1460 0.1508
vn -0.9333 -0.3552 -0.0525
vn -0.9460 -0.3038 0.1132
vn 0.0230 0.8486 -0.5285
vn -0.3255 0.7311 0.5996
vn 0.9846 -0.0868 0.1516
vn 0.2899 0.8655 0.4086
vn -0.6952 0.5337 0.4816
vn -0.6233 0.7241 0.2952
vn -0.7355 0.6742 -0.0667
vn -0.7802 -0.6242 0.0414
vn 0.7885 0.1635 -0.5930
vn 0.7510 -0.1817 -0.6348
vn 0.9382 -0.2213 -0.2661
vn -0.4720 -0.4573 -0.7537
vn 0.7230 -0.2513 -0.6435
vn -0.6951 0.7080 -0.1251
vn -0.6824 -0.7309 0.0071
vn -0.7182 0.6956 -0.0163
vn -0.0000 -0.9991 0.0422
vn 0.7389 -0.6717 0.0526
vn -0.7153 -0.6965 0.0565
vn -0.7533 -0.6394 0.1544
vn -0.0000 -0.9721 0.2348
vn 0.6913 -0.7225 -0.0116
vn 0.7533 -0.6394 0.1544
vn 0.6941 0.7155 -0.0788
vn 0.7522 0.6558 -0.0634
vn -0.0000 0.9992 -0.0407
vn -0.0006 0.9925 -0.1220
vn 0.6320 0.7548 -0.1755
vn 0.0021 0.9693 0.2459
vn 0.6403 0.7629 0.0890
vn -0.2603 0.7565 0.5999
vn 0.5926 0.6224 0.5114
vn 0.8250 0.2091 0.5249
vn 0.8407 0.2293 0.4905
vn 0.9778 -0.1457 0.1507
vn 0.9488 -0.3094 0.0639
vn 0.9314 -0.3493 -0.1020
vn -0.6332 -0.0000 0.7740
vn -0.9063 0.3942 -0.1523
vn -0.9849 0.0916 -0.1470
vn -0.6165 0.7765 0.1302
vn -0.9219 -0.3655 0.1282
vn -0.3129 0.7439 -0.5905
vn -0.0365 0.9993 0.0077
vn -0.6166 0.7765 0.1296
vn -0.4312 0.3641 0.8255
vn 0.0219 0.7257 0.6877
vn -0.9216 -0.3660 0.1293
vn -0.5635 -0.1050 0.8194
vn -0.5480 -0.8364 0.0072
vn -0.5479 -0.8365 0.0077
vn -0.3521 -0.6256 0.6962
vn -0.2920 0.1608 0.9428
vn -0.1870 0.5202 0.8333
vn 0.3981 0.6176 0.6782
vn -0.3357 -0.0000 0.9420
vn 0.4909 -0.2728 0.8274
vn 0.2860 -0.4769 0.8311
vn -0.1699 0.2807 0.9446
vn -0.5413 0.1856 0.8201
vn 0.1028 0.5412 0.8346
vn -0.1397 0.9813 0.1325
vn 0.4870 0.8733 0.0094
vn 0.4871 0.8733 0.0079
vn -0.1402 0.9810 0.1342
vn 0.1223 0.7984 -0.5895
vn -0.9818 0.1369 0.1313
vn -0.5961 0.7873 -0.1573
vn -0.0000 -0.5532 0.8330
vn -0.0000 0.3250 0.9457
vn -0.0000 -0.9776 0.2106
vn 0.5042 -0.8381 0.2082
vn -0.2860 -0.4769 0.8311
vn -0.5042 -0.8381 0.2081
vn 0.8564 -0.4745 0.2034
vn 0.5641 -0.0000 0.8257
vn -0.0000 -0.6855 0.7281
vn -0.3540 -0.5867 0.7283
vn 0.3540 -0.5867 0.7283
vn -0.5995 -0.3311 0.7286
vn 0.5995 -0.3312 0.7286
vn -0.6847 -0.0000 0.7288
vn -0.8564 -0.4745 0.2034
vn 0.9795 -0.0000 0.2013
vn 0.6847 -0.0000 0.7289
vn -0.4909 -0.2728 0.8274
vn -0.9796 -0.0000 0.2012
vn -0.5995 0.3311 0.7286
vn 0.1702 0.2812 0.9444
vn 0.4909 0.2728 0.8274
vn 0.8565 0.4744 0.2034
vn 0.5995 0.3311 0.7286
vn -0.2920 -0.1608 0.9428
vn -0.5642 -0.0000 0.8256
vn 0.2923 0.1610 0.9427
vn 0.5405 0.1854 0.8207
vn -0.8565 0.4744 0.2034
vn -0.3540 0.5867 0.7283
vn 0.3540 0.5867 0.7283
vn -0.0000 0.6855 0.7281
vn -0.5042 0.8381 0.2081
vn -0.4909 0.2727 0.8274
vn 0.5042 0.8381 0.2081
vn -0.0000 0.9776 0.2106
vn 0.2860 0.4769 0.8311
vn -0.2860 0.4769 0.8311
vn -0.0000 0.5532 0.8331
vn 0.3357 -0.0000 0.9420
vn -0.1698 -0.2805 0.9447
vn -0.5413 -0.1856 0.8201
vn 0.2924 -0.1611 0.9426
vn 0.1703 -0.2814 0.9444
vn 0.4307 -0.3637 0.8259
vn -0.0000 -0.3250 0.9457
vn -0.3697 -0.4231 0.8272
vn -0.1022 -0.5419 0.8342
vn 0.1027 -0.5411 0.8347
vn 0.3697 -0.4230 0.8273
vn 0.7289 0.0218 0.6843
vn -0.7289 0.0217 0.6843
vn -0.9994 -0.0333 0.0073
vn -0.7847 -0.6053 0.1336
vn -0.9994 -0.0333 0.0074
vn -0.7847 -0.6053 0.1338
vn 0.3747 -0.9169 0.1379
vn 0.6569 -0.3383 0.6738
vn -0.6185 0.3665 0.6951
vn 0.8590 -0.5120 0.0066
vn 0.3746 -0.9173 0.1354
vn -0.4134 -0.8980 -0.1508
vn -0.1125 -0.9812 -0.1570
vn 0.8591 -0.5118 0.0075
vn 0.5057 -0.6247 -0.5951
vn -0.0000 -0.6246 0.7809
vn 0.4134 -0.8980 -0.1508
vn -0.7401 -0.3018 -0.6009
vn 0.7402 -0.3016 -0.6009
vn 0.9994 -0.0331 0.0073
vn 0.7849 -0.6050 0.1342
vn 0.7848 -0.6052 0.1336
vn 0.1127 -0.9812 -0.1565
vn -0.3754 -0.9169 0.1358
vn 0.3235 -0.5368 0.7792
vn -0.5049 -0.6246 -0.5957
vn -0.8590 -0.5119 0.0072
vn -0.3758 -0.9167 0.1359
vn -0.8590 -0.5120 0.0082
vn -0.6555 -0.3374 0.6757
vn 0.8136 -0.5629 -0.1457
vn 0.3748 -0.6221 0.6874
vn 0.5523 -0.3053 0.7757
vn 0.6352 -0.3515 0.6877
vn -0.0000 -0.7265 0.6872
vn -0.3236 -0.5368 0.7792
vn 0.8722 -0.4838 0.0721
vn 0.5136 -0.8549 0.0737
vn 0.9975 -0.0000 0.0712
vn -0.0000 -0.9972 0.0745
vn 0.7259 -0.0000 0.6878
vn 0.8722 0.4838 0.0721
vn -0.3748 -0.6221 0.6874
vn -0.5136 -0.8549 0.0737
vn 0.6352 0.3515 0.6877
vn 0.5136 0.8549 0.0737
vn -0.6353 -0.3515 0.6877
vn -0.8722 -0.4838 0.0720
vn 0.6331 -0.0000 0.7741
vn 0.3748 0.6221 0.6874
vn -0.0000 0.9972 0.0745
vn -0.5523 -0.3054 0.7757
vn -0.7259 -0.0000 0.6878
vn -0.9975 -0.0000 0.0713
vn 0.5522 0.3053 0.7758
vn -0.0000 0.7264 0.6872
vn -0.5136 0.8549 0.0736
vn -0.6353 0.3515 0.6877
vn -0.8722 0.4838 0.0720
vn -0.3748 0.6222 0.6873
vn 0.3236 0.5368 0.7792
vn -0.5523 0.3054 0.7757
vn -0.3236 0.5368 0.7791
vn -0.0000 0.6245 0.7810
vn 0.1125 0.9813 -0.1563
vn -0.4133 0.8980 -0.1508
vn -0.8135 0.5629 -0.1461
vn 0.4133 0.8980 -0.1508
vn 0.7400 0.3017 -0.6012
vn -0.7399 0.3018 -0.6012
vn -0.9994 0.0333 0.0074
vn -0.1123 0.9812 -0.1568
vn 0.5054 0.6249 -0.5950
vn -0.7847 0.6053 0.1336
vn 0.3746 0.9172 0.1359
vn 0.8590 0.5120 0.0076
vn -0.7847 0.6054 0.1335
vn 0.3745 0.9170 0.1373
vn 0.8590 0.5119 0.0071
vn -0.3698 0.4231 0.8272
vn 0.6566 0.3378 0.6743
vn 0.3698 0.4230 0.8272
vn -0.7291 -0.0217 0.6841
vn 0.7292 -0.0218 0.6840
vn -0.1022 0.5421 0.8341
vn 0.7847 0.6053 0.1335
vn 0.9994 0.0331 0.0073
vn 0.7848 0.6052 0.1336
vn -0.3753 0.9169 0.1359
vn -0.6556 0.3373 0.6756
vn 0.6184 -0.3667 0.6951
vn -0.8591 0.5118 0.0084
vn -0.3759 0.9165 0.1369
vn -0.8590 0.5120 0.0072
vn -0.5045 0.6248 -0.5959
vn 0.7945 -0.0895 -0.6007
vn 0.8136 0.5629 -0.1457
vn 0.5962 0.7873 -0.1572
vn 0.1399 0.9810 0.1341
vn 0.9849 0.0914 -0.1468
vn 0.6494 -0.4730 -0.5955
vn 0.9064 0.3938 -0.1527
vn 0.6164 0.7767 0.1295
vn 0.9220 -0.3654 0.1278
vn 0.5480 -0.8364 0.0078
vn 0.9219 -0.3658 0.1277
vn 0.5479 -0.8365 0.0077
vn 0.9820 0.1370 0.1299
vn 0.8917 -0.4525 0.0078
vn 0.9816 0.1370 0.1328
vn 0.8918 -0.4524 0.0076
vn 0.6164 0.7766 0.1298
vn 0.0365 0.9993 0.0077
vn -0.0219 0.7258 0.6876
vn 0.4307 0.3637 0.8260
vn 0.1400 0.9813 0.1324
vn 0.5640 -0.1051 0.8190
vn 0.3519 -0.6254 0.6964
vn -0.4872 0.8732 0.0097
vn -0.4870 0.8734 0.0077
vn -0.3985 0.6175 0.6782
vn 0.1875 0.5204 0.8331
vn -0.0219 -0.7258 0.6876
vn 0.5640 0.1052 0.8190
vn 0.3518 0.6254 0.6965
vn 0.9219 0.3657 0.1279
vn 0.5478 0.8365 0.0082
vn 0.9218 0.3659 0.1280
vn 0.5478 0.8366 0.0080
vn 0.9850 -0.0915 -0.1465
vn 0.6494 0.4734 -0.5951
vn 0.9064 -0.3938 -0.1527
vn 0.6164 -0.7767 0.1295
vn 0.6164 -0.7766 0.1298
vn 0.1874 -0.5203 0.8332
vn 0.0365 -0.9993 0.0077
vn 0.3127 -0.7443 -0.5901
vn -0.3983 -0.6179 0.6779
vn 0.3128 0.7442 -0.5901
vn 0.5963 -0.7872 -0.1574
vn -0.1218 -0.7981 -0.5901
vn 0.1401 -0.9811 0.1338
vn -0.4869 -0.8734 0.0074
vn 0.1397 -0.9812 0.1333
vn -0.4871 -0.8733 0.0083
vn 0.5403 -0.1854 0.8208
vn 0.9817 -0.1367 0.1327
vn 0.9820 -0.1370 0.1299
vn 0.6182 0.3663 0.6954
vn 0.8918 0.4523 0.0079
vn 0.8917 0.4525 0.0076
vn 0.7943 0.0894 -0.6010
vn -0.9820 0.1372 0.1294
vn -0.9062 -0.3944 -0.1526
vn -0.3128 -0.7440 -0.5905
vn -0.6492 -0.4733 -0.5954
vn -0.6186 -0.3664 0.6951
vn -0.8919 -0.4522 0.0074
vn -0.8916 -0.4528 0.0082
vn -0.7945 -0.0899 -0.6006
vn -0.1220 0.7982 -0.5899
vn -0.5057 0.8359 0.2132
vn -0.5058 0.8359 0.2132
vn -0.5058 0.8359 0.2129
vn -0.5060 0.8356 0.2136
vn -0.5060 0.8358 0.2129
vn -0.5060 0.8356 0.2140
vn -0.5060 0.8359 0.2126
vn -0.0000 0.9763 0.2164
vn -0.0000 0.9764 0.2158
vn -0.0000 0.9763 0.2163
vn 0.8572 -0.4722 0.2055
vn 0.8564 -0.4715 0.2102
vn 0.8562 -0.4709 0.2126
vn 0.8569 -0.4721 0.2068
vn 0.8569 -0.4716 0.2080
vn 0.8571 -0.4716 0.2073
vn 0.8570 -0.4717 0.2076
vn 0.8573 -0.4718 0.2061
vn 0.4037 -0.6832 -0.6085
vn 0.4037 0.6832 -0.6085
vn 0.7901 -0.0000 -0.6130
vn -0.4037 -0.6832 -0.6085
vn -0.4037 0.6832 -0.6085
vn -0.7901 -0.0000 -0.6130
vn 0.5088 -0.8609 -0.0000
vn -0.5088 -0.8609 -0.0000
vn 1.0000 -0.0000 -0.0000
vn 0.5088 0.8609 -0.0000
vn -0.5088 0.8609 -0.0000
vn -1.0000 -0.0000 -0.0000
vn 0.4718 -0.7899 -0.3918
vn -0.4372 -0.7377 -0.5144
vn -0.4718 -0.7899 -0.3918
vn 0.4372 -0.7377 -0.5144
vn 0.9254 -0.0000 -0.3791
vn 0.4978 -0.8452 -0.1948
vn -0.4977 -0.8452 -0.1948
vn -0.5027 -0.8529 0.1410
vn 0.8643 -0.0000 -0.5030
vn 0.4718 0.7899 -0.3918
vn 0.9819 -0.0000 -0.1896
vn 0.5027 -0.8529 0.1410
vn 0.4372 0.7377 -0.5144
vn -0.4718 0.7899 -0.3918
vn 0.4977 0.8452 -0.1948
vn -0.4372 0.7377 -0.5144
vn -0.9254 -0.0000 -0.3791
vn 0.4630 -0.7830 0.4154
vn -0.4629 -0.7830 0.4154
vn -0.4824 -0.8093 0.3351
vn 0.9906 -0.0000 0.1369
vn -0.4977 0.8452 -0.1948
vn -0.8640 -0.0000 -0.5036
vn -0.9817 -0.0000 -0.1903
vn 0.4824 -0.8093 0.3352
vn -0.4953 -0.8411 0.2172
vn 0.5027 0.8529 0.1409
vn -0.9905 -0.0000 0.1372
vn -0.5027 0.8529 0.1410
vn -0.9141 -0.0000 0.4055
vn -0.4629 0.7830 0.4154
vn 0.4630 0.7830 0.4153
vn -0.9462 -0.0000 0.3237
vn -0.4824 0.8093 0.3352
vn -0.9773 -0.0000 0.2119
vn -0.3740 -0.6284 0.6821
vn -0.4953 0.8411 0.2173
vn 0.4823 0.8093 0.3352
vn 0.9143 -0.0000 0.4051
vn 0.9462 -0.0000 0.3236
vn -0.7365 -0.0000 0.6765
vn 0.4954 0.8411 0.2174
vn 0.4954 -0.8411 0.2173
vn 0.9773 -0.0000 0.2117
vn -0.6313 -0.0000 0.7755
vn -0.3158 -0.5286 0.7879
vn -0.3157 0.5286 0.7880
vn -0.3740 0.6284 0.6821
vn 0.3157 0.5285 0.7880
vn 0.3738 0.6283 0.6823
vn 0.6313 -0.0000 0.7756
vn 0.7366 -0.0000 0.6763
vn 0.3157 -0.5286 0.7880
vn 0.3738 -0.6283 0.6822
vn -0.0000 -0.0228 -0.9997
vn -0.0000 0.9802 -0.1979
vn -0.0000 1.0000 -0.0000
vn -0.0000 -0.9944 0.1058
vn 0.5737 -0.8177 0.0481
vn -0.1716 -0.9763 0.1316
vn -0.1095 -0.9910 0.0776
vn -0.0000 -1.0000 -0.0000
vn 0.5801 -0.8144 -0.0162
vn 0.5312 -0.8472 -0.0000
vn 0.1852 -0.9825 -0.0217
vn -0.5606 -0.8275 0.0311
vn -0.5312 -0.8472 -0.0000
vn -0.6131 -0.7834 0.1021
vn 0.1071 -0.9935 0.0374
vn -0.9095 -0.0000 -0.4157
vn 0.9095 -0.0000 -0.4156
vn -0.0000 -0.0000 1.0000
vn -1.0000 0.0005 0.0090
vn -1.0000 0.0002 -0.0002
vn -0.9997 -0.0000 -0.0225
vn 1.0000 0.0002 -0.0001
vn 1.0000 0.0005 0.0089
vn 0.9997 -0.0000 -0.0225
vn 0.8723 -0.0000 -0.4889
vn -0.8723 -0.0000 -0.4889
vn -0.1130 0.9842 -0.1362
vn -0.2118 0.9357 -0.2821
vn 0.2146 0.9224 0.3212
vn -0.3656 0.7797 -0.5083
vn 0.2789 -0.9336 -0.2251
vn 0.2901 -0.9277 -0.2351
vn -0.3863 -0.8475 0.3640
vn 0.5971 -0.6117 -0.5189
vn 0.3701 -0.7015 -0.6091
vn -0.8966 -0.3130 -0.3133
vn 0.3924 -0.6953 -0.6021
vn -0.9166 -0.2837 -0.2817
vn -0.0000 -0.7463 -0.6656
vn 0.9938 -0.0428 -0.1026
vn 0.9981 -0.0078 -0.0609
vn 0.9908 -0.0591 -0.1219
vn 0.9992 0.0387 -0.0068
vn 0.5525 0.8187 0.1565
vn -0.0569 0.9799 0.1913
vn -0.0847 0.9786 0.1873
vn 0.5631 0.8120 0.1534
vn -0.0876 0.9751 0.2039
vn 0.3077 0.9344 0.1793
vn -0.0936 0.9745 0.2042
vn 0.3320 0.9263 0.1783
vn -0.0008 0.9796 0.2008
vn -0.0002 0.9796 0.2010
vn -0.0000 0.9796 0.2010
vn -0.0009 0.9796 0.2008
vn -0.9946 -0.0433 -0.0943
vn -0.9953 0.0050 -0.0968
vn -0.9939 -0.0585 -0.0937
vn -0.9945 0.0377 -0.0973
vn -0.3658 -0.6867 -0.6282
vn -0.7321 -0.5070 -0.4549
vn -0.7381 -0.5007 -0.4522
vn -0.3558 -0.6892 -0.6312
vn -0.3783 -0.6807 -0.6273
vn 0.8972 -0.3316 -0.2916
vn -0.3925 -0.6761 -0.6236
vn 0.9009 -0.3231 -0.2898
vn -0.0000 -0.0000 -1.0000
vn 0.3676 -0.6932 -0.6199
vn 0.7330 -0.4893 -0.4725
vn 0.7593 -0.4677 -0.4525
vn 0.3620 -0.6955 -0.6207
vn 0.0011 0.9796 0.2011
vn -0.0003 0.9797 0.2007
vn -0.0006 0.9797 0.2006
vn 0.0014 0.9796 0.2011
vn -0.5514 0.8226 0.1390
vn 0.0786 0.9661 0.2459
vn 0.2234 0.9398 0.2586
vn -0.5601 0.8168 0.1381
vn -0.0000 0.8613 -0.5081
vn -0.0000 0.8613 -0.5082
vn -0.0000 -0.6996 -0.7145
vn 0.1129 0.9842 -0.1362
vn 0.2118 0.9357 -0.2821
vn 0.3656 0.7797 -0.5083
vn -0.2146 0.9224 0.3212
vn -0.2790 -0.9336 -0.2251
vn -0.2900 -0.9277 -0.2351
vn -0.5972 -0.6117 -0.5189
vn 0.3863 -0.8475 0.3640
vn -0.8747 0.4847 -0.0000
vn -0.5154 0.8569 -0.0000
vn 0.5154 0.8570 -0.0000
vn 0.8747 0.4847 -0.0000
vn 0.8747 -0.4847 -0.0000
vn 0.5154 -0.8570 -0.0000
vn -0.5154 -0.8570 -0.0000
vn -0.8747 -0.4847 -0.0000
vn 0.7553 -0.0000 -0.6554
vn 0.6614 0.3665 -0.6544
vn 0.3907 0.6496 -0.6522
vn 0.9988 -0.0113 -0.0482
vn -0.0000 0.7591 -0.6510
vn 0.8741 0.4109 -0.2589
vn -0.3907 0.6496 -0.6522
vn 0.4285 0.8979 -0.1006
vn -0.6614 0.3665 -0.6544
vn -0.4285 0.8979 -0.1006
vn 0.4285 0.8979 0.1006
vn -0.7553 -0.0000 -0.6554
vn -0.6614 -0.3665 -0.6544
vn -0.7695 0.4985 -0.3992
vn -0.3907 -0.6496 -0.6522
vn -0.9936 -0.0727 -0.0864
vn -0.5154 -0.8569 -0.0000
vn -0.0000 -0.7591 -0.6510
vn -0.9988 -0.0115 0.0483
vn 0.3907 -0.6496 -0.6522
vn 0.5154 -0.8569 -0.0000
vn 0.6614 -0.3665 -0.6544
vn 0.9936 -0.0727 0.0864
vn 0.8489 -0.4717 0.2387
vn 0.9716 -0.0000 0.2366
vn 0.4989 -0.8319 0.2428
vn -0.0000 -0.9696 0.2449
vn -0.4989 -0.8319 0.2428
vn 0.7423 -0.4108 0.5294
vn 0.8509 -0.0000 0.5253
vn 0.4348 -0.7220 0.5382
vn -0.0000 -0.8400 0.5426
vn 0.8286 -0.4570 0.3234
vn 0.9473 -0.0000 0.3203
vn 0.4882 -0.8079 0.3302
vn -0.0000 -0.9427 0.3337
vn -0.4882 -0.8078 0.3303
vn -0.4348 -0.7220 0.5382
vn -0.8286 -0.4570 0.3234
vn -0.7423 -0.4108 0.5294
vn -0.9473 -0.0000 0.3204
vn -0.8489 -0.4717 0.2386
vn -0.8286 0.4570 0.3234
vn -0.8509 -0.0000 0.5253
vn -0.9716 -0.0000 0.2366
vn -0.4882 0.8078 0.3302
vn -0.7423 0.4108 0.5294
vn -0.0000 0.9427 0.3337
vn -0.8489 0.4717 0.2387
vn -0.4348 0.7220 0.5382
vn 0.4882 0.8079 0.3302
vn -0.4989 0.8319 0.2428
vn -0.0000 0.8400 0.5426
vn 0.8286 0.4569 0.3234
vn 0.4348 0.7220 0.5382
vn 0.7423 0.4108 0.5294
vn -0.0000 0.9696 0.2449
vn 0.4989 0.8319 0.2428
vn 0.8489 0.4717 0.2387
vn -0.8741 0.4109 0.2590
vn 0.5154 0.8569 -0.0000
vn -0.4285 0.8979 0.1006
vn 0.7701 0.4981 0.3986
vn -0.0000 0.9763 0.2162
vn -0.0000 0.9761 0.2172
vn -0.0000 0.9762 0.2169
vn -0.6165 -0.7765 0.1302
vn -0.0365 -0.9993 0.0077
vn -0.6166 -0.7765 0.1295
vn 0.0219 -0.7258 0.6876
vn -0.4308 -0.3639 0.8258
vn -0.9218 0.3659 0.1284
vn -0.9217 0.3658 0.1290
vn -0.9850 -0.0913 -0.1463
vn -0.5478 0.8366 0.0078
vn -0.5480 0.8365 0.0076
vn -0.6492 0.4735 -0.5952
vn -0.5962 -0.7873 -0.1575
vn 0.1222 -0.7983 -0.5897
vn -0.8135 -0.5629 -0.1461
vn -0.7949 0.0900 -0.6000
vn -0.9821 -0.1373 0.1287
vn -0.8915 0.4529 0.0093
vn -0.1403 -0.9810 0.1339
vn 0.4870 -0.8734 0.0076
vn -0.9819 -0.1370 0.1309
vn -0.8918 0.4523 0.0075
vn -0.1397 -0.9812 0.1331
vn 0.4872 -0.8732 0.0084
vn 0.3987 -0.6179 0.6776
vn -0.1870 -0.5200 0.8334
vn -0.5634 0.1050 0.8195
vn -0.3519 0.6254 0.6965
vn -0.9786 -0.0000 0.2059
vn -0.9785 -0.0000 0.2064
vn -0.9786 -0.0000 0.2058
vn -0.9784 -0.0000 0.2066
vn -0.9784 -0.0000 0.2067
vn -0.9783 -0.0000 0.2072
vn -0.8570 0.4721 0.2067
vn -0.8566 0.4718 0.2087
vn -0.8566 0.4715 0.2096
vn -0.8568 0.4721 0.2074
vn -0.8568 0.4718 0.2082
vn -0.8570 0.4719 0.2068
vn -0.8568 0.4718 0.2079
vn -0.8574 0.4724 0.2045
vn 0.5059 0.8358 0.2134
vn 0.5060 0.8359 0.2127
vn 0.5061 0.8360 0.2123
vn 0.5060 0.8358 0.2131
vn 0.5058 0.8358 0.2134
vn 0.5059 0.8359 0.2128
vn 0.5058 0.8358 0.2137
vn 0.5059 0.8358 0.2132
vn 0.8559 0.4715 0.2123
vn 0.8569 0.4718 0.2075
vn 0.8575 0.4717 0.2056
vn 0.8562 0.4717 0.2105
vn 0.8571 0.4716 0.2074
vn 0.8569 0.4716 0.2081
vn 0.8572 0.4717 0.2066
vn 0.8569 0.4716 0.2079
vn 0.9783 -0.0000 0.2074
vn 0.9784 -0.0000 0.2067
vn 0.9785 -0.0000 0.2064
vn 0.9787 -0.0000 0.2053
vn 0.9789 -0.0000 0.2046
vn 0.5061 -0.8360 0.2120
vn 0.5060 -0.8359 0.2130
vn 0.5060 -0.8358 0.2132
vn 0.5060 -0.8359 0.2127
vn 0.5059 -0.8357 0.2135
vn 0.5060 -0.8357 0.2135
vn 0.5059 -0.8357 0.2139
vn 0.5060 -0.8356 0.2139
vn -0.0000 -0.9768 0.2143
vn -0.0000 -0.9766 0.2151
vn -0.0000 -0.9767 0.2146
vn -0.0000 -0.9765 0.2157
vn -0.0000 -0.9764 0.2158
vn -0.5062 -0.8359 0.2120
vn -0.5059 -0.8357 0.2134
vn -0.5057 -0.8356 0.2147
vn -0.5061 -0.8358 0.2127
vn -0.5060 -0.8358 0.2132
vn -0.5058 -0.8356 0.2143
vn -0.5060 -0.8359 0.2128
vn -0.5056 -0.8354 0.2157
vn -0.8563 -0.4718 0.2103
vn -0.8570 -0.4719 0.2071
vn -0.8575 -0.4718 0.2052
vn -0.8564 -0.4719 0.2095
vn -0.8572 -0.4719 0.2060
vn -0.8568 -0.4719 0.2080
vn -0.8576 -0.4721 0.2040
vn -0.8566 -0.4721 0.2081
vn -0.5002 -0.8421 0.2017
vn 0.5087 -0.8609 -0.0000
vn 0.4999 -0.8422 0.2021
vn 0.9810 -0.0000 0.1942
vn 0.5087 0.8609 -0.0000
vn 0.5001 0.8421 0.2019
vn -0.5087 0.8609 -0.0000
vn -0.5002 0.8421 0.2018
vn -0.9810 -0.0000 0.1942
vn 0.0150 0.8638 -0.5037
vn -0.8365 0.3939 0.3809
vn -0.3231 0.7201 0.6140
vn -0.7397 0.3107 -0.5969
vn -0.8661 0.1027 0.4893
vn -0.0782 -0.1536 0.9850
vn -0.7681 -0.6360 -0.0743
vn 0.0973 -0.2433 -0.9651
vn 0.7034 -0.6046 0.3739
vn -0.3910 0.0532 0.9189
vn -0.1190 -0.9030 -0.4128
vn 0.6317 0.7253 0.2736
vn -0.8008 0.4880 -0.3473
vn 0.5987 -0.7188 0.3534
vn -0.7072 0.6536 -0.2697
vn 0.7469 0.0296 -0.6643
vn 0.8223 -0.5683 0.0289
vn 0.2095 -0.9234 -0.3215
vn -0.9189 -0.2068 0.3359
vn 0.7527 0.6584 0.0053
vn -0.9131 0.2023 0.3540
vn -0.2736 0.5791 -0.7680
vn -0.8875 -0.2886 -0.3592
vn -0.8390 0.5353 -0.0979
vn -0.6566 -0.7074 -0.2615
vn -0.3549 -0.8524 0.3840
vn -0.7326 0.3285 0.5961
vn 0.0980 0.7041 -0.7033
vn -0.5009 0.5720 -0.6496
vn -0.6994 0.5875 0.4070
vn 0.7123 0.6355 0.2980
vn 0.7151 0.6347 -0.2930
vn 0.5043 0.5732 0.6458
vn 0.6121 -0.6909 0.3846
vn 0.5032 0.5713 -0.6484
vn 0.6121 -0.6910 -0.3845
vn -0.7845 0.6201 -0.0012
vn 1.0000 -0.0053 -0.0046
vn 1.0000 -0.0017 0.0007
vn 1.0000 -0.0039 0.0042
vn 1.0000 -0.0018 0.0009
vn -0.6781 0.7349 -0.0111
vn 0.2152 0.5834 -0.7831
vn 0.9257 0.3287 0.1871
vn -0.0016 -0.9939 -0.1101
vn -0.2038 -0.9025 0.3793
vn 0.0182 0.2272 0.9737
vn 0.9259 0.3290 -0.1856
vn 0.2512 0.8477 -0.4672
vn 0.2519 0.8474 0.4674
vn 0.6123 0.6908 -0.3846
vn 0.6055 -0.0002 -0.7958
vn -0.5270 -0.2907 0.7986
vn -0.9884 0.1007 -0.1135
vn 0.6123 0.6907 0.3847
vn 0.6056 -0.0002 0.7958
vn 0.2664 -0.0002 -0.9639
vn -0.9762 -0.2065 0.0665
vn 0.6123 -0.6909 -0.3844
vn 0.6122 -0.6908 0.3846
vn 0.7464 -0.6560 -0.1119
vn 0.0083 0.9538 -0.3004
vn -0.0005 0.6948 -0.7192
vn 0.9724 -0.1924 -0.1317
vn 0.7060 0.6930 -0.1457
vn 0.9998 0.0124 0.0124
vn 0.8914 0.3687 0.2634
vn 0.9976 -0.0593 -0.0356
vn 0.8513 0.4306 0.2997
vn 0.8677 0.0018 0.4971
vn 0.8677 -0.0054 0.4971
vn 0.8677 -0.0020 0.4971
vn 0.8677 0.0051 0.4971
vn 0.0002 -0.8980 -0.4401
vn 0.0085 -0.8995 -0.4369
vn 0.9891 0.1062 -0.1020
vn 0.7595 -0.6017 -0.2472
vn 0.9367 0.2994 0.1815
vn 0.9518 -0.2278 0.2051
vn 0.9228 -0.3530 0.1545
vn 0.9642 -0.1273 0.2325
vn 0.8112 -0.5755 0.1040
vn 0.9972 -0.0008 0.0743
vn 1.0000 -0.0001 -0.0000
vn 1.0000 -0.0004 -0.0000
vn 0.9966 0.0002 0.0819
vn 0.9926 -0.0000 0.1215
vn 0.9914 0.0002 0.1308
vn 0.9865 -0.0008 0.1639
vn 0.9863 0.0001 0.1648
vn 0.9863 0.0005 0.1648
vn 0.8292 -0.4158 0.3735
vn 0.8289 -0.4049 0.3860
vn 0.8334 -0.4029 0.3782
vn 0.8270 -0.4186 0.3754
vn 0.8292 0.4138 0.3758
vn 0.8294 0.4101 0.3793
vn 0.8262 0.4043 0.3924
vn 0.8305 0.4160 0.3704
vn 0.5269 -0.6840 -0.5045
vn 0.5501 -0.6265 -0.5522
vn 0.5615 -0.5973 -0.5727
vn 0.5248 -0.6708 -0.5240
vn 0.6940 -0.0000 -0.7200
vn 0.5498 0.6269 -0.5520
vn 0.5260 0.6847 -0.5044
vn 0.5616 0.5973 -0.5726
vn 0.5237 0.6717 -0.5239
vn 1.0000 0.0001 0.0090
vn 1.0000 -0.0011 0.0091
vn 0.9999 -0.0124 0.0020
vn 0.9999 -0.0130 0.0019
vn 0.9999 -0.0156 0.0020
vn 0.9999 -0.0108 0.0020
vn 0.2226 -0.9749 0.0014
vn 0.2313 -0.9729 0.0007
vn 0.2329 -0.9725 -0.0001
vn 0.2211 -0.9752 0.0022
vn 0.9351 -0.0011 0.3543
vn 0.9533 0.0831 0.2905
vn 0.8918 0.0542 0.4492
vn 0.9214 0.1379 0.3632
vn 0.9340 0.1022 0.3423
vn 0.9728 0.0009 0.2315
vn 0.9630 0.2545 -0.0882
vn 0.9626 0.2562 -0.0875
vn 0.9632 0.2544 -0.0868
vn 0.9626 0.2560 -0.0887
vn 0.9116 -0.0592 0.4067
vn 0.8774 -0.0624 0.4757
vn 0.8838 -0.0623 0.4637
vn 0.7439 0.1839 0.6425
vn 0.6896 0.1873 0.6996
vn 0.7118 0.1852 0.6776
vn 0.8616 -0.4461 0.2420
vn 0.6096 -0.7720 0.1801
vn 0.9388 -0.1058 0.3280
vn 0.4710 -0.8820 0.0169
vn 0.9022 -0.0026 -0.4313
vn 0.9941 0.0469 -0.0978
vn 0.9972 0.0530 -0.0522
vn 0.8878 -0.0079 -0.4602
vn 0.1831 0.9829 -0.0181
vn 0.2625 0.9649 -0.0069
vn 0.2712 0.9625 -0.0100
vn 0.1703 0.9852 -0.0210
vn 0.9985 0.0439 -0.0333
vn -0.9993 -0.0379 0.0073
vn -0.9103 0.3210 0.2615
vn -0.8722 0.3854 0.3012
vn -0.9932 -0.1084 -0.0415
vn -0.7446 -0.6581 -0.1119
vn -0.9734 -0.1874 -0.1318
vn -0.6916 0.7073 -0.1465
vn -0.8849 0.0018 0.4657
vn -0.8849 -0.0051 0.4657
vn -0.8850 0.0049 0.4657
vn -0.8849 -0.0019 0.4658
vn -0.9895 0.1039 -0.1010
vn -0.7481 -0.6146 -0.2500
vn -0.9317 0.3085 0.1919
vn -0.9552 -0.2027 0.2157
vn -0.9335 -0.3152 0.1709
vn -0.8466 -0.5172 0.1260
vn -0.9642 -0.1135 0.2397
vn -0.9968 -0.0008 0.0801
vn -0.9961 0.0003 0.0884
vn -0.9903 0.0002 0.1390
vn -0.9899 0.0002 0.1420
vn -0.9837 -0.0011 0.1799
vn -0.9835 0.0006 0.1807
vn -0.8519 -0.3893 0.3502
vn -0.8517 -0.3787 0.3622
vn -0.8504 -0.3912 0.3518
vn -0.8548 -0.3785 0.3551
vn -0.8519 0.3877 0.3522
vn -0.8520 0.3837 0.3561
vn -0.8528 0.3895 0.3480
vn -0.8499 0.3783 0.3669
vn -0.5092 -0.6909 -0.5133
vn -0.5321 -0.6360 -0.5590
vn -0.5067 -0.6786 -0.5318
vn -0.5437 -0.6077 -0.5789
vn -0.6767 -0.0000 -0.7363
vn -0.5318 0.6363 -0.5588
vn -0.5083 0.6916 -0.5132
vn -0.5056 0.6795 -0.5317
vn -0.5439 0.6076 -0.5788
vn -0.9999 -0.0131 0.0029
vn -0.9999 -0.0104 0.0046
vn -0.9999 -0.0126 0.0034
vn -0.9999 -0.0145 0.0020
vn -0.9999 -0.0109 0.0020
vn -0.2211 -0.9753 0.0010
vn -0.2211 -0.9752 0.0016
vn -0.2211 -0.9753 0.0013
vn -0.2294 -0.9733 -0.0008
vn -0.2294 -0.9733 -0.0004
vn -0.2294 -0.9733 -0.0001
vn -0.9415 0.0924 0.3242
vn -0.8920 0.0540 0.4487
vn -0.8109 -0.0001 0.5852
vn -0.9222 0.1373 0.3616
vn -0.9348 0.1017 0.3403
vn -0.9732 0.0008 0.2301
vn -0.9630 0.2545 -0.0881
vn -0.9626 0.2562 -0.0875
vn -0.9626 0.2560 -0.0887
vn -0.9632 0.2544 -0.0868
vn -0.8928 -0.0313 0.4494
vn -0.7170 0.1686 0.6764
vn -0.6889 0.1880 0.7000
vn -0.8829 -0.0589 0.4658
vn -0.8611 -0.4475 0.2412
vn -0.6090 -0.7726 0.1796
vn -0.4702 -0.8824 0.0162
vn -0.9387 -0.1069 0.3277
vn -0.9022 -0.0026 -0.4313
vn -0.9941 0.0469 -0.0978
vn -0.8878 -0.0079 -0.4602
vn -0.9972 0.0530 -0.0522
vn -0.1826 0.9830 -0.0181
vn -0.2619 0.9651 -0.0069
vn -0.1698 0.9853 -0.0210
vn -0.2707 0.9626 -0.0100
vn -0.9985 0.0439 -0.0333
vn 0.0005 -0.1075 -0.9942
vn 0.6070 -0.2047 -0.7679
vn -0.0607 -0.0881 -0.9943
vn 0.0606 -0.0882 -0.9943
vn -0.6062 -0.2049 -0.7685
vn 0.0203 -0.7821 -0.6229
vn 0.0195 -0.7843 -0.6201
vn 0.0199 -0.7834 -0.6212
vn -0.0382 -0.6772 -0.7348
vn 0.0103 -0.7632 -0.6460
vn -0.0802 -0.7671 -0.6365
vn -0.0005 -0.7752 -0.6317
vn 0.0104 -0.7810 -0.6244
vn -0.0004 0.1826 0.9832
vn 0.0012 0.1827 0.9832
vn -0.0020 0.1827 0.9832
vn 0.0004 0.1826 0.9832
vn 0.0016 -0.7802 -0.6255
vn -0.0017 -0.7802 -0.6255
vn -0.0000 -0.7521 -0.6590
vn -0.0000 -0.7710 -0.6368
vn -0.0000 1.0000 -0.0010
vn -0.0000 0.8115 0.5844
vn -0.0000 0.8049 0.5934
vn -0.0000 0.7749 0.6320
vn -0.0000 -0.7501 -0.6614
vn -0.0000 -0.7502 -0.6612
vn -0.0000 -0.0320 -0.9995
vn -0.0000 -0.8090 -0.5878
vn -0.0000 -0.9539 -0.3000
vn -0.0000 -0.9540 -0.3000
vn 0.8796 0.1409 0.4544
vn 0.8913 -0.1944 0.4096
vn -0.8997 -0.2247 -0.3743
vn -0.7854 -0.2979 -0.5426
vn -0.1483 0.7697 0.6210
vn -0.0180 0.8988 0.4379
vn -0.9036 0.0259 -0.4277
vn 0.6236 -0.4174 -0.6610
vn -0.9551 0.1879 0.2290
vn 0.4204 -0.4664 -0.7783
vn -0.5771 -0.5661 -0.5887
vn -0.5329 -0.5903 -0.6063
vn -0.5875 -0.5599 -0.5842
vn -0.5276 -0.5899 -0.6113
vn 0.8779 0.2442 0.4119
vn 0.4649 0.1674 0.8694
vn 0.9600 0.2628 0.0964
vn 0.6875 0.1385 0.7129
vn -0.0002 0.2533 0.9674
vn -0.0024 0.2535 0.9673
vn -0.4652 0.1751 0.8677
vn -0.9111 0.0552 0.4086
vn -0.9470 0.2840 0.1503
vn -0.8952 0.1934 0.4015
vn 0.5326 -0.5894 -0.6074
vn 0.5778 -0.5608 -0.5930
vn 0.5323 -0.5929 -0.6043
vn 0.5846 -0.5561 -0.5907
vn 0.6754 0.5251 -0.5179
vn 0.6351 0.5629 -0.5290
vn 0.6778 0.5161 -0.5237
vn 0.6276 0.5690 -0.5315
vn -0.6332 0.5649 -0.5291
vn -0.6499 0.5371 -0.5377
vn -0.6341 0.5671 -0.5257
vn -0.6581 0.5298 -0.5351
vn -0.0000 -0.9624 -0.2716
vn -0.0000 0.9659 0.2588
vn -0.0000 -1.0000 0.0074
vn -0.0000 0.9878 -0.1558
vn -0.0000 0.8611 -0.5084
vn 0.0024 0.8627 -0.5057
vn 0.0223 0.8565 -0.5156
vn -0.0024 0.8627 -0.5057
vn -0.0223 0.8565 -0.5157
vn -0.0000 -0.9497 0.3132
vn -0.4136 -0.0003 -0.9105
vn -0.4007 0.1652 -0.9012
vn -0.4137 -0.0002 -0.9104
vn -0.4004 0.1571 -0.9028
vn -0.3988 -0.1577 -0.9034
vn -0.3405 0.3467 -0.8740
vn -0.4010 -0.1657 -0.9010
vn -0.3399 0.3326 -0.8797
vn -0.3362 -0.3331 -0.8809
vn -0.1876 0.5158 -0.8359
vn -0.3426 -0.3471 -0.8730
vn -0.1416 0.5081 -0.8496
vn -0.1364 -0.5086 -0.8502
vn -0.0051 0.2300 0.9732
vn -0.1917 -0.5161 -0.8348
vn 0.0069 -0.5011 0.8654
vn 0.0069 0.5011 0.8654
vn 0.1915 0.5161 -0.8349
vn 0.0026 -0.2300 0.9732
vn 0.1360 0.5088 -0.8501
vn 0.1413 -0.5081 -0.8496
vn 0.3424 0.3470 -0.8731
vn 0.1874 -0.5159 -0.8359
vn 0.3360 0.3330 -0.8810
vn 0.3397 -0.3326 -0.8798
vn 0.4008 0.1656 -0.9011
vn 0.3403 -0.3467 -0.8741
vn 0.3987 0.1577 -0.9034
vn 0.4002 -0.1572 -0.9028
vn 0.4135 0.0001 -0.9105
vn 0.4006 -0.1653 -0.9012
vn 0.4135 0.0002 -0.9105
vn -0.9382 0.2798 -0.2039
vn 0.7441 0.2875 -0.6031
vn 0.2958 -0.3314 -0.8959
vn 0.6176 0.5403 -0.5715
vn 0.8040 0.3004 -0.5132
vn -0.4294 0.4176 -0.8007
vn 0.9155 0.2632 -0.3042
vn -0.2952 0.6820 0.6692
vn -0.9226 -0.1730 0.3449
vn 0.7857 -0.3697 -0.4960
vn 0.3831 -0.6615 -0.6447
vn 0.3351 0.7364 0.5877
vn -0.4498 -0.4497 0.7716
vn 0.1058 0.8260 0.5537
vn -0.0052 -0.8719 0.4896
vn 0.0719 0.1509 0.9859
vn 0.4624 -0.7372 0.4927
vn 0.2856 -0.7667 0.5749
vn -0.2857 0.7668 0.5748
vn -0.4625 0.7373 0.4925
vn -0.0721 -0.1509 0.9859
vn 0.0052 0.8720 0.4895
vn -0.1058 -0.8261 0.5535
vn 0.6690 0.4191 0.6138
vn -0.3351 -0.7366 0.5875
vn 0.7673 0.6327 -0.1045
vn 0.2945 -0.6821 0.6694
vn -0.5675 0.7046 -0.4260
vn 0.4537 -0.8766 -0.1601
vn -0.7853 0.3611 -0.5029
vn -0.4498 -0.5996 -0.6620
vn -0.6224 -0.2202 -0.7511
vn -0.4337 0.5754 -0.6934
vn -0.6855 -0.2284 -0.6913
vn -0.8000 -0.2373 -0.5511
vn 0.5927 0.3925 -0.7033
vn -0.9083 0.0067 -0.4182
vn -0.9198 0.0519 -0.3890
vn -0.8963 0.0089 -0.4434
vn -0.9189 -0.0188 -0.3941
vn -0.9086 0.0572 -0.4137
vn -0.9486 -0.0648 -0.3097
vn -0.9676 -0.0741 -0.2415
vn -0.9744 -0.0933 -0.2044
vn -0.9795 -0.0974 -0.1761
vn -0.9821 -0.1121 -0.1514
vn -0.9838 -0.1164 -0.1365
vn -0.9850 -0.1311 -0.1118
vn -0.9853 -0.1371 -0.1023
vn -0.9855 -0.1536 -0.0722
vn -0.9857 -0.1515 -0.0742
vn -0.9848 -0.1701 -0.0348
vn -0.9849 -0.1699 -0.0334
vn 0.7850 -0.2172 0.5801
vn -0.9358 -0.1574 0.3154
vn -0.9993 0.0103 -0.0365
vn -0.9994 0.0090 -0.0326
vn -0.9999 0.0106 -0.0016
vn -0.9999 0.0106 -0.0015
vn -0.9999 0.0110 0.0002
vn -0.9999 0.0110 -0.0000
vn -0.9999 0.0109 0.0017
vn -0.9999 0.0111 0.0020
vn -0.9999 0.0105 0.0036
vn -0.9999 0.0105 0.0043
vn -0.9999 0.0099 0.0053
vn -0.9999 0.0100 0.0055
vn -0.9999 0.0091 0.0068
vn -0.9999 0.0091 0.0070
vn -0.9998 0.0222 0.0022
vn -0.9994 0.0339 -0.0019
vn -0.9981 0.0596 -0.0123
vn -0.9981 0.0598 -0.0152
vn -0.4784 0.3548 -0.8033
vn -0.5743 0.3570 -0.7367
vn -0.8306 0.5478 0.1004
vn -0.8325 0.5450 0.0997
vn -0.8214 0.5246 0.2238
vn -0.8259 0.5174 0.2240
vn -0.7983 0.4976 0.3392
vn -0.7948 0.5004 0.3434
vn -0.7616 0.4617 0.4548
vn -0.7641 0.4587 0.4536
vn -0.7065 0.4149 0.5733
vn -0.7092 0.4093 0.5740
vn -0.6179 0.3591 0.6994
vn -0.6025 0.3659 0.7093
vn -0.5402 0.2938 0.7885
vn -0.5011 0.2814 0.8184
vn -0.4994 0.2291 0.8355
vn 0.8963 0.0089 -0.4434
vn 0.9086 0.0572 -0.4137
vn 0.9189 -0.0188 -0.3941
vn 0.9486 -0.0648 -0.3097
vn 0.9676 -0.0741 -0.2416
vn 0.9744 -0.0933 -0.2044
vn 0.9795 -0.0974 -0.1761
vn 0.9821 -0.1121 -0.1514
vn 0.9838 -0.1164 -0.1365
vn 0.9850 -0.1311 -0.1118
vn 0.9853 -0.1371 -0.1023
vn 0.9855 -0.1536 -0.0722
vn 0.9857 -0.1514 -0.0744
vn 0.9848 -0.1701 -0.0350
vn 0.9849 -0.1699 -0.0334
vn -0.7865 -0.2247 0.5753
vn -0.7854 -0.2190 0.5789
vn 0.9849 -0.1701 -0.0333
vn 0.9358 -0.1574 0.3154
vn 0.9993 0.0106 -0.0365
vn 0.9999 0.0105 -0.0019
vn 0.9994 0.0090 -0.0326
vn 0.9993 0.0104 -0.0365
vn 0.9999 0.0106 -0.0015
vn 0.9999 0.0107 -0.0013
vn 0.9999 0.0110 0.0002
vn 0.9999 0.0110 -0.0000
vn 0.9999 0.0109 0.0017
vn 0.9999 0.0111 0.0020
vn 0.9999 0.0105 0.0036
vn 0.9999 0.0105 0.0042
vn 0.9999 0.0099 0.0053
vn 0.9999 0.0100 0.0055
vn 0.9999 0.0093 0.0066
vn 0.9999 0.0091 0.0070
vn 0.9998 0.0222 0.0022
vn 0.9994 0.0339 -0.0019
vn 0.9981 0.0596 -0.0123
vn 0.9981 0.0598 -0.0152
vn 0.4763 0.3578 -0.8032
vn 0.8315 0.5473 0.0959
vn 0.5743 0.3570 -0.7367
vn 0.4783 0.3549 -0.8033
vn 0.8325 0.5450 0.0997
vn 0.8305 0.5478 0.1007
vn 0.8214 0.5246 0.2238
vn 0.8259 0.5174 0.2242
vn 0.7983 0.4976 0.3392
vn 0.7948 0.5004 0.3434
vn 0.7616 0.4617 0.4548
vn 0.7641 0.4587 0.4536
vn 0.7066 0.4149 0.5733
vn 0.7092 0.4092 0.5741
vn 0.6179 0.3591 0.6994
vn 0.6025 0.3659 0.7093
vn 0.5402 0.2938 0.7885
vn 0.5011 0.2814 0.8184
vn 0.4994 0.2291 0.8355
vn -0.0010 -0.0092 1.0000
vn 0.4833 -0.0000 0.8755
vn -0.0005 -0.0000 1.0000
vn 0.4828 -0.0088 0.8757
vn 0.8017 -0.0000 0.5977
vn 0.8014 -0.0081 0.5980
vn 0.9558 -0.0000 0.2941
vn 0.9557 -0.0074 0.2942
vn 1.0000 -0.0000 0.0004
vn 1.0000 -0.0072 0.0003
vn 0.9560 -0.0000 -0.2933
vn 0.9559 -0.0074 -0.2936
vn 0.8023 -0.0000 -0.5969
vn 0.8019 -0.0080 -0.5974
vn 0.4843 -0.0000 -0.8749
vn 0.4837 -0.0088 -0.8752
vn 0.0007 -0.0000 -1.0000
vn 0.0003 -0.0092 -1.0000
vn -0.4832 -0.0000 -0.8755
vn -0.4832 -0.0088 -0.8755
vn -0.8017 -0.0000 -0.5977
vn -0.8016 -0.0080 -0.5979
vn -0.9558 -0.0000 -0.2941
vn -0.9557 -0.0074 -0.2942
vn -1.0000 -0.0000 -0.0003
vn -1.0000 -0.0072 -0.0004
vn -0.9560 -0.0000 0.2934
vn -0.9560 -0.0074 0.2934
vn -0.8022 -0.0000 0.5970
vn -0.8022 -0.0080 0.5970
vn -0.4842 -0.0000 0.8750
vn -0.4842 -0.0088 0.8749
vt 0.958077 0.424904
vt 0.962560 0.418961
vt 0.960544 0.422743
vt 0.960079 0.418603
vt 0.957726 0.420686
vt 0.960373 0.410301
vt 0.957698 0.410537
vt 0.960090 0.399354
vt 0.957442 0.399903
vt 0.963383 0.410134
vt 0.963112 0.399199
vt 0.962818 0.390026
vt 0.959765 0.390182
vt 0.962449 0.382259
vt 0.959461 0.382239
vt 0.962419 0.374565
vt 0.959437 0.374237
vt 0.962642 0.366570
vt 0.959515 0.366168
vt 0.962782 0.357657
vt 0.959587 0.357401
vt 0.962597 0.345835
vt 0.959564 0.345889
vt 0.961894 0.328859
vt 0.959481 0.328964
vt 0.961176 0.309742
vt 0.958346 0.309829
vt 0.960861 0.286153
vt 0.957619 0.286237
vt 0.960956 0.264644
vt 0.957548 0.264402
vt 0.961308 0.255003
vt 0.957907 0.254973
vt 0.961495 0.247036
vt 0.958091 0.247009
vt 0.961450 0.239795
vt 0.958029 0.239799
vt 0.961035 0.231696
vt 0.957472 0.231782
vt 0.961006 0.215779
vt 0.957272 0.215323
vt 0.961363 0.197753
vt 0.957691 0.197775
vt 0.961849 0.183246
vt 0.958269 0.183374
vt 0.960260 0.170466
vt 0.956727 0.170984
vt 0.958883 0.158090
vt 0.955905 0.158367
vt 0.968356 0.239806
vt 0.967960 0.232596
vt 0.967239 0.215428
vt 0.966028 0.197449
vt 0.965236 0.183228
vt 0.965293 0.170543
vt 0.964903 0.157743
vt 0.968563 0.246960
vt 0.964382 0.145480
vt 0.958105 0.145308
vt 0.968115 0.254931
vt 0.964042 0.133135
vt 0.957723 0.133257
vt 0.967740 0.264293
vt 0.963028 0.118783
vt 0.957837 0.119054
vt 0.967025 0.286642
vt 0.962907 0.106208
vt 0.958335 0.105731
vt 0.965580 0.309740
vt 0.965141 0.093952
vt 0.959101 0.093305
vt 0.965010 0.328657
vt 0.965144 0.079404
vt 0.959015 0.079652
vt 0.967290 0.345367
vt 0.965047 0.070493
vt 0.959833 0.069421
vt 0.967546 0.357597
vt 0.964307 0.060286
vt 0.958811 0.058427
vt 0.968038 0.366486
vt 0.963535 0.043770
vt 0.957660 0.041724
vt 0.965252 0.014899
vt 0.959040 0.013898
vt 0.969969 0.015650
vt 0.971835 0.045012
vt 0.970334 0.058519
vt 0.974589 0.043755
vt 0.973700 0.015113
vt 0.976395 0.014030
vt 0.970069 0.069932
vt 0.973784 0.057019
vt 0.969560 0.080614
vt 0.974950 0.069306
vt 0.976237 0.055212
vt 0.976517 0.041744
vt 0.978886 0.041724
vt 0.980266 0.013898
vt 0.979804 0.055523
vt 0.977614 0.068447
vt 0.981665 0.068102
vt 0.971981 0.094262
vt 0.975431 0.081235
vt 0.977705 0.080960
vt 0.980871 0.081763
vt 0.972112 0.106472
vt 0.975109 0.093839
vt 0.977221 0.093228
vt 0.980327 0.093305
vt 0.971656 0.118370
vt 0.975106 0.106157
vt 0.977098 0.105700
vt 0.979561 0.105731
vt 0.971582 0.133213
vt 0.974657 0.118386
vt 0.976688 0.118809
vt 0.979064 0.119054
vt 0.971594 0.145616
vt 0.974486 0.133383
vt 0.976540 0.133410
vt 0.978949 0.133257
vt 0.971840 0.157825
vt 0.974654 0.145515
vt 0.976735 0.145333
vt 0.979331 0.145308
vt 0.972140 0.171108
vt 0.975003 0.158217
vt 0.977131 0.158367
vt 0.980109 0.158090
vt 0.975536 0.171381
vt 0.977953 0.170984
vt 0.971921 0.183344
vt 0.976413 0.183434
vt 0.979496 0.183374
vt 0.972549 0.197269
vt 0.976074 0.197464
vt 0.978917 0.197775
vt 0.972826 0.214794
vt 0.975815 0.214694
vt 0.978498 0.215323
vt 0.973188 0.233191
vt 0.976031 0.232736
vt 0.978699 0.231782
vt 0.973637 0.239816
vt 0.976484 0.239812
vt 0.979255 0.239799
vt 0.973707 0.246886
vt 0.976536 0.246917
vt 0.979317 0.247009
vt 0.973575 0.254858
vt 0.976416 0.254884
vt 0.979133 0.254973
vt 0.973329 0.263847
vt 0.976149 0.263915
vt 0.978774 0.264402
vt 0.973445 0.287028
vt 0.976271 0.286769
vt 0.978845 0.286237
vt 0.974069 0.309829
vt 0.977012 0.309883
vt 0.979573 0.309829
vt 0.975246 0.328638
vt 0.978258 0.328827
vt 0.980708 0.328964
vt 0.974221 0.345132
vt 0.977886 0.345455
vt 0.980790 0.345889
vt 0.974014 0.357303
vt 0.977778 0.357182
vt 0.980814 0.357401
vt 0.974301 0.366031
vt 0.977831 0.365834
vt 0.980741 0.366168
vt 0.968902 0.374497
vt 0.977943 0.373965
vt 0.980663 0.374237
vt 0.974717 0.374126
vt 0.969982 0.381900
vt 0.978053 0.381868
vt 0.980688 0.382239
vt 0.974997 0.381658
vt 0.970090 0.389929
vt 0.978346 0.390163
vt 0.980991 0.390182
vt 0.975110 0.390015
vt 0.969541 0.399666
vt 0.978668 0.399903
vt 0.981317 0.399354
vt 0.975191 0.400067
vt 0.969030 0.410268
vt 0.969032 0.424224
vt 0.975211 0.410517
vt 0.978924 0.410537
vt 0.975478 0.422333
vt 0.978953 0.420686
vt 0.975908 0.425477
vt 0.979303 0.424904
vt 0.962154 0.428435
vt 0.964343 0.001105
vt 0.955415 0.001841
vt 0.958878 0.007175
vt 0.963008 0.006513
vt 0.969443 0.001864
vt 0.958775 0.019709
vt 0.968230 0.007204
vt 0.973142 0.003069
vt 0.963097 0.020015
vt 0.956538 0.032472
vt 0.972455 0.008293
vt 0.977432 0.003055
vt 0.968415 0.019787
vt 0.963863 0.032937
vt 0.957211 0.045314
vt 0.977543 0.008275
vt 0.982930 0.001841
vt 0.986393 0.007175
vt 0.972574 0.019324
vt 0.977617 0.019278
vt 0.986290 0.019709
vt 0.969309 0.032352
vt 0.963761 0.045050
vt 0.958345 0.049789
vt 0.977546 0.031626
vt 0.984053 0.032472
vt 0.973193 0.031554
vt 0.968988 0.045660
vt 0.963606 0.049525
vt 0.958415 0.052014
vt 0.977261 0.046034
vt 0.984726 0.045314
vt 0.972868 0.046229
vt 0.968674 0.049910
vt 0.963523 0.052900
vt 0.955983 0.059712
vt 0.977093 0.053027
vt 0.985860 0.049789
vt 0.972662 0.050902
vt 0.968690 0.053187
vt 0.962225 0.061491
vt 0.953555 0.072354
vt 0.977044 0.051008
vt 0.985930 0.052014
vt 0.972642 0.053098
vt 0.968733 0.061965
vt 0.961394 0.072310
vt 0.954258 0.091932
vt 0.978113 0.059085
vt 0.983498 0.059712
vt 0.973305 0.060477
vt 0.967864 0.071818
vt 0.962536 0.091863
vt 0.954847 0.097082
vt 0.977306 0.071889
vt 0.981070 0.072354
vt 0.972596 0.071558
vt 0.967177 0.092720
vt 0.962095 0.097112
vt 0.954305 0.101533
vt 0.975405 0.092836
vt 0.981773 0.091932
vt 0.971136 0.092959
vt 0.966796 0.097377
vt 0.961027 0.101083
vt 0.955013 0.114584
vt 0.975395 0.097440
vt 0.982362 0.097082
vt 0.970851 0.097554
vt 0.965653 0.101407
vt 0.959990 0.114592
vt 0.955053 0.123750
vt 0.974598 0.102406
vt 0.981820 0.101533
vt 0.969791 0.102361
vt 0.964971 0.115244
vt 0.960199 0.123242
vt 0.954793 0.137105
vt 0.975155 0.115388
vt 0.982528 0.114584
vt 0.969520 0.115855
vt 0.965193 0.124138
vt 0.961059 0.136369
vt 0.954146 0.161210
vt 0.975541 0.125091
vt 0.982568 0.123750
vt 0.969816 0.125333
vt 0.965562 0.135176
vt 0.961766 0.162264
vt 0.954394 0.184903
vt 0.974730 0.136277
vt 0.982308 0.137105
vt 0.969764 0.135051
vt 0.965817 0.164279
vt 0.959977 0.186528
vt 0.954770 0.213316
vt 0.974046 0.162634
vt 0.981662 0.161210
vt 0.969635 0.164521
vt 0.965252 0.190099
vt 0.962016 0.211428
vt 0.958031 0.241240
vt 0.975741 0.187224
vt 0.981909 0.184903
vt 0.969967 0.190586
vt 0.964669 0.208595
vt 0.961484 0.240381
vt 0.956300 0.276227
vt 0.977155 0.211790
vt 0.982285 0.213316
vt 0.970084 0.208679
vt 0.965546 0.234538
vt 0.962199 0.277867
vt 0.952649 0.317206
vt 0.973918 0.235634
vt 0.985546 0.241240
vt 0.969306 0.231457
vt 0.966542 0.273450
vt 0.962680 0.318708
vt 0.953329 0.354660
vt 0.975223 0.270463
vt 0.983816 0.276227
vt 0.970740 0.269008
vt 0.967515 0.314676
vt 0.962667 0.353889
vt 0.954858 0.367144
vt 0.975749 0.312703
vt 0.980164 0.317206
vt 0.971711 0.311122
vt 0.967386 0.352648
vt 0.962425 0.367329
vt 0.954162 0.376576
vt 0.975460 0.353840
vt 0.980845 0.354660
vt 0.971466 0.352654
vt 0.966851 0.367997
vt 0.962112 0.377184
vt 0.954792 0.396734
vt 0.975296 0.367711
vt 0.982373 0.367144
vt 0.971008 0.368226
vt 0.966362 0.378847
vt 0.960636 0.398249
vt 0.955450 0.421796
vt 0.974425 0.377938
vt 0.981677 0.376576
vt 0.970130 0.379319
vt 0.965718 0.401686
vt 0.959841 0.421617
vt 0.952216 0.431489
vt 0.962943 0.431022
vt 0.965540 0.421308
vt 0.966663 0.429881
vt 0.970026 0.402513
vt 0.975459 0.399537
vt 0.982307 0.396734
vt 0.970688 0.421299
vt 0.970443 0.429643
vt 0.977040 0.421615
vt 0.982965 0.421796
vt 0.974412 0.430637
vt 0.979731 0.431489
vt 0.688254 0.294789
vt 0.688670 0.304370
vt 0.688574 0.294732
vt 0.688739 0.305002
vt 0.325400 0.678250
vt 0.328137 0.675009
vt 0.324071 0.678741
vt 0.325931 0.678560
vt 0.324690 0.679662
vt 0.323498 0.680533
vt 0.332432 0.687147
vt 0.334815 0.684254
vt 0.334291 0.678029
vt 0.331769 0.687516
vt 0.334493 0.676951
vt 0.323126 0.681035
vt 0.304185 0.712211
vt 0.321624 0.679230
vt 0.322366 0.678938
vt 0.300888 0.709924
vt 0.303775 0.712455
vt 0.300079 0.709269
vt 0.300484 0.710678
vt 0.298808 0.716787
vt 0.295744 0.715514
vt 0.299621 0.709964
vt 0.320896 0.678271
vt 0.321636 0.677577
vt 0.299805 0.708814
vt 0.299177 0.709609
vt 0.296905 0.706721
vt 0.295755 0.715019
vt 0.295701 0.714380
vt 0.312001 0.672170
vt 0.296650 0.707113
vt 0.310815 0.671796
vt 0.296587 0.706507
vt 0.293883 0.712634
vt 0.296321 0.707019
vt 0.293643 0.712997
vt 0.293174 0.713641
vt 0.295569 0.706738
vt 0.292871 0.712126
vt 0.295674 0.706229
vt 0.308236 0.671069
vt 0.308187 0.669939
vt 0.310956 0.671004
vt 0.310848 0.666164
vt 0.313628 0.667441
vt 0.312248 0.671518
vt 0.314156 0.668245
vt 0.324955 0.668507
vt 0.324959 0.667342
vt 0.324943 0.664819
vt 0.313624 0.664838
vt 0.330646 0.665014
vt 0.332611 0.668259
vt 0.331809 0.664918
vt 0.333622 0.668179
vt 0.333178 0.674097
vt 0.328567 0.675751
vt 0.334290 0.674873
vt 0.334393 0.676042
vt 0.297247 0.136470
vt 0.291758 0.142507
vt 0.298330 0.136048
vt 0.291663 0.141858
vt 0.295415 0.144298
vt 0.300408 0.146690
vt 0.303467 0.144507
vt 0.299555 0.134687
vt 0.297357 0.135178
vt 0.297022 0.136059
vt 0.291851 0.139443
vt 0.298479 0.132972
vt 0.297486 0.131776
vt 0.303760 0.143949
vt 0.300235 0.134450
vt 0.333092 0.126464
vt 0.299061 0.132428
vt 0.298475 0.131382
vt 0.331991 0.122978
vt 0.331644 0.122118
vt 0.332751 0.122849
vt 0.333404 0.126166
vt 0.338194 0.120212
vt 0.332379 0.121917
vt 0.331524 0.121950
vt 0.337787 0.120093
vt 0.338520 0.123236
vt 0.332205 0.121440
vt 0.337326 0.119934
vt 0.336246 0.117938
vt 0.330746 0.118579
vt 0.336611 0.117827
vt 0.330279 0.118502
vt 0.295976 0.121850
vt 0.330774 0.118270
vt 0.336209 0.117622
vt 0.336130 0.116930
vt 0.330767 0.117545
vt 0.330272 0.118341
vt 0.330295 0.117471
vt 0.295939 0.118577
vt 0.295961 0.120840
vt 0.294951 0.118498
vt 0.295342 0.120752
vt 0.295559 0.121837
vt 0.292473 0.121730
vt 0.291208 0.119938
vt 0.292818 0.122321
vt 0.287861 0.130328
vt 0.285816 0.129194
vt 0.283620 0.134005
vt 0.288840 0.130873
vt 0.285496 0.136943
vt 0.283410 0.134360
vt 0.285286 0.137342
vt 0.288144 0.138782
vt 0.288030 0.139243
vt 0.292006 0.140056
vt 0.337266 0.117595
vt 0.690724 0.888014
vt 0.688471 0.890606
vt 0.689238 0.896561
vt 0.687230 0.891949
vt 0.687918 0.896357
vt 0.688317 0.889635
vt 0.686844 0.890642
vt 0.684021 0.892865
vt 0.683632 0.891621
vt 0.682766 0.893019
vt 0.683133 0.892017
vt 0.684497 0.895871
vt 0.683220 0.896539
vt 0.684492 0.897173
vt 0.687944 0.897721
vt 0.683850 0.897435
vt 0.680797 0.897829
vt 0.682800 0.899196
vt 0.683680 0.898504
vt 0.680281 0.892829
vt 0.676554 0.897224
vt 0.675337 0.899829
vt 0.678746 0.902438
vt 0.681312 0.902386
vt 0.679558 0.904438
vt 0.683908 0.899617
vt 0.684301 0.898377
vt 0.687730 0.899056
vt 0.687284 0.900346
vt 0.688914 0.898844
vt 0.682541 0.902331
vt 0.688636 0.899948
vt 0.672975 0.901501
vt 0.674649 0.905441
vt 0.672726 0.900877
vt 0.674800 0.899412
vt 0.670085 0.901839
vt 0.670199 0.901172
vt 0.675878 0.897126
vt 0.676296 0.894373
vt 0.672573 0.900483
vt 0.670273 0.900753
vt 0.674465 0.899149
vt 0.668140 0.899870
vt 0.675455 0.897064
vt 0.666860 0.897952
vt 0.667849 0.900216
vt 0.675661 0.894618
vt 0.675262 0.894771
vt 0.667365 0.900790
vt 0.666459 0.898101
vt 0.666735 0.895663
vt 0.669561 0.905982
vt 0.674635 0.892047
vt 0.674205 0.892569
vt 0.673933 0.892898
vt 0.677346 0.888755
vt 0.665819 0.898331
vt 0.664432 0.904008
vt 0.668015 0.907314
vt 0.666286 0.895570
vt 0.667677 0.893551
vt 0.671836 0.891958
vt 0.669547 0.892201
vt 0.667355 0.893275
vt 0.665627 0.895444
vt 0.671911 0.891539
vt 0.669406 0.891800
vt 0.672029 0.890874
vt 0.666846 0.892833
vt 0.669182 0.891164
vt 0.661741 0.899608
vt 0.672773 0.886678
vt 0.674127 0.884847
vt 0.661456 0.894573
vt 0.663640 0.890026
vt 0.659085 0.898990
vt 0.667767 0.887144
vt 0.667985 0.884801
vt 0.662553 0.887677
vt 0.671473 0.884464
vt 0.665458 0.885711
vt 0.665973 0.884754
vt 0.666984 0.884390
vt 0.666503 0.884042
vt 0.667753 0.883738
vt 0.665223 0.881247
vt 0.666560 0.880959
vt 0.670912 0.883621
vt 0.672269 0.883963
vt 0.673185 0.884044
vt 0.672044 0.883462
vt 0.671003 0.880494
vt 0.665391 0.879612
vt 0.671270 0.878775
vt 0.672361 0.880465
vt 0.672338 0.879495
vt 0.663761 0.877736
vt 0.662281 0.881031
vt 0.665017 0.880704
vt 0.663653 0.881326
vt 0.663944 0.881701
vt 0.662725 0.882320
vt 0.665366 0.884448
vt 0.664425 0.885094
vt 0.657480 0.884514
vt 0.658994 0.884773
vt 0.655034 0.884012
vt 0.657401 0.885520
vt 0.657944 0.885648
vt 0.661670 0.886666
vt 0.660700 0.887522
vt 0.661463 0.887800
vt 0.655418 0.887215
vt 0.650440 0.877886
vt 0.650331 0.893709
vt 0.643095 0.890243
vt 0.663240 0.870378
vt 0.674224 0.876096
vt 0.638946 0.887537
vt 0.647875 0.873210
vt 0.638745 0.904901
vt 0.662059 0.865242
vt 0.643174 0.904140
vt 0.647964 0.919605
vt 0.678065 0.869732
vt 0.678237 0.864758
vt 0.650654 0.915851
vt 0.663078 0.927106
vt 0.690943 0.876120
vt 0.693077 0.872329
vt 0.650837 0.904534
vt 0.663532 0.922240
vt 0.679350 0.926377
vt 0.684155 0.879721
vt 0.698424 0.887832
vt 0.702106 0.886825
vt 0.657098 0.913222
vt 0.678357 0.921594
vt 0.693373 0.918208
vt 0.698502 0.901728
vt 0.702019 0.903921
vt 0.691157 0.914086
vt 0.667472 0.916573
vt 0.691652 0.898592
vt 0.687010 0.908197
vt 0.678313 0.914415
vt 0.669863 0.914014
vt 0.679031 0.911617
vt 0.686124 0.905399
vt 0.675742 0.912804
vt 0.676443 0.911692
vt 0.677833 0.911119
vt 0.677627 0.910428
vt 0.683788 0.907978
vt 0.684387 0.906816
vt 0.678846 0.909808
vt 0.676327 0.907381
vt 0.682578 0.907355
vt 0.683628 0.906480
vt 0.677489 0.906820
vt 0.680024 0.905164
vt 0.680994 0.904307
vt 0.676680 0.906464
vt 0.680694 0.904143
vt 0.674157 0.907414
vt 0.676220 0.907418
vt 0.675212 0.907795
vt 0.670695 0.907627
vt 0.673941 0.908090
vt 0.675191 0.907786
vt 0.676348 0.910881
vt 0.675011 0.911169
vt 0.670935 0.908403
vt 0.669756 0.908041
vt 0.668516 0.907879
vt 0.669650 0.908367
vt 0.670568 0.911634
vt 0.669200 0.911629
vt 0.668555 0.912996
vt 0.667073 0.912714
vt 0.666357 0.913689
vt 0.660406 0.912326
vt 0.662357 0.909518
vt 0.657682 0.910254
vt 0.658723 0.909563
vt 0.654256 0.905186
vt 0.656164 0.903879
vt 0.659098 0.907244
vt 0.660025 0.908123
vt 0.661344 0.904710
vt 0.662254 0.905532
vt 0.666531 0.911108
vt 0.667854 0.911454
vt 0.667203 0.907915
vt 0.668456 0.908211
vt 0.659344 0.902431
vt 0.658582 0.901309
vt 0.655310 0.902709
vt 0.659085 0.900974
vt 0.660085 0.901439
vt 0.664377 0.906842
vt 0.662729 0.904594
vt 0.662592 0.905222
vt 0.663246 0.906224
vt 0.661139 0.908894
vt 0.663626 0.905908
vt 0.664501 0.906051
vt 0.658708 0.899975
vt 0.658756 0.895512
vt 0.658147 0.894572
vt 0.657197 0.895959
vt 0.657201 0.894656
vt 0.653709 0.896034
vt 0.653676 0.894560
vt 0.652418 0.895984
vt 0.653079 0.894701
vt 0.653002 0.901968
vt 0.654342 0.900179
vt 0.657673 0.898965
vt 0.659217 0.892857
vt 0.658062 0.900208
vt 0.654727 0.901488
vt 0.654042 0.902151
vt 0.658339 0.893508
vt 0.654156 0.903313
vt 0.652888 0.892610
vt 0.653106 0.893497
vt 0.654287 0.891783
vt 0.653841 0.893072
vt 0.657786 0.892212
vt 0.657393 0.893452
vt 0.660772 0.889704
vt 0.659153 0.889498
vt 0.656280 0.887791
vt 0.660752 0.888611
vt 0.659891 0.888428
vt 0.657037 0.886654
vt 0.656547 0.886478
vt 0.685291 0.904338
vt 0.687047 0.887493
vt 0.687691 0.888243
vt 0.688785 0.897368
vt 0.681395 0.903322
vt 0.681803 0.903401
vt 0.684535 0.905474
vt 0.685134 0.905536
vt 0.659366 0.910780
vt 0.162162 0.327166
vt 0.162339 0.318856
vt 0.159985 0.322933
vt 0.167400 0.327166
vt 0.167048 0.318856
vt 0.169402 0.322933
vt 0.162042 0.328155
vt 0.167810 0.328155
vt 0.158324 0.328155
vt 0.158324 0.327171
vt 0.154570 0.328155
vt 0.154570 0.327171
vt 0.150816 0.328155
vt 0.150816 0.327171
vt 0.147100 0.328155
vt 0.147100 0.327171
vt 0.141023 0.327171
vt 0.141023 0.328155
vt 0.162042 0.363916
vt 0.167810 0.364880
vt 0.167810 0.363916
vt 0.162042 0.364880
vt 0.158324 0.363916
vt 0.162042 0.365179
vt 0.167810 0.365179
vt 0.167810 0.372647
vt 0.158324 0.364880
vt 0.154570 0.363916
vt 0.158324 0.365179
vt 0.162042 0.372647
vt 0.154570 0.364880
vt 0.150816 0.363916
vt 0.154570 0.365179
vt 0.150816 0.364880
vt 0.147100 0.363916
vt 0.162042 0.372944
vt 0.167810 0.372944
vt 0.167810 0.373331
vt 0.158324 0.372647
vt 0.150816 0.365179
vt 0.147100 0.364880
vt 0.141023 0.363916
vt 0.141023 0.364880
vt 0.141023 0.365179
vt 0.147100 0.365179
vt 0.162042 0.373331
vt 0.167810 0.378621
vt 0.154570 0.372647
vt 0.147100 0.372647
vt 0.141023 0.372647
vt 0.141023 0.372944
vt 0.150816 0.372647
vt 0.147100 0.372944
vt 0.150816 0.372944
vt 0.154570 0.372944
vt 0.147100 0.373331
vt 0.141023 0.373331
vt 0.150816 0.373331
vt 0.147100 0.378621
vt 0.141023 0.378621
vt 0.141023 0.378894
vt 0.150816 0.378621
vt 0.154570 0.373331
vt 0.158324 0.372944
vt 0.158324 0.373331
vt 0.147100 0.378894
vt 0.154570 0.378621
vt 0.162042 0.378621
vt 0.158324 0.378621
vt 0.147100 0.380149
vt 0.141023 0.380149
vt 0.150816 0.380149
vt 0.150816 0.378894
vt 0.154570 0.380149
vt 0.154570 0.378894
vt 0.158324 0.380149
vt 0.158324 0.378894
vt 0.162042 0.380149
vt 0.162042 0.378894
vt 0.167810 0.380149
vt 0.167810 0.378894
vt 0.702527 0.306136
vt 0.708040 0.295156
vt 0.701726 0.295197
vt 0.707511 0.305796
vt 0.687422 0.287690
vt 0.675408 0.258477
vt 0.687055 0.287747
vt 0.683704 0.288718
vt 0.684967 0.294887
vt 0.688178 0.294320
vt 0.688329 0.294234
vt 0.685058 0.295221
vt 0.684472 0.294932
vt 0.683366 0.288754
vt 0.672252 0.259660
vt 0.677514 0.290786
vt 0.679944 0.296409
vt 0.679401 0.296655
vt 0.671944 0.259799
vt 0.675236 0.257932
vt 0.675742 0.258547
vt 0.675650 0.257845
vt 0.672092 0.259100
vt 0.671641 0.259266
vt 0.666138 0.261981
vt 0.665934 0.261416
vt 0.677323 0.290836
vt 0.665914 0.262048
vt 0.665662 0.261535
vt 0.662734 0.263297
vt 0.662475 0.262668
vt 0.662073 0.262931
vt 0.662384 0.263505
vt 0.674299 0.291938
vt 0.674053 0.291961
vt 0.676267 0.297702
vt 0.676013 0.297783
vt 0.676122 0.298107
vt 0.676376 0.298023
vt 0.679524 0.297038
vt 0.711408 0.287646
vt 0.715274 0.259147
vt 0.710768 0.287529
vt 0.708352 0.287398
vt 0.708476 0.293984
vt 0.710823 0.292928
vt 0.710994 0.293447
vt 0.708673 0.294530
vt 0.711776 0.293240
vt 0.711578 0.292591
vt 0.708141 0.294230
vt 0.707877 0.287523
vt 0.707758 0.259140
vt 0.701658 0.287648
vt 0.701602 0.294302
vt 0.701261 0.294065
vt 0.707493 0.259135
vt 0.715256 0.258545
vt 0.715532 0.259159
vt 0.715522 0.258549
vt 0.707781 0.258542
vt 0.707463 0.258540
vt 0.701317 0.259223
vt 0.701370 0.258546
vt 0.701205 0.287625
vt 0.700770 0.259249
vt 0.700751 0.258653
vt 0.693416 0.259062
vt 0.693523 0.258456
vt 0.693017 0.258477
vt 0.693018 0.259084
vt 0.698454 0.287643
vt 0.698083 0.287650
vt 0.698559 0.293229
vt 0.698215 0.293118
vt 0.697926 0.293547
vt 0.698487 0.293775
vt 0.701087 0.294591
vt 0.691014 0.303863
vt 0.691039 0.303555
vt 0.719670 0.303008
vt 0.722136 0.304525
vt 0.722368 0.303647
vt 0.719705 0.303344
vt 0.733985 0.306145
vt 0.734310 0.284222
vt 0.733942 0.284226
vt 0.734584 0.306003
vt 0.738376 0.275951
vt 0.738916 0.306021
vt 0.738828 0.275945
vt 0.739295 0.305995
vt 0.746696 0.275846
vt 0.747105 0.305879
vt 0.747148 0.275841
vt 0.747721 0.305875
vt 0.751422 0.284006
vt 0.752017 0.305831
vt 0.751790 0.284002
vt 0.752554 0.305906
vt 0.732889 0.258109
vt 0.732979 0.257490
vt 0.721754 0.286973
vt 0.721622 0.293387
vt 0.721441 0.293960
vt 0.692172 0.308419
vt 0.693288 0.305415
vt 0.692750 0.305586
vt 0.693633 0.308279
vt 0.717982 0.305221
vt 0.718475 0.307627
vt 0.720510 0.306943
vt 0.717460 0.305359
vt 0.680504 0.296991
vt 0.685887 0.304704
vt 0.686184 0.305162
vt 0.684285 0.295624
vt 0.679620 0.307750
vt 0.679117 0.307524
vt 0.682148 0.306962
vt 0.682504 0.306408
vt 0.290435 0.826038
vt 0.290435 0.790614
vt 0.287483 0.790614
vt 0.287483 0.826038
vt 0.284531 0.790614
vt 0.284531 0.826038
vt 0.281579 0.790614
vt 0.281579 0.826038
vt 0.278627 0.790614
vt 0.278627 0.826038
vt 0.275675 0.790614
vt 0.275675 0.826038
vt 0.272723 0.790614
vt 0.272723 0.826038
vt 0.269771 0.790614
vt 0.269771 0.826038
vt 0.266819 0.790614
vt 0.266819 0.826038
vt 0.263867 0.790614
vt 0.263867 0.826038
vt 0.260915 0.790614
vt 0.260915 0.826038
vt 0.257963 0.790614
vt 0.257963 0.826038
vt 0.255011 0.790614
vt 0.255011 0.826038
vt 0.332298 0.524765
vt 0.333034 0.524765
vt 0.333034 0.528737
vt 0.332298 0.528737
vt 0.333034 0.534274
vt 0.319041 0.524763
vt 0.332298 0.534274
vt 0.333034 0.545328
vt 0.319041 0.528737
vt 0.332298 0.545328
vt 0.333034 0.556382
vt 0.319041 0.534274
vt 0.332298 0.556382
vt 0.333034 0.561919
vt 0.319041 0.545328
vt 0.319041 0.556382
vt 0.305539 0.534274
vt 0.332298 0.561919
vt 0.333034 0.565891
vt 0.332298 0.565891
vt 0.333034 0.569740
vt 0.305539 0.545328
vt 0.319041 0.561919
vt 0.332298 0.569740
vt 0.333034 0.573976
vt 0.319041 0.565891
vt 0.332298 0.573976
vt 0.333034 0.578627
vt 0.319041 0.569740
vt 0.305539 0.565891
vt 0.332298 0.578627
vt 0.333034 0.583278
vt 0.319041 0.573976
vt 0.332298 0.583278
vt 0.333034 0.587515
vt 0.305539 0.569740
vt 0.319041 0.578627
vt 0.332298 0.587515
vt 0.333034 0.591364
vt 0.332298 0.591364
vt 0.319041 0.583278
vt 0.319041 0.587515
vt 0.319041 0.591364
vt 0.305539 0.573976
vt 0.305539 0.578627
vt 0.305539 0.587515
vt 0.305539 0.591364
vt 0.305539 0.583278
vt 0.296750 0.587515
vt 0.296750 0.591364
vt 0.296750 0.583278
vt 0.296750 0.578627
vt 0.296750 0.573976
vt 0.296750 0.569740
vt 0.296391 0.587515
vt 0.296391 0.591364
vt 0.296391 0.583278
vt 0.296391 0.578627
vt 0.296391 0.573976
vt 0.293691 0.586824
vt 0.293691 0.590401
vt 0.293691 0.582895
vt 0.293691 0.578627
vt 0.293420 0.586711
vt 0.293420 0.590239
vt 0.293420 0.582834
vt 0.281643 0.586711
vt 0.281643 0.590239
vt 0.281643 0.582834
vt 0.281643 0.578627
vt 0.293420 0.578627
vt 0.281643 0.574421
vt 0.293420 0.574421
vt 0.281643 0.570544
vt 0.293691 0.574359
vt 0.293420 0.570544
vt 0.281643 0.567015
vt 0.293691 0.570430
vt 0.293420 0.567015
vt 0.281643 0.563472
vt 0.296391 0.569740
vt 0.293420 0.563472
vt 0.281643 0.558622
vt 0.293691 0.566854
vt 0.296391 0.565891
vt 0.293420 0.558622
vt 0.281643 0.545328
vt 0.293691 0.563241
vt 0.296750 0.565891
vt 0.293420 0.545328
vt 0.281643 0.532034
vt 0.296391 0.561919
vt 0.293691 0.558259
vt 0.293420 0.532034
vt 0.281643 0.527177
vt 0.296750 0.561919
vt 0.296391 0.556382
vt 0.293691 0.545328
vt 0.293411 0.527148
vt 0.281625 0.523568
vt 0.293401 0.523568
vt 0.293691 0.532397
vt 0.293691 0.527414
vt 0.293692 0.523801
vt 0.296391 0.545328
vt 0.296750 0.556382
vt 0.296391 0.534274
vt 0.296391 0.528737
vt 0.296391 0.524765
vt 0.296750 0.545328
vt 0.305539 0.561919
vt 0.296750 0.534274
vt 0.296750 0.528737
vt 0.296750 0.524765
vt 0.305539 0.556382
vt 0.305539 0.528737
vt 0.305539 0.524763
vt 0.310942 0.563370
vt 0.307833 0.560974
vt 0.313639 0.563370
vt 0.307833 0.558448
vt 0.316747 0.558448
vt 0.316747 0.560974
vt 0.307833 0.532208
vt 0.307833 0.529681
vt 0.316747 0.532208
vt 0.310942 0.527283
vt 0.316747 0.529681
vt 0.313639 0.527283
vt 0.685492 0.888291
vt 0.683112 0.890520
vt 0.686261 0.889419
vt 0.682412 0.889429
vt 0.682704 0.891025
vt 0.681680 0.890564
vt 0.682557 0.884926
vt 0.680412 0.887150
vt 0.683181 0.882913
vt 0.681547 0.884005
vt 0.679440 0.886297
vt 0.682145 0.882921
vt 0.680312 0.881029
vt 0.680821 0.882106
vt 0.674698 0.879005
vt 0.674010 0.879575
vt 0.675041 0.881020
vt 0.673739 0.880630
vt 0.679214 0.882611
vt 0.680432 0.883234
vt 0.674490 0.883914
vt 0.673294 0.883600
vt 0.677490 0.885280
vt 0.678447 0.885606
vt 0.678461 0.886118
vt 0.677353 0.886211
vt 0.679516 0.887805
vt 0.679322 0.886762
vt 0.473932 0.954622
vt 0.457388 0.958928
vt 0.466237 0.958991
vt 0.478412 0.946989
vt 0.478475 0.938140
vt 0.474105 0.930445
vt 0.466474 0.925966
vt 0.457625 0.925902
vt 0.449929 0.930272
vt 0.445450 0.937904
vt 0.445386 0.946753
vt 0.449757 0.954449
vt 0.167810 0.380560
vt 0.162042 0.502846
vt 0.167810 0.502846
vt 0.162042 0.380560
vt 0.158324 0.502851
vt 0.158324 0.380560
vt 0.154570 0.502855
vt 0.154570 0.380560
vt 0.150816 0.502859
vt 0.150816 0.380560
vt 0.147100 0.502865
vt 0.147100 0.380560
vt 0.141023 0.502870
vt 0.141023 0.380560
vt 0.053832 0.285261
vt 0.053516 0.284428
vt 0.053401 0.284400
vt 0.053570 0.285810
vt 0.052661 0.284312
vt 0.053785 0.283722
vt 0.053835 0.283829
vt 0.054647 0.284962
vt 0.053897 0.285115
vt 0.054732 0.285022
vt 0.054925 0.284370
vt 0.055015 0.284349
vt 0.055262 0.285460
vt 0.054556 0.283815
vt 0.054620 0.283724
vt 0.053356 0.283072
vt 0.055695 0.284246
vt 0.054982 0.283044
vt 0.052378 0.284293
vt 0.053115 0.282781
vt 0.055215 0.282753
vt 0.055970 0.284232
vt 0.053470 0.286034
vt 0.055454 0.285637
vt 0.052228 0.284285
vt 0.053415 0.286156
vt 0.055556 0.285730
vt 0.056116 0.284228
vt 0.052878 0.282611
vt 0.055306 0.282611
vt 0.055306 0.263096
vt 0.057862 0.263096
vt 0.057862 0.282611
vt 0.060419 0.263096
vt 0.060419 0.282611
vt 0.062976 0.263096
vt 0.062976 0.282611
vt 0.052878 0.263096
vt 0.050320 0.282611
vt 0.050320 0.263096
vt 0.047762 0.263096
vt 0.047762 0.282611
vt 0.052968 0.262930
vt 0.055072 0.262922
vt 0.055958 0.261427
vt 0.052168 0.261391
vt 0.052013 0.261403
vt 0.055811 0.261423
vt 0.055407 0.259904
vt 0.053291 0.259559
vt 0.053236 0.259436
vt 0.055303 0.259995
vt 0.053204 0.262630
vt 0.052462 0.261364
vt 0.054835 0.262634
vt 0.055534 0.261409
vt 0.055104 0.260167
vt 0.053394 0.259786
vt 0.053649 0.260335
vt 0.053218 0.261225
vt 0.053712 0.260477
vt 0.054470 0.260678
vt 0.053591 0.261933
vt 0.054418 0.261988
vt 0.053336 0.261196
vt 0.053655 0.261834
vt 0.054563 0.260621
vt 0.054831 0.261347
vt 0.054729 0.261329
vt 0.054356 0.261891
vt 1.366619 0.526848
vt 1.359830 0.468216
vt 1.355291 0.525966
vt 1.378212 0.527459
vt 1.383236 0.469682
vt 1.461724 0.528262
vt 1.439080 0.482674
vt 1.439636 0.528733
vt 1.457461 0.469934
vt 1.405075 0.446313
vt 1.428119 0.471455
vt 1.435478 0.446313
vt 1.412520 0.471345
vt 1.484854 0.527076
vt 1.481102 0.468780
vt 1.473416 0.527809
vt 1.400071 0.528253
vt 1.401393 0.482523
vt 1.431006 0.539147
vt 1.408466 0.538873
vt 1.443615 0.422102
vt 1.479921 0.461546
vt 1.405075 0.420962
vt 1.435478 0.420962
vt 1.397060 0.422287
vt 1.361008 0.461306
vt 1.265132 0.891036
vt 1.312985 0.991742
vt 1.313282 0.952367
vt 1.265132 0.954510
vt 1.212570 0.954145
vt 1.319890 0.956397
vt 1.319524 0.995669
vt 1.476410 0.407131
vt 1.483456 0.386626
vt 1.358923 0.386824
vt 1.483191 0.361221
vt 1.358666 0.314717
vt 1.381985 0.277009
vt 1.409665 0.276976
vt 1.498081 0.392067
vt 1.491053 0.412145
vt 1.344158 0.325031
vt 1.344314 0.386626
vt 1.497452 0.386310
vt 1.497252 0.366486
vt 1.382563 0.273418
vt 1.408608 0.273435
vt 1.362728 0.099923
vt 1.349866 0.187277
vt 1.362831 0.195509
vt 1.351665 0.099628
vt 1.406720 0.157436
vt 1.409519 0.165899
vt 1.381722 0.220428
vt 1.382649 0.223718
vt 0.461606 0.528133
vt 0.439026 0.482676
vt 0.457355 0.469972
vt 0.439581 0.528604
vt 0.366772 0.526724
vt 0.355476 0.525844
vt 0.360003 0.468259
vt 0.378332 0.527332
vt 0.383341 0.469721
vt 0.405118 0.446418
vt 0.428096 0.471488
vt 0.412542 0.471379
vt 0.435435 0.446418
vt 0.484669 0.526951
vt 0.473264 0.527682
vt 0.480929 0.468821
vt 0.400128 0.528125
vt 0.401447 0.482525
vt 0.430975 0.538987
vt 0.408500 0.538714
vt 0.443548 0.422276
vt 0.479751 0.461607
vt 0.405118 0.421140
vt 0.435434 0.421140
vt 0.397126 0.422461
vt 0.361176 0.461368
vt 0.265132 0.891036
vt 0.313282 0.952367
vt 0.312985 0.991742
vt 0.265132 0.954510
vt 0.212570 0.954145
vt 0.319890 0.956397
vt 0.319524 0.995669
vt 0.476410 0.407131
vt 0.358923 0.386824
vt 0.483456 0.386626
vt 0.483191 0.361221
vt 0.358666 0.314717
vt 0.381985 0.277009
vt 0.409665 0.276976
vt 0.498081 0.392067
vt 0.491053 0.412145
vt 0.344158 0.325031
vt 0.344314 0.386626
vt 0.497452 0.386310
vt 0.497252 0.366486
vt 0.382563 0.273418
vt 0.408608 0.273435
vt 0.362728 0.099923
vt 0.349866 0.187277
vt 0.351665 0.099628
vt 0.362831 0.195509
vt 0.406720 0.157436
vt 0.409519 0.165899
vt 0.381722 0.220428
vt 0.382649 0.223718
vt 0.249727 0.981029
vt 0.236451 0.985277
vt 0.241526 0.970520
vt 0.257993 0.970520
vt 0.263067 0.985277
vt 0.337723 0.425029
vt 0.337478 0.507677
vt 0.331561 0.513060
vt 0.331501 0.502076
vt 0.325618 0.507679
vt 0.325249 0.425029
vt 0.441088 0.145506
vt 0.419533 0.130734
vt 0.436471 0.130734
vt 0.414916 0.145506
vt 0.327475 0.855203
vt 0.353646 0.855203
vt 0.340594 0.862507
vt 0.327475 0.743384
vt 0.353646 0.743384
vt 0.483352 0.271842
vt 0.459155 0.222146
vt 0.482667 0.222146
vt 0.458469 0.271842
vt 0.482605 0.218728
vt 0.459216 0.218728
vt 0.459887 0.187465
vt 0.481935 0.187465
vt 0.470878 0.176807
vt 0.350261 0.550860
vt 0.330860 0.550860
vt 0.340528 0.545594
vt 0.329306 0.623252
vt 0.351815 0.623252
vt 0.351980 0.632164
vt 0.329141 0.632164
vt 0.453029 0.566768
vt 0.445525 0.555427
vt 0.471596 0.554992
vt 0.481222 0.565766
vt 0.455832 0.580145
vt 0.484267 0.579534
vt 0.453571 0.593698
vt 0.481968 0.593551
vt 0.446368 0.605612
vt 0.472836 0.604891
vt 0.434268 0.616023
vt 0.450589 0.622002
vt 0.394010 0.555734
vt 0.358431 0.567760
vt 0.367582 0.556448
vt 0.386806 0.567644
vt 0.356109 0.581776
vt 0.384543 0.581195
vt 0.359176 0.595613
vt 0.387343 0.594571
vt 0.368818 0.606359
vt 0.394845 0.605913
vt 0.449285 0.539362
vt 0.433741 0.545424
vt 0.406133 0.545314
vt 0.389837 0.539323
vt 0.391136 0.622002
vt 0.406657 0.615935
vt 0.327669 0.739694
vt 0.353452 0.739694
vt 0.483996 0.275421
vt 0.457825 0.275421
vt 0.470878 0.331788
vt 0.483996 0.319756
vt 0.457825 0.319756
vt 0.513925 0.398085
vt 0.507124 0.418239
vt 0.420392 0.612556
vt 0.412847 0.593783
vt 0.420322 0.594940
vt 0.408079 0.610043
vt 0.432777 0.610000
vt 0.406610 0.590579
vt 0.427802 0.593642
vt 0.398248 0.602664
vt 0.442614 0.602245
vt 0.402518 0.586028
vt 0.434023 0.590310
vt 0.391712 0.592713
vt 0.449044 0.592030
vt 0.401040 0.580866
vt 0.438032 0.585674
vt 0.389301 0.581071
vt 0.451073 0.580270
vt 0.402343 0.575671
vt 0.439334 0.580479
vt 0.391332 0.569313
vt 0.448660 0.568628
vt 0.406352 0.571037
vt 0.437856 0.575316
vt 0.397762 0.559101
vt 0.442122 0.558677
vt 0.412572 0.567705
vt 0.433763 0.570766
vt 0.407597 0.551349
vt 0.432288 0.551302
vt 0.420051 0.566407
vt 0.427525 0.567564
vt 0.419978 0.548793
vt 0.419991 0.543918
vt 0.420381 0.617432
vt 0.525565 0.042310
vt 0.510791 0.007844
vt 0.512161 0.008663
vt 0.521812 0.042403
vt 0.538141 0.077975
vt 0.530326 0.078193
vt 0.548447 0.116185
vt 0.537017 0.116463
vt 0.556859 0.156555
vt 0.542573 0.156986
vt 0.562845 0.196288
vt 0.546589 0.196541
vt 0.567173 0.242869
vt 0.549666 0.243154
vt 0.550931 0.291208
vt 0.568700 0.290974
vt 0.570035 0.345344
vt 0.551957 0.345582
vt 0.523093 0.345928
vt 0.522327 0.291550
vt 0.521134 0.243575
vt 0.519217 0.196944
vt 0.517525 0.157649
vt 0.515539 0.117031
vt 0.513379 0.078562
vt 0.511676 0.042618
vt 0.509548 0.007831
vt 0.518625 0.345975
vt 0.518076 0.291596
vt 0.517191 0.243627
vt 0.515934 0.196988
vt 0.514742 0.157718
vt 0.513347 0.117084
vt 0.511863 0.078591
vt 0.510605 0.042637
vt 1.525565 0.042310
vt 1.510791 0.007844
vt 1.521812 0.042403
vt 1.538141 0.077975
vt 1.530326 0.078193
vt 1.548447 0.116185
vt 1.537017 0.116463
vt 1.556859 0.156555
vt 1.542573 0.156986
vt 1.562845 0.196288
vt 1.546589 0.196541
vt 1.567173 0.242869
vt 1.549666 0.243154
vt 1.550931 0.291208
vt 1.568700 0.290974
vt 1.570035 0.345344
vt 1.551957 0.345582
vt 1.522327 0.291550
vt 1.523093 0.345928
vt 1.521134 0.243575
vt 1.519217 0.196944
vt 1.517525 0.157649
vt 1.515539 0.117031
vt 1.513379 0.078562
vt 1.511676 0.042618
vt 1.509548 0.007831
vt 1.518076 0.291596
vt 1.518625 0.345975
vt 1.517191 0.243627
vt 1.515934 0.196988
vt 1.514742 0.157718
vt 1.513347 0.117084
vt 1.511863 0.078591
vt 1.510605 0.042637
vt 0.371760 0.769328
vt 0.376807 0.870566
vt 0.371760 0.870566
vt 0.376807 0.769328
vt 0.382500 0.870566
vt 0.382500 0.769328
vt 0.388995 0.870566
vt 0.388995 0.769328
vt 0.396003 0.870566
vt 0.396003 0.769328
vt 0.403011 0.870566
vt 0.403011 0.769328
vt 0.409509 0.870566
vt 0.409509 0.769328
vt 0.415206 0.870566
vt 0.415206 0.769328
vt 0.420256 0.870566
vt 0.420256 0.769328
vt 0.425309 0.870566
vt 0.425309 0.769328
vt 0.431003 0.870566
vt 0.431003 0.769328
vt 0.437499 0.870566
vt 0.437499 0.769328
vt 0.444506 0.870566
vt 0.444506 0.769328
vt 0.451514 0.870566
vt 0.451514 0.769328
vt 0.458010 0.870566
vt 0.458010 0.769328
vt 0.463703 0.870566
vt 0.463703 0.769328
vt 0.468755 0.870566
vt 0.468755 0.769328
s 1
f 1/1/1 3/2/2 2/3/3
f 1/1/1 2/3/3 4/4/4
f 1/1/1 4/4/4 5/5/5
f 5/5/5 4/4/4 6/6/6
f 5/5/5 6/6/6 7/7/7
f 7/7/7 6/6/6 8/8/8
f 7/7/7 8/8/8 9/9/9
f 4/4/4 10/10/10 6/6/6
f 6/6/6 11/11/11 8/8/8
f 6/6/6 10/10/10 11/11/11
f 4/4/4 3/2/2 10/10/10
f 2/3/3 3/2/2 4/4/4
f 8/8/8 11/11/11 12/12/12
f 8/8/8 12/12/12 13/13/13
f 13/13/13 12/12/12 14/14/14
f 13/13/13 14/14/14 15/15/15
f 15/15/15 14/14/14 16/16/16
f 15/15/15 16/16/16 17/17/17
f 17/17/17 16/16/16 18/18/18
f 17/17/17 18/18/18 19/19/19
f 19/19/19 18/18/18 20/20/20
f 19/19/19 20/20/20 21/21/21
f 21/21/21 20/20/20 22/22/22
f 21/21/21 22/22/22 23/23/23
f 23/23/23 22/22/22 24/24/24
f 23/23/23 24/24/24 25/25/25
f 25/25/25 24/24/24 26/26/26
f 25/25/25 26/26/26 27/27/27
f 27/27/27 26/26/26 28/28/28
f 27/27/27 28/28/28 29/29/29
f 29/29/29 28/28/28 30/30/30
f 29/29/29 30/30/30 31/31/31
f 31/31/31 30/30/30 32/32/32
f 31/31/31 32/32/32 33/33/33
f 33/33/33 32/32/32 34/34/34
f 33/33/33 34/34/34 35/35/35
f 35/35/35 34/34/34 36/36/36
f 35/35/35 36/36/36 37/37/37
f 37/37/37 36/36/36 38/38/38
f 37/37/37 38/38/38 39/39/39
f 39/39/39 38/38/38 40/40/40
f 39/39/39 40/40/40 41/41/41
f 41/41/41 40/40/40 42/42/42
f 41/41/41 42/42/42 43/43/43
f 43/43/43 42/42/42 44/44/44
f 43/43/43 44/44/44 45/45/45
f 45/45/45 44/44/44 46/46/46
f 45/45/45 46/46/46 47/47/47
f 47/47/47 46/46/46 48/48/48
f 47/47/47 48/48/48 49/49/49
f 34/34/34 50/50/50 36/36/36
f 36/36/36 51/51/51 38/38/38
f 36/36/36 50/50/50 51/51/51
f 38/38/38 52/52/52 40/40/40
f 38/38/38 51/51/51 52/52/52
f 40/40/40 53/53/53 42/42/42
f 40/40/40 52/52/52 53/53/53
f 42/42/42 54/54/54 44/44/44
f 42/42/42 53/53/53 54/54/54
f 44/44/44 55/55/55 46/46/46
f 44/44/44 54/54/54 55/55/55
f 46/46/46 56/56/56 48/48/48
f 46/46/46 55/55/55 56/56/56
f 34/34/34 57/57/57 50/50/50
f 32/32/32 57/57/57 34/34/34
f 48/48/48 56/56/56 58/58/58
f 48/48/48 58/58/58 59/59/59
f 32/32/32 60/60/60 57/57/57
f 30/30/30 60/60/60 32/32/32
f 59/59/59 58/58/58 61/61/61
f 59/59/59 61/61/61 62/62/62
f 30/30/30 63/63/63 60/60/60
f 28/28/28 63/63/63 30/30/30
f 62/62/62 61/61/61 64/64/64
f 62/62/62 64/64/64 65/65/65
f 28/28/28 66/66/66 63/63/63
f 26/26/26 66/66/66 28/28/28
f 65/65/65 64/64/64 67/67/67
f 65/65/65 67/67/67 68/68/68
f 26/26/26 69/69/69 66/66/66
f 24/24/24 69/69/69 26/26/26
f 68/68/68 67/67/67 70/70/70
f 68/68/68 70/70/70 71/71/71
f 24/24/24 72/72/72 69/69/69
f 22/22/22 72/72/72 24/24/24
f 71/71/71 70/70/70 73/73/73
f 71/71/71 73/73/73 74/74/74
f 22/22/22 75/75/75 72/72/72
f 20/20/20 75/75/75 22/22/22
f 74/74/74 73/73/73 76/76/76
f 74/74/74 76/76/76 77/77/77
f 20/20/20 78/78/78 75/75/75
f 18/18/18 78/78/78 20/20/20
f 77/77/77 76/76/76 79/79/79
f 77/77/77 79/79/79 80/80/80
f 18/18/18 81/81/81 78/78/78
f 16/16/16 81/81/81 18/18/18
f 80/80/80 79/79/79 82/82/82
f 80/80/80 82/82/82 83/83/83
f 83/83/83 82/82/82 84/84/84
f 83/83/83 84/84/84 85/85/85
f 82/82/82 86/86/86 84/84/84
f 79/79/79 87/87/87 82/82/82
f 82/82/82 87/87/87 86/86/86
f 76/76/76 88/88/88 79/79/79
f 79/79/79 88/88/88 87/87/87
f 86/86/86 87/87/87 89/89/89
f 86/86/86 89/89/89 90/90/90
f 89/89/89 91/91/91 90/90/90
f 76/76/76 92/92/92 88/88/88
f 73/73/73 92/92/92 76/76/76
f 93/93/93 87/87/87 88/88/88
f 93/93/93 89/89/89 87/87/87
f 92/92/92 93/93/93 88/88/88
f 73/73/73 94/94/94 92/92/92
f 70/70/70 94/94/94 73/73/73
f 92/92/92 95/95/95 93/93/93
f 94/94/94 95/95/95 92/92/92
f 96/96/96 89/89/89 93/93/93
f 95/95/95 96/96/96 93/93/93
f 89/89/89 97/97/97 91/91/91
f 96/96/96 97/97/97 89/89/89
f 91/91/91 97/97/97 83/98/83
f 91/91/91 83/98/83 85/99/85
f 80/100/80 83/98/83 97/97/97
f 80/100/80 97/97/97 96/96/96
f 98/101/98 80/100/80 96/96/96
f 95/95/95 98/101/98 96/96/96
f 98/101/98 77/102/77 80/100/80
f 70/70/70 99/103/99 94/94/94
f 67/67/67 99/103/99 70/70/70
f 94/94/94 100/104/100 95/95/95
f 100/104/100 98/101/98 95/95/95
f 99/103/99 100/104/100 94/94/94
f 101/105/101 77/102/77 98/101/98
f 100/104/100 101/105/101 98/101/98
f 101/105/101 74/106/74 77/102/77
f 67/67/67 102/107/102 99/103/99
f 64/64/64 102/107/102 67/67/67
f 99/103/99 103/108/103 100/104/100
f 103/108/103 101/105/101 100/104/100
f 102/107/102 103/108/103 99/103/99
f 104/109/104 74/106/74 101/105/101
f 103/108/103 104/109/104 101/105/101
f 104/109/104 71/110/71 74/106/74
f 64/64/64 105/111/105 102/107/102
f 61/61/61 105/111/105 64/64/64
f 102/107/102 106/112/106 103/108/103
f 106/112/106 104/109/104 103/108/103
f 105/111/105 106/112/106 102/107/102
f 107/113/107 71/110/71 104/109/104
f 106/112/106 107/113/107 104/109/104
f 107/113/107 68/114/68 71/110/71
f 61/61/61 108/115/108 105/111/105
f 58/58/58 108/115/108 61/61/61
f 105/111/105 109/116/109 106/112/106
f 109/116/109 107/113/107 106/112/106
f 108/115/108 109/116/109 105/111/105
f 110/117/110 68/114/68 107/113/107
f 109/116/109 110/117/110 107/113/107
f 110/117/110 65/118/65 68/114/68
f 58/58/58 111/119/111 108/115/108
f 56/56/56 111/119/111 58/58/58
f 108/115/108 112/120/112 109/116/109
f 112/120/112 110/117/110 109/116/109
f 111/119/111 112/120/112 108/115/108
f 113/121/113 65/118/65 110/117/110
f 112/120/112 113/121/113 110/117/110
f 113/121/113 62/122/62 65/118/65
f 56/56/56 114/123/114 111/119/111
f 55/55/55 114/123/114 56/56/56
f 111/119/111 115/124/115 112/120/112
f 115/124/115 113/121/113 112/120/112
f 114/123/114 115/124/115 111/119/111
f 116/125/116 62/122/62 113/121/113
f 115/124/115 116/125/116 113/121/113
f 116/125/116 59/126/59 62/122/62
f 55/55/55 117/127/117 114/123/114
f 54/54/54 117/127/117 55/55/55
f 114/123/114 118/128/118 115/124/115
f 118/128/118 116/125/116 115/124/115
f 117/127/117 118/128/118 114/123/114
f 49/129/49 59/126/59 116/125/116
f 118/128/118 49/129/49 116/125/116
f 49/129/49 48/130/48 59/126/59
f 119/131/119 49/129/49 118/128/118
f 117/127/117 119/131/119 118/128/118
f 119/131/119 47/132/47 49/129/49
f 54/54/54 120/133/120 117/127/117
f 120/133/120 119/131/119 117/127/117
f 53/53/53 120/133/120 54/54/54
f 121/134/121 47/132/47 119/131/119
f 120/133/120 121/134/121 119/131/119
f 121/134/121 45/135/45 47/132/47
f 53/53/53 122/136/122 120/133/120
f 122/136/122 121/134/121 120/133/120
f 52/52/52 122/136/122 53/53/53
f 123/137/123 45/135/45 121/134/121
f 122/136/122 123/137/123 121/134/121
f 123/137/123 43/138/43 45/135/45
f 52/52/52 124/139/124 122/136/122
f 124/139/124 123/137/123 122/136/122
f 51/51/51 124/139/124 52/52/52
f 125/140/125 43/138/43 123/137/123
f 124/139/124 125/140/125 123/137/123
f 125/140/125 41/141/41 43/138/43
f 51/51/51 126/142/126 124/139/124
f 126/142/126 125/140/125 124/139/124
f 50/50/50 126/142/126 51/51/51
f 127/143/127 41/141/41 125/140/125
f 126/142/126 127/143/127 125/140/125
f 127/143/127 39/144/39 41/141/41
f 50/50/50 128/145/128 126/142/126
f 128/145/128 127/143/127 126/142/126
f 57/57/57 128/145/128 50/50/50
f 129/146/129 39/144/39 127/143/127
f 128/145/128 129/146/129 127/143/127
f 129/146/129 37/147/37 39/144/39
f 57/57/57 130/148/130 128/145/128
f 130/148/130 129/146/129 128/145/128
f 60/60/60 130/148/130 57/57/57
f 131/149/131 37/147/37 129/146/129
f 130/148/130 131/149/131 129/146/129
f 131/149/131 35/150/35 37/147/37
f 60/60/60 132/151/132 130/148/130
f 132/151/132 131/149/131 130/148/130
f 63/63/63 132/151/132 60/60/60
f 133/152/133 35/150/35 131/149/131
f 132/151/132 133/152/133 131/149/131
f 133/152/133 33/153/33 35/150/35
f 63/63/63 134/154/134 132/151/132
f 134/154/134 133/152/133 132/151/132
f 66/66/66 134/154/134 63/63/63
f 135/155/135 33/153/33 133/152/133
f 134/154/134 135/155/135 133/152/133
f 135/155/135 31/156/31 33/153/33
f 66/66/66 136/157/136 134/154/134
f 136/157/136 135/155/135 134/154/134
f 69/69/69 136/157/136 66/66/66
f 137/158/137 31/156/31 135/155/135
f 136/157/136 137/158/137 135/155/135
f 137/158/137 29/159/29 31/156/31
f 69/69/69 138/160/138 136/157/136
f 138/160/138 137/158/137 136/157/136
f 72/72/72 138/160/138 69/69/69
f 139/161/139 29/159/29 137/158/137
f 138/160/138 139/161/139 137/158/137
f 139/161/139 27/162/27 29/159/29
f 72/72/72 140/163/140 138/160/138
f 140/163/140 139/161/139 138/160/138
f 75/75/75 140/163/140 72/72/72
f 141/164/141 27/162/27 139/161/139
f 140/163/140 141/164/141 139/161/139
f 141/164/141 25/165/25 27/162/27
f 75/75/75 142/166/142 140/163/140
f 142/166/142 141/164/141 140/163/140
f 78/78/78 142/166/142 75/75/75
f 143/167/143 25/165/25 141/164/141
f 142/166/142 143/167/143 141/164/141
f 143/167/143 23/168/23 25/165/25
f 78/78/78 144/169/144 142/166/142
f 144/169/144 143/167/143 142/166/142
f 81/81/81 144/169/144 78/78/78
f 145/170/145 23/168/23 143/167/143
f 144/169/144 145/170/145 143/167/143
f 145/170/145 21/171/21 23/168/23
f 81/81/81 146/172/146 144/169/144
f 146/172/146 145/170/145 144/169/144
f 147/173/147 21/171/21 145/170/145
f 146/172/146 147/173/147 145/170/145
f 147/173/147 19/174/19 21/171/21
f 148/175/148 146/172/146 81/81/81
f 16/16/16 148/175/148 81/81/81
f 14/14/14 148/175/148 16/16/16
f 149/176/149 19/174/19 147/173/147
f 149/176/149 17/177/17 19/174/19
f 150/178/150 147/173/147 146/172/146
f 148/175/148 150/178/150 146/172/146
f 150/178/150 149/176/149 147/173/147
f 14/14/14 151/179/151 148/175/148
f 151/179/151 150/178/150 148/175/148
f 12/12/12 151/179/151 14/14/14
f 152/180/152 17/177/17 149/176/149
f 152/180/152 15/181/15 17/177/17
f 153/182/153 149/176/149 150/178/150
f 151/179/151 153/182/153 150/178/150
f 153/182/153 152/180/152 149/176/149
f 12/12/12 154/183/154 151/179/151
f 154/183/154 153/182/153 151/179/151
f 11/11/11 154/183/154 12/12/12
f 155/184/155 15/181/15 152/180/152
f 155/184/155 13/185/13 15/181/15
f 156/186/156 152/180/152 153/182/153
f 154/183/154 156/186/156 153/182/153
f 156/186/156 155/184/155 152/180/152
f 11/11/11 157/187/157 154/183/154
f 157/187/157 156/186/156 154/183/154
f 10/10/10 157/187/157 11/11/11
f 9/188/9 13/185/13 155/184/155
f 9/188/9 8/189/8 13/185/13
f 158/190/158 155/184/155 156/186/156
f 157/187/157 158/190/158 156/186/156
f 158/190/158 9/188/9 155/184/155
f 10/10/10 159/191/159 157/187/157
f 159/191/159 158/190/158 157/187/157
f 3/2/2 159/191/159 10/10/10
f 3/2/2 160/192/160 159/191/159
f 161/193/161 9/188/9 158/190/158
f 159/191/159 161/193/161 158/190/158
f 161/193/161 7/194/7 9/188/9
f 160/192/160 161/193/161 159/191/159
f 162/195/162 7/194/7 161/193/161
f 160/192/160 162/195/162 161/193/161
f 162/195/162 5/196/5 7/194/7
f 160/192/160 163/197/163 162/195/162
f 163/197/163 5/196/5 162/195/162
f 163/197/163 1/198/1 5/196/5
f 3/2/2 163/199/163 160/192/160
f 163/199/163 3/2/2 1/1/1
f 164/200/164 166/201/165 165/202/166
f 164/200/164 165/202/166 167/203/167
f 168/204/168 164/200/164 167/203/167
f 167/203/167 165/202/166 169/205/169
f 168/204/168 167/203/167 170/206/170
f 171/207/171 168/204/168 170/206/170
f 167/203/167 169/205/169 172/208/172
f 170/206/170 167/203/167 172/208/172
f 172/208/172 169/205/169 173/209/173
f 171/207/171 170/206/170 174/210/174
f 175/211/175 171/207/171 174/210/174
f 170/206/170 172/208/172 176/212/176
f 174/210/174 170/206/170 176/212/176
f 172/208/172 173/209/173 177/213/177
f 176/212/176 172/208/172 177/213/177
f 177/213/177 173/209/173 178/214/178
f 175/211/175 174/210/174 179/215/179
f 166/216/165 175/211/175 179/215/179
f 166/216/165 179/215/179 165/217/166
f 174/210/174 176/212/176 180/218/180
f 179/215/179 174/210/174 180/218/180
f 165/217/166 179/215/179 181/219/181
f 179/215/179 180/218/180 181/219/181
f 165/217/166 181/219/181 169/220/169
f 176/212/176 177/213/177 182/221/182
f 180/218/180 176/212/176 182/221/182
f 177/213/177 178/214/178 183/222/183
f 182/221/182 177/213/177 183/222/183
f 183/222/183 178/214/178 184/223/184
f 169/220/169 181/219/181 185/224/185
f 169/220/169 185/224/185 173/225/173
f 181/219/181 180/218/180 186/226/186
f 180/218/180 182/221/182 186/226/186
f 181/219/181 186/226/186 185/224/185
f 182/221/182 183/222/183 187/227/187
f 186/226/186 182/221/182 187/227/187
f 183/222/183 184/223/184 188/228/188
f 187/227/187 183/222/183 188/228/188
f 188/228/188 184/223/184 189/229/189
f 173/225/173 185/224/185 190/230/190
f 173/225/173 190/230/190 178/231/178
f 185/224/185 186/226/186 191/232/191
f 186/226/186 187/227/187 191/232/191
f 185/224/185 191/232/191 190/230/190
f 187/227/187 188/228/188 192/233/192
f 191/232/191 187/227/187 192/233/192
f 188/228/188 189/229/189 193/234/193
f 192/233/192 188/228/188 193/234/193
f 193/234/193 189/229/189 194/235/194
f 178/231/178 190/230/190 195/236/195
f 178/231/178 195/236/195 184/237/184
f 190/230/190 191/232/191 196/238/196
f 191/232/191 192/233/192 196/238/196
f 190/230/190 196/238/196 195/236/195
f 192/233/192 193/234/193 197/239/197
f 196/238/196 192/233/192 197/239/197
f 193/234/193 194/235/194 198/240/198
f 197/239/197 193/234/193 198/240/198
f 198/240/198 194/235/194 199/241/199
f 184/237/184 195/236/195 200/242/200
f 184/237/184 200/242/200 189/243/189
f 195/236/195 196/238/196 201/244/201
f 196/238/196 197/239/197 201/244/201
f 195/236/195 201/244/201 200/242/200
f 197/239/197 198/240/198 202/245/202
f 201/244/201 197/239/197 202/245/202
f 198/240/198 199/241/199 203/246/203
f 202/245/202 198/240/198 203/246/203
f 203/246/203 199/241/199 204/247/204
f 189/243/189 200/242/200 205/248/205
f 189/243/189 205/248/205 194/249/194
f 200/242/200 201/244/201 206/250/206
f 201/244/201 202/245/202 206/250/206
f 200/242/200 206/250/206 205/248/205
f 202/245/202 203/246/203 207/251/207
f 206/250/206 202/245/202 207/251/207
f 203/246/203 204/247/204 208/252/208
f 207/251/207 203/246/203 208/252/208
f 208/252/208 204/247/204 209/253/209
f 194/249/194 205/248/205 210/254/210
f 194/249/194 210/254/210 199/255/199
f 205/248/205 206/250/206 211/256/211
f 206/250/206 207/251/207 211/256/211
f 205/248/205 211/256/211 210/254/210
f 207/251/207 208/252/208 212/257/212
f 211/256/211 207/251/207 212/257/212
f 208/252/208 209/253/209 213/258/213
f 212/257/212 208/252/208 213/258/213
f 213/258/213 209/253/209 214/259/214
f 199/255/199 210/254/210 215/260/215
f 199/255/199 215/260/215 204/261/204
f 210/254/210 211/256/211 216/262/216
f 211/256/211 212/257/212 216/262/216
f 210/254/210 216/262/216 215/260/215
f 212/257/212 213/258/213 217/263/217
f 216/262/216 212/257/212 217/263/217
f 213/258/213 214/259/214 218/264/218
f 217/263/217 213/258/213 218/264/218
f 218/264/218 214/259/214 219/265/219
f 204/261/204 215/260/215 220/266/220
f 204/261/204 220/266/220 209/267/209
f 215/260/215 216/262/216 221/268/221
f 216/262/216 217/263/217 221/268/221
f 215/260/215 221/268/221 220/266/220
f 217/263/217 218/264/218 222/269/222
f 221/268/221 217/263/217 222/269/222
f 218/264/218 219/265/219 223/270/223
f 222/269/222 218/264/218 223/270/223
f 223/270/223 219/265/219 224/271/224
f 209/267/209 220/266/220 225/272/225
f 209/267/209 225/272/225 214/273/214
f 220/266/220 221/268/221 226/274/226
f 221/268/221 222/269/222 226/274/226
f 220/266/220 226/274/226 225/272/225
f 222/269/222 223/270/223 227/275/227
f 226/274/226 222/269/222 227/275/227
f 223/270/223 224/271/224 228/276/228
f 227/275/227 223/270/223 228/276/228
f 228/276/228 224/271/224 229/277/229
f 214/273/214 225/272/225 230/278/230
f 214/273/214 230/278/230 219/279/219
f 225/272/225 226/274/226 231/280/231
f 226/274/226 227/275/227 231/280/231
f 225/272/225 231/280/231 230/278/230
f 227/275/227 228/276/228 232/281/232
f 231/280/231 227/275/227 232/281/232
f 228/276/228 229/277/229 233/282/233
f 232/281/232 228/276/228 233/282/233
f 233/282/233 229/277/229 234/283/234
f 219/279/219 230/278/230 235/284/235
f 219/279/219 235/284/235 224/285/224
f 230/278/230 231/280/231 236/286/236
f 231/280/231 232/281/232 236/286/236
f 230/278/230 236/286/236 235/284/235
f 232/281/232 233/282/233 237/287/237
f 236/286/236 232/281/232 237/287/237
f 233/282/233 234/283/234 238/288/238
f 237/287/237 233/282/233 238/288/238
f 238/288/238 234/283/234 239/289/239
f 224/285/224 235/284/235 240/290/240
f 224/285/224 240/290/240 229/291/229
f 235/284/235 236/286/236 241/292/241
f 236/286/236 237/287/237 241/292/241
f 235/284/235 241/292/241 240/290/240
f 237/287/237 238/288/238 242/293/242
f 241/292/241 237/287/237 242/293/242
f 238/288/238 239/289/239 243/294/243
f 242/293/242 238/288/238 243/294/243
f 243/294/243 239/289/239 244/295/244
f 229/291/229 240/290/240 245/296/245
f 229/291/229 245/296/245 234/297/234
f 240/290/240 241/292/241 246/298/246
f 241/292/241 242/293/242 246/298/246
f 240/290/240 246/298/246 245/296/245
f 242/293/242 243/294/243 247/299/247
f 246/298/246 242/293/242 247/299/247
f 243/294/243 244/295/244 248/300/248
f 247/299/247 243/294/243 248/300/248
f 248/300/248 244/295/244 249/301/249
f 234/297/234 245/296/245 250/302/250
f 234/297/234 250/302/250 239/303/239
f 245/296/245 246/298/246 251/304/251
f 246/298/246 247/299/247 251/304/251
f 245/296/245 251/304/251 250/302/250
f 247/299/247 248/300/248 252/305/252
f 251/304/251 247/299/247 252/305/252
f 248/300/248 249/301/249 253/306/253
f 252/305/252 248/300/248 253/306/253
f 253/306/253 249/301/249 254/307/254
f 239/303/239 250/302/250 255/308/255
f 239/303/239 255/308/255 244/309/244
f 250/302/250 251/304/251 256/310/256
f 251/304/251 252/305/252 256/310/256
f 250/302/250 256/310/256 255/308/255
f 252/305/252 253/306/253 257/311/257
f 256/310/256 252/305/252 257/311/257
f 253/306/253 254/307/254 258/312/258
f 257/311/257 253/306/253 258/312/258
f 258/312/258 254/307/254 259/313/259
f 244/309/244 255/308/255 260/314/260
f 244/309/244 260/314/260 249/315/249
f 255/308/255 256/310/256 261/316/261
f 256/310/256 257/311/257 261/316/261
f 255/308/255 261/316/261 260/314/260
f 257/311/257 258/312/258 262/317/262
f 261/316/261 257/311/257 262/317/262
f 258/312/258 259/313/259 263/318/263
f 262/317/262 258/312/258 263/318/263
f 263/318/263 259/313/259 264/319/264
f 249/315/249 260/314/260 265/320/265
f 249/315/249 265/320/265 254/321/254
f 260/314/260 261/316/261 266/322/266
f 261/316/261 262/317/262 266/322/266
f 260/314/260 266/322/266 265/320/265
f 262/317/262 263/318/263 267/323/267
f 266/322/266 262/317/262 267/323/267
f 263/318/263 264/319/264 268/324/268
f 267/323/267 263/318/263 268/324/268
f 268/324/268 264/319/264 269/325/269
f 254/321/254 265/320/265 270/326/270
f 254/321/254 270/326/270 259/327/259
f 265/320/265 266/322/266 271/328/271
f 266/322/266 267/323/267 271/328/271
f 265/320/265 271/328/271 270/326/270
f 267/323/267 268/324/268 272/329/272
f 271/328/271 267/323/267 272/329/272
f 268/324/268 269/325/269 273/330/273
f 272/329/272 268/324/268 273/330/273
f 273/330/273 269/325/269 274/331/274
f 259/327/259 270/326/270 275/332/275
f 259/327/259 275/332/275 264/333/264
f 270/326/270 271/328/271 276/334/276
f 271/328/271 272/329/272 276/334/276
f 270/326/270 276/334/276 275/332/275
f 272/329/272 273/330/273 277/335/277
f 276/334/276 272/329/272 277/335/277
f 273/330/273 274/331/274 278/336/278
f 277/335/277 273/330/273 278/336/278
f 278/336/278 274/331/274 279/337/279
f 264/333/264 275/332/275 280/338/280
f 264/333/264 280/338/280 269/339/269
f 275/332/275 276/334/276 281/340/281
f 276/334/276 277/335/277 281/340/281
f 275/332/275 281/340/281 280/338/280
f 277/335/277 278/336/278 282/341/282
f 281/340/281 277/335/277 282/341/282
f 278/336/278 279/337/279 283/342/283
f 282/341/282 278/336/278 283/342/283
f 283/342/283 279/337/279 284/343/284
f 269/339/269 280/338/280 285/344/285
f 269/339/269 285/344/285 274/345/274
f 280/338/280 281/340/281 286/346/286
f 281/340/281 282/341/282 286/346/286
f 280/338/280 286/346/286 285/344/285
f 282/341/282 283/342/283 287/347/287
f 286/346/286 282/341/282 287/347/287
f 283/342/283 284/343/284 288/348/288
f 287/347/287 283/342/283 288/348/288
f 288/348/288 284/343/284 289/349/289
f 288/348/288 289/349/289 290/350/290
f 290/350/290 291/351/291 288/348/288
f 287/347/287 288/348/288 291/351/291
f 290/350/290 292/352/292 291/351/291
f 286/346/286 287/347/287 293/353/293
f 285/344/285 286/346/286 293/353/293
f 293/353/293 287/347/287 291/351/291
f 274/345/274 285/344/285 294/354/294
f 285/344/285 293/353/293 294/354/294
f 274/345/274 294/354/294 279/355/279
f 295/356/295 291/351/291 292/352/292
f 293/353/293 291/351/291 295/356/295
f 294/354/294 293/353/293 295/356/295
f 295/356/295 292/352/292 296/357/296
f 279/355/279 294/354/294 297/358/297
f 294/354/294 295/356/295 297/358/297
f 297/358/297 295/356/295 296/357/296
f 279/355/279 297/358/297 284/359/284
f 297/358/297 296/357/296 298/360/298
f 284/359/284 297/358/297 298/360/298
f 284/359/284 298/360/298 289/361/289
f 299/362/299 301/363/300 300/364/301
f 299/362/299 302/365/302 301/363/300
f 303/366/303 305/367/304 304/368/305
f 306/369/306 303/366/303 304/368/305
f 306/369/306 304/368/305 307/370/307
f 308/371/308 307/370/307 304/368/305
f 308/371/308 310/372/309 309/373/310
f 308/371/308 309/373/310 311/374/311
f 308/371/308 312/375/312 310/372/309
f 311/374/311 307/370/307 308/371/308
f 311/374/311 313/376/313 307/370/307
f 308/371/308 314/377/314 312/375/312
f 315/378/315 312/375/312 314/377/314
f 308/371/308 316/379/316 314/377/314
f 308/371/308 317/380/317 316/379/316
f 315/378/315 314/377/314 318/381/318
f 318/381/318 319/382/319 315/378/315
f 314/377/314 320/383/320 318/381/318
f 314/377/314 316/379/316 320/383/320
f 318/381/318 321/384/321 319/382/319
f 320/383/320 321/384/321 318/381/318
f 321/384/321 322/385/322 319/382/319
f 321/384/321 323/386/323 322/385/322
f 324/387/324 323/386/323 321/384/321
f 320/383/320 324/387/324 321/384/321
f 317/380/317 325/388/325 316/379/316
f 317/380/317 326/389/326 325/388/325
f 316/379/316 327/390/327 320/383/320
f 327/390/327 324/387/324 320/383/320
f 316/379/316 325/388/325 327/390/327
f 327/390/327 328/391/328 324/387/324
f 325/388/325 329/392/329 327/390/327
f 329/392/329 328/391/328 327/390/327
f 328/391/328 330/393/330 324/387/324
f 324/387/324 330/393/330 323/386/323
f 328/391/328 331/394/331 330/393/330
f 326/389/326 332/395/332 325/388/325
f 325/388/325 332/395/332 329/392/329
f 329/392/329 333/396/333 328/391/328
f 333/396/333 331/394/331 328/391/328
f 329/392/329 332/395/332 334/397/334
f 335/398/335 333/396/333 329/392/329
f 329/392/329 334/397/334 335/398/335
f 333/396/333 336/399/336 331/394/331
f 337/400/337 336/399/336 333/396/333
f 335/398/335 337/400/337 333/396/333
f 331/394/331 336/399/336 338/401/338
f 337/400/337 338/401/338 336/399/336
f 331/394/331 338/401/338 330/393/330
f 330/393/330 338/401/338 322/402/322
f 330/393/330 322/402/322 323/386/323
f 319/403/319 338/401/338 337/400/337
f 319/403/319 322/404/322 338/401/338
f 315/405/315 319/403/319 337/400/337
f 315/405/315 337/400/337 335/398/335
f 335/398/335 312/406/312 315/405/315
f 335/398/335 334/397/334 312/406/312
f 310/407/309 312/406/312 334/397/334
f 310/407/309 334/397/334 339/408/339
f 309/409/310 310/407/309 339/408/339
f 339/408/339 334/397/334 332/395/332
f 309/409/310 339/408/339 340/410/340
f 339/408/339 332/395/332 341/411/341
f 340/410/340 339/408/339 341/411/341
f 326/389/326 341/411/341 332/395/332
f 340/410/340 341/411/341 342/412/342
f 343/413/343 342/412/342 341/411/341
f 343/413/343 341/411/341 326/389/326
f 344/414/344 340/410/340 342/412/342
f 344/414/344 342/412/342 343/413/343
f 311/415/311 340/410/340 344/414/344
f 311/415/311 309/416/310 340/410/340
f 344/414/344 313/417/313 311/415/311
f 344/414/344 345/418/345 313/417/313
f 343/413/343 345/418/345 344/414/344
f 346/419/346 313/417/313 345/418/345
f 346/419/346 345/418/345 347/420/347
f 347/420/347 345/418/345 348/421/348
f 343/413/343 348/421/348 345/418/345
f 305/367/304 343/413/343 326/389/326
f 305/367/304 348/421/348 343/413/343
f 304/368/305 305/367/304 326/389/326
f 304/368/305 326/389/326 317/380/317
f 308/371/308 304/368/305 317/380/317
f 349/422/349 348/421/348 305/367/304
f 303/366/303 349/422/349 305/367/304
f 349/422/349 350/423/350 348/421/348
f 347/420/347 348/421/348 350/423/350
f 306/369/306 313/376/313 346/424/346
f 306/369/306 307/370/307 313/376/313
f 351/425/351 353/426/352 352/427/353
f 351/425/351 354/428/354 353/426/352
f 352/427/353 353/426/352 355/429/355
f 355/429/355 357/430/356 356/431/357
f 355/429/355 356/431/357 358/432/358
f 359/433/359 352/427/353 358/432/358
f 351/425/351 352/427/353 359/433/359
f 351/425/351 359/433/359 360/434/360
f 360/434/360 359/433/359 361/435/361
f 359/433/359 358/432/358 362/436/362
f 363/437/363 359/433/359 362/436/362
f 358/432/358 356/431/357 364/438/364
f 358/432/358 364/438/364 365/439/365
f 365/439/365 364/438/364 366/440/366
f 358/432/358 367/441/367 362/436/362
f 358/432/358 365/439/365 367/441/367
f 362/436/362 367/441/367 368/442/368
f 362/436/362 368/442/368 363/437/363
f 365/439/365 366/440/366 369/443/369
f 370/444/320 367/441/367 365/439/365
f 370/444/320 365/439/365 369/443/369
f 366/440/366 371/445/370 369/443/369
f 366/440/366 372/446/333 371/445/370
f 372/446/333 373/447/331 371/445/370
f 369/443/369 371/445/370 374/448/371
f 369/443/369 374/448/371 370/444/320
f 375/449/372 367/441/367 370/444/320
f 375/449/372 368/442/368 367/441/367
f 371/445/370 376/450/330 374/448/371
f 371/445/370 373/447/331 376/450/330
f 372/446/333 377/451/336 373/447/331
f 370/444/320 374/448/371 378/452/373
f 370/444/320 378/452/373 375/449/372
f 374/448/371 376/450/330 379/453/323
f 374/448/371 379/453/323 378/452/373
f 376/450/330 380/454/322 379/453/323
f 378/452/373 379/453/323 380/454/322
f 375/449/372 378/452/373 381/455/319
f 378/452/373 380/454/322 381/455/319
f 376/450/330 382/456/338 380/454/322
f 381/455/319 380/454/322 382/456/338
f 383/457/374 368/442/368 375/449/372
f 375/449/372 381/455/319 383/457/374
f 383/457/374 384/458/375 368/442/368
f 363/437/363 368/442/368 384/458/375
f 383/457/374 381/455/319 385/459/337
f 381/455/319 382/460/338 385/459/337
f 385/459/337 382/456/338 377/461/336
f 385/459/337 377/461/336 372/462/333
f 386/463/376 385/459/337 372/462/333
f 383/457/374 385/459/337 386/463/376
f 386/463/376 372/462/333 366/464/366
f 364/465/364 386/463/376 366/464/366
f 387/466/377 383/457/374 386/463/376
f 364/465/364 387/466/377 386/463/376
f 387/466/377 384/458/375 383/457/374
f 356/467/357 387/466/377 364/465/364
f 388/468/339 384/458/375 387/466/377
f 356/467/357 388/468/339 387/466/377
f 363/437/363 384/458/375 389/469/378
f 388/468/339 389/469/378 384/458/375
f 390/470/379 388/468/339 356/467/357
f 390/470/379 356/467/357 357/471/356
f 391/472/380 389/469/378 388/468/339
f 363/437/363 389/469/378 391/472/380
f 391/472/380 388/468/339 390/470/379
f 392/473/381 390/470/379 357/471/356
f 392/473/381 357/471/356 355/474/355
f 353/475/352 392/473/381 355/474/355
f 393/476/382 391/472/380 390/470/379
f 363/437/363 391/472/380 393/476/382
f 393/476/382 390/470/379 392/473/381
f 353/475/352 394/477/383 392/473/381
f 394/477/383 393/476/382 392/473/381
f 354/478/354 394/477/383 353/475/352
f 354/478/354 395/479/384 394/477/383
f 395/479/384 396/480/385 394/477/383
f 394/477/383 396/480/385 393/476/382
f 395/479/384 397/481/386 396/480/385
f 398/482/387 396/480/385 397/481/386
f 393/476/382 361/435/361 363/437/363
f 393/476/382 396/480/385 361/435/361
f 398/482/387 361/435/361 396/480/385
f 363/437/363 361/435/361 359/433/359
f 360/434/360 361/435/361 398/482/387
f 373/447/331 382/456/338 376/450/330
f 373/447/331 377/483/336 382/456/338
f 352/427/353 355/429/355 358/432/358
f 399/484/388 401/485/389 400/486/390
f 401/485/389 403/487/391 402/488/392
f 404/489/393 403/487/391 401/485/389
f 404/489/393 405/490/394 403/487/391
f 406/491/395 403/487/391 405/490/394
f 406/491/395 405/490/394 407/492/394
f 408/493/396 406/491/395 407/492/394
f 408/493/396 407/492/394 409/494/397
f 410/495/398 403/487/391 406/491/395
f 411/496/399 410/495/398 406/491/395
f 410/495/398 402/488/392 403/487/391
f 402/488/392 410/495/398 412/497/400
f 402/488/392 412/497/400 413/498/401
f 414/499/402 412/497/400 410/495/398
f 400/486/390 402/488/392 413/498/401
f 401/485/389 402/488/392 400/486/390
f 414/499/402 410/495/398 411/496/399
f 411/496/399 406/491/395 408/493/396
f 408/493/396 415/500/403 411/496/399
f 416/501/404 417/502/405 414/499/402
f 416/501/404 411/496/399 415/500/403
f 416/501/404 414/499/402 411/496/399
f 408/493/396 418/503/406 415/500/403
f 418/503/406 419/504/407 415/500/403
f 415/500/403 419/504/407 420/505/408
f 415/500/403 420/505/408 421/506/409
f 416/501/404 415/500/403 421/506/409
f 416/501/404 421/506/409 422/507/410
f 423/508/411 422/507/410 421/506/409
f 422/507/410 424/509/412 416/501/404
f 416/501/404 424/509/412 425/510/413
f 424/509/412 426/511/414 425/510/413
f 424/509/412 427/512/415 426/511/414
f 428/513/416 426/511/414 427/512/415
f 429/514/417 427/512/415 424/509/412
f 428/513/416 427/512/415 430/515/418
f 421/506/409 420/505/408 431/516/419
f 423/508/411 421/506/409 432/517/420
f 421/506/409 431/516/419 432/517/420
f 420/505/408 433/518/421 431/516/419
f 420/505/408 434/519/422 433/518/421
f 419/504/407 434/519/422 420/505/408
f 432/517/420 431/516/419 435/520/423
f 431/516/419 433/518/421 436/521/424
f 431/516/419 436/521/424 435/520/423
f 419/504/407 437/522/425 434/519/422
f 438/523/426 437/522/425 419/504/407
f 418/503/406 438/523/426 419/504/407
f 434/519/422 439/524/427 433/518/421
f 433/518/421 440/525/428 436/521/424
f 433/518/421 439/524/427 440/525/428
f 434/519/422 441/526/429 439/524/427
f 437/522/425 441/526/429 434/519/422
f 440/525/428 439/524/427 442/527/430
f 436/521/424 440/525/428 442/527/430
f 443/528/431 439/524/427 441/526/429
f 437/522/425 443/528/431 441/526/429
f 442/527/430 439/524/427 444/529/432
f 436/521/424 442/527/430 445/530/433
f 435/520/423 436/521/424 445/530/433
f 445/530/433 442/527/430 444/529/432
f 446/531/434 443/528/431 437/522/425
f 438/523/426 446/531/434 437/522/425
f 447/532/435 439/524/427 443/528/431
f 446/531/434 447/532/435 443/528/431
f 435/520/423 445/530/433 448/533/436
f 445/530/433 444/529/432 449/534/437
f 448/533/436 445/530/433 449/534/437
f 444/529/432 439/524/427 450/535/438
f 449/534/437 444/529/432 450/535/438
f 451/536/439 435/520/423 448/533/436
f 432/517/420 435/520/423 451/536/439
f 452/537/440 446/531/434 438/523/426
f 453/538/441 447/532/435 446/531/434
f 452/537/440 453/538/441 446/531/434
f 454/539/442 439/524/427 447/532/435
f 453/538/441 454/539/442 447/532/435
f 455/540/443 452/537/440 438/523/426
f 455/540/443 438/523/426 418/503/406
f 448/533/436 449/534/437 456/541/444
f 451/536/439 448/533/436 457/542/445
f 457/542/445 448/533/436 456/541/444
f 458/543/446 451/536/439 457/542/445
f 456/541/444 449/534/437 459/544/447
f 449/534/437 450/535/438 459/544/447
f 450/535/438 439/524/427 460/545/448
f 459/544/447 450/535/438 460/545/448
f 461/546/449 439/524/427 454/539/442
f 460/545/448 439/524/427 462/547/450
f 462/547/450 439/524/427 461/546/449
f 459/544/447 460/545/448 463/548/451
f 463/548/451 460/545/448 462/547/450
f 456/541/444 459/544/447 464/549/452
f 464/549/452 459/544/447 463/548/451
f 465/550/453 461/546/449 454/539/442
f 465/550/453 454/539/442 453/538/441
f 466/551/454 462/547/450 461/546/449
f 463/548/451 462/547/450 466/551/454
f 466/551/454 461/546/449 465/550/453
f 467/552/455 465/550/453 453/538/441
f 467/552/455 453/538/441 452/537/440
f 468/553/456 463/548/451 466/551/454
f 464/549/452 463/548/451 468/553/456
f 469/554/457 466/551/454 465/550/453
f 469/554/457 465/550/453 467/552/455
f 468/553/456 466/551/454 469/554/457
f 470/555/458 456/541/444 464/549/452
f 457/542/445 456/541/444 470/555/458
f 471/556/459 467/552/455 452/537/440
f 471/556/459 452/537/440 455/540/443
f 472/557/460 471/556/459 455/540/443
f 473/558/461 464/549/452 468/553/456
f 470/555/458 464/549/452 473/558/461
f 473/558/461 468/553/456 474/559/462
f 474/559/462 468/553/456 469/554/457
f 475/560/463 470/555/458 473/558/461
f 476/561/464 469/554/457 467/552/455
f 476/561/464 467/552/455 471/556/459
f 474/559/462 469/554/457 476/561/464
f 477/562/465 476/561/464 471/556/459
f 478/563/466 474/559/462 476/561/464
f 472/557/460 479/564/467 471/556/459
f 477/562/465 471/556/459 479/564/467
f 478/563/466 476/561/464 480/565/468
f 477/562/465 480/565/468 476/561/464
f 477/562/465 481/566/469 480/565/468
f 477/562/465 482/567/470 481/566/469
f 477/562/465 483/568/471 482/567/470
f 477/562/465 484/569/472 483/568/471
f 479/564/467 484/569/472 477/562/465
f 484/569/472 485/570/473 483/568/471
f 484/569/472 486/571/474 485/570/473
f 479/564/467 487/572/475 484/569/472
f 487/572/475 486/571/474 484/569/472
f 472/557/460 488/573/476 479/564/467
f 488/573/476 487/572/475 479/564/467
f 472/557/460 489/574/477 488/573/476
f 488/573/476 490/575/478 487/572/475
f 491/576/479 487/572/475 490/575/478
f 487/572/475 491/576/479 486/571/474
f 492/577/480 486/571/474 491/576/479
f 492/577/480 491/576/479 493/578/481
f 493/578/481 491/576/479 494/579/482
f 491/576/479 490/575/478 494/579/482
f 493/578/481 494/579/482 495/580/483
f 496/581/484 492/577/480 493/578/481
f 496/581/484 497/582/485 492/577/480
f 497/582/485 498/583/486 492/577/480
f 497/582/485 499/584/487 498/583/486
f 497/582/485 500/585/488 499/584/487
f 497/582/485 501/586/489 500/585/488
f 501/586/489 502/587/488 500/585/488
f 501/586/489 503/588/490 502/587/488
f 481/566/469 502/587/488 503/588/490
f 481/566/469 503/588/490 480/565/468
f 504/589/491 501/586/489 497/582/485
f 503/588/490 501/586/489 505/590/492
f 504/589/491 505/590/492 501/586/489
f 506/591/493 497/582/485 496/581/484
f 506/591/493 504/589/491 497/582/485
f 507/592/494 505/590/492 504/589/491
f 507/592/494 508/593/495 505/590/492
f 503/588/490 505/590/492 509/594/496
f 509/594/496 505/590/492 508/593/495
f 480/565/468 503/588/490 509/594/496
f 509/594/496 508/593/495 510/595/497
f 480/565/468 509/594/496 478/563/466
f 478/563/466 509/594/496 510/595/497
f 478/563/466 510/595/497 511/596/498
f 506/591/493 512/597/499 504/589/491
f 512/597/499 507/592/494 504/589/491
f 513/598/500 506/591/493 496/581/484
f 514/599/501 512/597/499 506/591/493
f 515/600/502 506/591/493 513/598/500
f 515/600/502 514/599/501 506/591/493
f 513/598/500 496/581/484 516/601/503
f 516/601/503 496/581/484 517/602/504
f 496/581/484 493/578/481 517/602/504
f 518/603/505 515/600/502 513/598/500
f 518/603/505 513/598/500 519/604/506
f 519/604/506 513/598/500 516/601/503
f 520/605/507 515/600/502 518/603/505
f 519/604/506 516/601/503 521/606/508
f 520/605/507 522/607/509 515/600/502
f 522/607/509 514/599/501 515/600/502
f 523/608/510 522/607/509 520/605/507
f 521/606/508 516/601/503 524/609/511
f 516/601/503 517/602/504 524/609/511
f 521/606/508 524/609/511 525/610/512
f 523/608/510 526/611/513 522/607/509
f 527/612/514 526/611/513 523/608/510
f 525/610/512 524/609/511 528/613/515
f 525/610/512 528/613/515 529/614/516
f 522/607/509 530/615/517 514/599/501
f 526/611/513 530/615/517 522/607/509
f 527/612/514 531/616/518 526/611/513
f 532/617/519 531/616/518 527/612/514
f 524/609/511 517/602/504 533/618/520
f 524/609/511 533/618/520 528/613/515
f 529/614/516 528/613/515 534/619/521
f 529/614/516 534/619/521 535/620/522
f 526/611/513 536/621/523 530/615/517
f 531/616/518 536/621/523 526/611/513
f 532/617/519 537/622/524 531/616/518
f 538/623/525 537/622/524 532/617/519
f 528/613/515 533/618/520 399/484/388
f 528/613/515 399/484/388 534/619/521
f 535/620/522 534/619/521 539/624/526
f 535/620/522 539/624/526 540/625/527
f 540/625/527 541/626/528 538/623/525
f 538/623/525 541/626/528 537/622/524
f 540/625/527 539/624/526 541/626/528
f 537/622/524 542/627/529 531/616/518
f 531/616/518 542/627/529 536/621/523
f 534/619/521 543/628/530 539/624/526
f 534/619/521 399/484/388 543/628/530
f 539/624/526 544/629/531 541/626/528
f 539/624/526 543/628/530 544/629/531
f 541/626/528 545/630/532 537/622/524
f 537/622/524 545/630/532 542/627/529
f 541/626/528 544/629/531 545/630/532
f 545/630/532 546/631/533 542/627/529
f 544/629/531 547/632/534 545/630/532
f 399/484/388 400/486/390 543/628/530
f 543/628/530 400/486/390 430/515/418
f 543/628/530 548/633/535 544/629/531
f 545/630/532 549/634/536 546/631/533
f 545/630/532 547/632/534 549/634/536
f 547/632/534 550/635/537 549/634/536
f 547/632/534 551/636/538 550/635/537
f 547/632/534 552/637/539 551/636/538
f 544/629/531 553/638/540 547/632/534
f 544/629/531 548/633/535 553/638/540
f 548/633/535 554/639/541 553/638/540
f 547/632/534 555/640/542 552/637/539
f 553/638/540 555/640/542 547/632/534
f 555/640/542 556/641/539 552/637/539
f 553/638/540 557/642/543 555/640/542
f 554/639/541 557/642/543 553/638/540
f 554/639/541 558/643/544 557/642/543
f 555/640/542 559/644/545 556/641/539
f 559/644/545 555/640/542 557/642/543
f 560/645/546 557/642/543 558/643/544
f 559/644/545 557/642/543 560/645/546
f 560/645/546 558/643/544 561/646/547
f 562/647/548 559/644/545 560/645/546
f 423/508/411 560/645/546 561/646/547
f 562/647/548 560/645/546 423/508/411
f 423/508/411 561/646/547 563/648/549
f 423/508/411 432/517/420 562/647/548
f 564/649/550 562/647/548 432/517/420
f 564/649/550 432/517/420 451/536/439
f 564/649/550 565/650/551 562/647/548
f 565/650/551 556/641/539 559/644/545
f 564/649/550 566/651/552 565/650/551
f 564/649/550 451/536/439 567/652/553
f 458/543/446 567/652/553 451/536/439
f 567/652/553 568/653/554 564/649/550
f 564/649/550 568/653/554 569/654/555
f 568/653/554 570/655/555 569/654/555
f 568/653/554 571/656/556 570/655/555
f 567/652/553 572/657/557 568/653/554
f 572/657/557 571/656/556 568/653/554
f 458/543/446 573/658/558 567/652/553
f 573/658/558 572/657/557 567/652/553
f 458/543/446 574/659/559 573/658/558
f 573/658/558 575/660/560 572/657/557
f 576/661/561 572/657/557 575/660/560
f 572/657/557 576/661/561 571/656/556
f 549/634/536 571/656/556 576/661/561
f 549/634/536 576/661/561 546/631/533
f 546/631/533 576/661/561 577/662/562
f 576/661/561 575/660/560 577/662/562
f 546/631/533 577/662/562 578/663/563
f 550/635/537 571/656/556 549/634/536
f 550/635/537 570/655/555 571/656/556
f 546/631/533 578/663/563 579/664/564
f 546/631/533 579/664/564 580/665/565
f 542/627/529 546/631/533 580/665/565
f 542/627/529 580/665/565 581/666/566
f 542/627/529 581/666/566 536/621/523
f 580/665/565 582/667/567 581/666/566
f 536/621/523 581/666/566 583/668/568
f 581/666/566 584/669/569 583/668/568
f 536/621/523 583/668/568 585/670/570
f 583/668/568 586/671/571 585/670/570
f 584/669/569 587/672/572 583/668/568
f 583/668/568 587/672/572 586/671/571
f 584/669/569 588/673/573 587/672/572
f 589/674/574 587/672/572 588/673/573
f 589/674/574 588/673/573 590/675/575
f 580/665/565 591/676/576 582/667/567
f 579/664/564 591/676/576 580/665/565
f 579/664/564 592/677/577 591/676/576
f 593/678/578 591/676/576 592/677/577
f 593/678/578 592/677/577 594/679/579
f 595/680/580 587/672/572 589/674/574
f 595/680/580 586/671/571 587/672/572
f 586/671/571 595/680/580 596/681/581
f 586/671/571 596/681/581 597/682/581
f 598/683/582 596/681/581 595/680/580
f 598/683/582 595/680/580 599/684/583
f 599/684/583 595/680/580 589/674/574
f 600/685/584 582/667/567 591/676/576
f 600/685/584 591/676/576 593/678/578
f 599/684/583 589/674/574 601/686/585
f 601/686/585 589/674/574 590/675/575
f 601/686/585 590/675/575 602/687/586
f 582/667/567 600/685/584 603/688/587
f 582/667/567 603/688/587 604/689/588
f 605/690/589 603/688/587 600/685/584
f 601/686/585 602/687/586 605/690/589
f 605/690/589 600/685/584 606/691/590
f 606/691/590 600/685/584 593/678/578
f 606/691/590 593/678/578 458/543/446
f 458/543/446 593/678/578 594/679/579
f 458/543/446 457/542/445 606/691/590
f 601/686/585 606/691/590 457/542/445
f 601/686/585 457/542/445 470/555/458
f 601/686/585 470/555/458 599/684/583
f 475/560/463 599/684/583 470/555/458
f 475/560/463 598/683/582 599/684/583
f 458/543/446 594/679/579 574/659/559
f 601/686/585 605/690/589 606/691/590
f 475/560/463 607/692/591 598/683/582
f 475/560/463 473/558/461 608/693/592
f 609/694/593 610/695/594 608/693/592
f 609/694/593 611/696/595 610/695/594
f 612/697/596 610/695/594 611/696/595
f 612/697/596 611/696/595 613/698/597
f 614/699/598 612/697/596 613/698/597
f 614/699/598 613/698/597 615/700/599
f 616/701/600 612/697/596 614/699/598
f 610/695/594 612/697/596 617/702/601
f 610/695/594 617/702/601 618/703/602
f 608/693/592 618/703/602 475/560/463
f 619/704/603 609/694/593 608/693/592
f 475/560/463 618/703/602 620/705/604
f 618/703/602 621/706/604 620/705/604
f 618/703/602 617/702/601 621/706/604
f 622/707/605 621/706/604 617/702/601
f 622/707/605 617/702/601 616/701/600
f 616/701/600 617/702/601 612/697/596
f 608/693/592 610/695/594 618/703/602
f 619/704/603 623/708/606 609/694/593
f 475/560/463 620/705/604 607/692/591
f 585/670/570 624/709/607 622/707/605
f 530/615/517 585/670/570 616/701/600
f 536/621/523 585/670/570 530/615/517
f 530/615/517 616/701/600 614/699/598
f 585/670/570 622/707/605 616/701/600
f 530/615/517 614/699/598 514/599/501
f 514/599/501 614/699/598 625/710/608
f 514/599/501 625/710/608 512/597/499
f 614/699/598 626/711/609 625/710/608
f 626/711/609 627/712/610 625/710/608
f 626/711/609 628/713/611 627/712/610
f 629/714/612 627/712/610 628/713/611
f 629/714/612 628/713/611 630/715/613
f 619/704/603 629/714/612 630/715/613
f 619/704/603 630/715/613 623/708/606
f 631/716/614 629/714/612 619/704/603
f 631/716/614 632/717/615 629/714/612
f 632/717/615 627/712/610 629/714/612
f 632/717/615 633/718/616 627/712/610
f 619/704/603 474/559/462 631/716/614
f 619/704/603 473/558/461 474/559/462
f 619/704/603 608/693/592 473/558/461
f 478/563/466 631/716/614 474/559/462
f 478/563/466 634/719/617 631/716/614
f 633/718/616 632/717/615 635/720/618
f 634/719/617 635/720/618 632/717/615
f 634/719/617 632/717/615 631/716/614
f 633/718/616 635/720/618 636/721/619
f 512/597/499 633/718/616 636/721/619
f 625/710/608 633/718/616 512/597/499
f 512/597/499 636/721/619 637/722/620
f 478/563/466 511/596/498 634/719/617
f 543/628/530 430/515/418 548/633/535
f 430/515/418 427/512/415 638/723/621
f 639/724/622 404/489/393 401/485/389
f 639/724/622 640/725/623 404/489/393
f 400/486/390 428/513/416 430/515/418
f 400/486/390 641/726/624 428/513/416
f 423/508/411 563/648/549 642/727/625
f 423/508/411 642/727/625 422/507/410
f 642/727/625 429/514/417 422/507/410
f 422/507/410 429/514/417 424/509/412
f 642/727/625 643/728/626 429/514/417
f 638/723/621 429/514/417 643/728/626
f 429/514/417 638/723/621 427/512/415
f 638/723/621 643/728/626 644/729/627
f 548/633/535 638/723/621 644/729/627
f 430/515/418 638/723/621 548/633/535
f 548/633/535 644/729/627 645/730/628
f 548/633/535 645/730/628 554/639/541
f 581/666/566 646/731/629 584/669/569
f 614/699/598 615/700/599 626/711/609
f 512/597/499 637/722/620 507/592/494
f 625/710/608 627/712/610 633/718/616
f 645/730/630 558/643/631 554/639/632
f 645/730/630 644/729/631 558/643/631
f 561/646/633 558/643/631 644/729/631
f 561/646/633 644/729/631 643/728/634
f 563/648/635 561/646/633 643/728/634
f 563/648/635 643/728/634 642/727/636
f 566/651/637 556/641/638 565/650/639
f 566/651/637 569/654/638 556/641/638
f 623/708/640 611/696/641 609/694/642
f 623/708/640 630/715/643 611/696/641
f 630/715/643 613/698/644 611/696/641
f 630/715/643 628/713/645 613/698/644
f 615/700/646 613/698/644 628/713/645
f 615/700/646 628/713/645 626/711/647
f 400/486/390 413/498/401 641/726/624
f 416/501/404 425/510/413 417/502/405
f 565/650/551 559/644/545 562/647/548
f 564/649/550 569/654/555 566/651/552
f 585/670/570 597/682/581 624/709/607
f 585/670/570 586/671/571 597/682/581
f 647/732/648 649/733/649 648/734/650
f 649/733/649 647/732/648 650/735/651
f 649/733/649 650/735/651 651/736/652
f 651/736/652 650/735/651 652/737/653
f 650/735/651 647/732/648 653/738/654
f 650/735/651 653/738/654 654/739/655
f 647/732/648 655/740/656 653/738/654
f 647/732/648 648/741/650 655/740/656
f 648/741/650 656/742/657 655/740/656
f 648/741/650 649/743/649 656/742/657
f 649/743/649 657/744/658 656/742/657
f 649/743/649 651/745/652 657/744/658
f 651/745/652 658/746/659 657/744/658
f 651/745/652 652/747/653 658/746/659
f 650/748/651 658/746/659 652/747/653
f 650/748/651 654/749/655 658/746/659
f 659/750/660 661/751/661 660/752/662
f 659/750/660 662/753/663 661/751/661
f 663/754/664 662/753/663 659/750/660
f 664/755/665 661/751/661 662/753/663
f 664/755/665 665/756/666 661/751/661
f 664/755/665 666/757/667 665/756/666
f 663/754/664 667/758/668 662/753/663
f 668/759/669 667/758/668 663/754/664
f 669/760/670 664/755/665 662/753/663
f 669/760/670 662/753/663 667/758/668
f 664/755/665 670/761/671 666/757/667
f 669/760/670 670/761/671 664/755/665
f 668/759/669 671/762/672 667/758/668
f 672/763/673 671/762/672 668/759/669
f 673/764/674 669/760/670 667/758/668
f 673/764/674 667/758/668 671/762/672
f 672/763/673 674/765/675 671/762/672
f 675/766/676 674/765/675 672/763/673
f 676/767/677 666/757/667 670/761/671
f 676/767/677 677/768/678 666/757/667
f 676/767/677 678/769/679 677/768/678
f 669/760/670 679/770/680 670/761/671
f 673/764/674 679/770/680 669/760/670
f 680/771/681 673/764/674 671/762/672
f 680/771/681 671/762/672 674/765/675
f 675/766/676 681/772/682 674/765/675
f 660/773/662 681/772/682 675/766/676
f 660/773/662 661/774/661 681/772/682
f 665/775/666 681/772/682 661/774/661
f 682/776/683 674/765/675 681/772/682
f 665/775/666 682/776/683 681/772/682
f 682/776/683 680/771/681 674/765/675
f 676/767/677 683/777/684 678/769/679
f 683/777/684 684/778/685 678/769/679
f 680/771/681 685/779/686 673/764/674
f 673/764/674 685/779/686 679/770/680
f 665/775/666 686/780/687 682/776/683
f 665/775/666 666/781/667 686/780/687
f 677/782/678 686/780/687 666/781/667
f 682/776/683 687/783/688 680/771/681
f 682/776/683 686/780/687 687/783/688
f 680/771/681 687/783/688 685/779/686
f 677/782/678 688/784/689 686/780/687
f 688/784/689 687/783/688 686/780/687
f 689/785/690 685/779/686 687/783/688
f 688/784/689 689/785/690 687/783/688
f 690/786/691 679/770/680 685/779/686
f 689/785/690 690/786/691 685/779/686
f 677/782/678 691/787/692 688/784/689
f 677/782/678 678/788/679 691/787/692
f 688/784/689 692/789/693 689/785/690
f 688/784/689 691/787/692 692/789/693
f 678/788/679 693/790/694 691/787/692
f 678/788/679 684/791/685 693/790/694
f 694/792/695 693/790/694 684/791/685
f 691/787/692 693/790/694 695/793/696
f 691/787/692 695/793/696 692/789/693
f 689/785/690 692/789/693 696/794/697
f 689/785/690 696/794/697 690/786/691
f 690/786/691 697/795/698 679/770/680
f 697/795/698 670/761/671 679/770/680
f 697/795/698 676/767/677 670/761/671
f 697/795/698 683/777/684 676/767/677
f 690/786/691 698/796/699 697/795/698
f 697/795/698 698/796/699 683/777/684
f 690/786/691 696/794/697 698/796/699
f 694/792/695 699/797/700 693/790/694
f 699/797/700 695/793/696 693/790/694
f 692/789/693 700/798/701 696/794/697
f 692/789/693 695/793/696 700/798/701
f 698/796/699 701/799/702 683/777/684
f 683/777/684 701/799/702 684/778/685
f 696/794/697 702/800/703 698/796/699
f 696/794/697 700/798/701 702/800/703
f 698/796/699 702/800/703 701/799/702
f 694/792/695 703/801/704 699/797/700
f 694/792/695 704/802/705 703/801/704
f 699/797/700 703/801/704 705/803/706
f 699/797/700 706/804/707 695/793/696
f 699/797/700 705/803/706 706/804/707
f 706/804/707 700/798/701 695/793/696
f 706/804/707 705/803/706 707/805/708
f 706/804/707 708/806/709 700/798/701
f 706/804/707 707/805/708 708/806/709
f 708/806/709 702/800/703 700/798/701
f 708/806/709 707/805/708 709/807/710
f 708/806/709 710/808/711 702/800/703
f 708/806/709 709/807/710 710/808/711
f 710/808/711 701/799/702 702/800/703
f 710/808/711 709/807/710 711/809/712
f 710/808/711 712/810/713 701/799/702
f 710/808/711 711/809/712 712/810/713
f 712/810/713 684/778/685 701/799/702
f 712/810/713 711/809/712 704/811/705
f 712/810/713 694/812/695 684/778/685
f 712/810/713 704/811/705 694/812/695
f 713/813/714 715/814/714 714/815/714
f 713/813/714 716/816/714 715/814/714
f 717/817/715 719/818/715 718/819/715
f 719/818/715 720/820/715 718/819/715
f 718/819/715 720/820/715 721/821/716
f 718/819/715 721/821/716 722/822/716
f 717/817/715 718/819/715 722/822/716
f 717/817/715 722/822/716 723/823/716
f 300/364/716 723/823/716 722/822/716
f 299/362/716 722/822/716 721/821/716
f 300/364/716 722/822/716 299/362/716
f 299/362/716 721/821/716 724/824/716
f 720/820/715 725/825/716 721/821/716
f 720/820/715 726/826/715 725/825/716
f 719/818/715 727/827/715 720/820/715
f 727/827/715 726/826/715 720/820/715
f 728/828/715 725/825/716 726/826/715
f 728/828/715 729/829/716 725/825/716
f 730/830/716 729/829/716 728/828/715
f 727/827/715 731/831/715 726/826/715
f 728/828/715 726/826/715 731/831/715
f 732/832/716 727/827/715 719/818/715
f 732/832/716 719/818/715 733/833/715
f 717/817/715 733/833/715 719/818/715
f 732/832/716 733/833/715 734/834/716
f 732/832/716 735/835/716 727/827/715
f 735/835/716 731/831/715 727/827/715
f 735/835/716 736/836/716 731/831/715
f 736/836/716 737/837/715 731/831/715
f 728/828/715 731/831/715 737/837/715
f 736/836/716 738/838/716 737/837/715
f 739/839/715 728/828/715 737/837/715
f 730/830/716 728/828/715 739/839/715
f 740/840/715 737/837/715 738/838/716
f 739/839/715 737/837/715 740/840/715
f 740/840/715 738/838/716 741/841/716
f 742/842/715 740/840/715 741/841/716
f 742/842/715 741/841/716 743/843/716
f 744/844/716 742/842/715 743/843/716
f 744/844/716 745/845/715 742/842/715
f 746/846/715 740/840/715 742/842/715
f 745/845/715 746/846/715 742/842/715
f 746/846/715 739/839/715 740/840/715
f 745/845/715 747/847/715 746/846/715
f 748/848/716 739/839/715 746/846/715
f 747/847/715 748/848/716 746/846/715
f 748/848/716 730/830/716 739/839/715
f 747/847/715 749/849/716 748/848/716
f 750/850/716 748/848/716 749/849/716
f 750/850/716 751/851/716 748/848/716
f 751/851/716 730/830/716 748/848/716
f 751/851/716 752/852/716 730/830/716
f 753/853/717 755/854/718 754/855/719
f 755/854/718 756/856/720 754/855/719
f 754/855/719 756/856/720 757/857/721
f 754/855/719 757/857/721 758/858/721
f 753/853/717 754/855/719 758/858/721
f 759/859/721 758/858/721 757/857/721
f 759/859/721 757/857/721 760/860/721
f 761/861/721 758/858/721 759/859/721
f 761/861/721 762/862/721 758/858/721
f 753/853/717 758/858/721 762/862/721
f 756/856/720 763/863/721 757/857/721
f 756/856/720 764/864/721 763/863/721
f 755/854/718 765/865/722 756/856/720
f 765/865/722 764/864/721 756/856/720
f 766/866/721 763/863/721 764/864/721
f 766/866/721 767/867/721 763/863/721
f 768/868/721 767/867/721 766/866/721
f 765/865/722 769/869/721 764/864/721
f 769/869/721 766/866/721 764/864/721
f 770/870/723 765/865/722 755/854/718
f 770/870/723 755/854/718 771/871/717
f 753/853/717 771/871/717 755/854/718
f 770/870/723 771/871/717 772/872/721
f 770/870/723 773/873/723 765/865/722
f 773/873/723 769/869/721 765/865/722
f 773/873/723 774/874/721 769/869/721
f 774/874/721 775/875/721 769/869/721
f 769/869/721 775/875/721 766/866/721
f 774/874/721 776/876/721 775/875/721
f 777/877/724 766/866/721 775/875/721
f 768/868/721 766/866/721 777/877/724
f 778/878/725 775/875/721 776/876/721
f 777/877/724 775/875/721 778/878/725
f 778/878/725 776/876/721 779/879/726
f 780/880/727 778/878/725 779/879/726
f 780/880/727 779/879/726 781/881/726
f 782/882/721 780/880/727 781/881/726
f 782/882/721 783/883/717 780/880/727
f 784/884/728 778/878/725 780/880/727
f 783/883/717 784/884/728 780/880/727
f 784/884/728 777/877/724 778/878/725
f 783/883/717 785/885/717 784/884/728
f 786/886/721 777/877/724 784/884/728
f 785/885/717 786/886/721 784/884/728
f 786/886/721 768/868/721 777/877/724
f 785/885/717 787/887/721 786/886/721
f 788/888/721 786/886/721 787/887/721
f 788/888/721 789/889/721 786/886/721
f 789/889/721 768/868/721 786/886/721
f 789/889/721 790/890/721 768/868/721
f 301/363/729 792/891/729 791/892/729
f 301/363/729 302/365/729 792/891/729
f 793/893/730 795/894/730 794/895/730
f 793/893/730 796/896/730 795/894/730
f 744/897/731 770/898/731 772/899/731
f 744/897/731 743/900/731 770/898/731
f 743/900/731 773/901/731 770/898/731
f 743/900/731 741/902/731 773/901/731
f 741/902/731 774/903/731 773/901/731
f 741/902/731 738/904/731 774/903/731
f 738/904/731 776/905/731 774/903/731
f 738/904/731 736/906/731 776/905/731
f 779/907/731 776/905/731 736/906/731
f 779/907/731 736/906/731 735/908/731
f 781/909/731 779/907/731 735/908/731
f 781/909/731 735/908/731 732/910/731
f 782/911/731 781/909/731 732/910/731
f 782/911/731 732/910/731 734/912/731
f 734/834/659 783/883/659 782/882/659
f 734/834/659 733/833/659 783/883/659
f 733/833/659 785/885/659 783/883/659
f 733/833/659 717/817/659 785/885/659
f 717/817/659 787/887/659 785/885/659
f 717/817/659 723/823/659 787/887/659
f 788/888/732 787/887/659 723/823/659
f 788/888/732 723/823/659 300/364/733
f 300/364/733 791/892/734 788/888/732
f 300/364/733 301/363/734 791/892/734
f 772/872/656 745/913/656 744/914/656
f 772/872/656 771/871/656 745/913/656
f 747/915/656 745/913/656 771/871/656
f 747/915/656 771/871/656 753/853/656
f 753/853/656 749/916/656 747/915/656
f 753/853/656 762/862/656 749/916/656
f 750/917/735 749/916/656 762/862/656
f 750/917/735 762/862/656 761/861/736
f 761/861/736 794/895/737 750/917/735
f 761/861/736 793/893/737 794/895/737
f 797/918/738 799/919/738 798/920/738
f 797/918/738 800/921/738 799/919/738
f 801/922/739 803/923/739 802/924/739
f 801/922/739 804/925/739 803/923/739
f 752/852/740 729/829/741 730/830/742
f 752/852/740 716/926/743 729/829/741
f 790/890/744 767/867/745 768/868/746
f 790/890/744 714/815/747 767/867/745
f 788/888/748 792/891/749 789/889/750
f 788/888/748 791/892/751 792/891/749
f 790/890/752 792/891/752 798/920/752
f 790/890/752 789/889/752 792/891/752
f 714/815/753 800/921/754 713/813/755
f 714/815/753 799/919/756 800/921/754
f 724/824/757 800/927/758 797/928/759
f 724/824/757 713/929/760 800/927/758
f 750/850/761 795/930/762 751/851/763
f 750/850/761 794/931/764 795/930/762
f 752/852/765 795/930/766 802/932/767
f 752/852/765 751/851/768 795/930/766
f 716/816/769 804/925/770 715/814/771
f 716/816/769 803/923/772 804/925/770
f 760/860/773 804/925/774 801/922/775
f 760/860/773 715/814/776 804/925/774
f 759/859/777 793/893/778 761/861/779
f 759/859/777 796/896/780 793/893/778
f 302/365/781 798/920/781 792/891/781
f 302/365/781 797/918/781 798/920/781
f 796/896/781 802/924/781 795/894/781
f 796/896/781 801/922/781 802/924/781
f 714/815/782 798/920/783 799/919/784
f 714/815/782 790/890/785 798/920/783
f 299/362/786 797/928/787 302/365/788
f 299/362/786 724/824/789 797/928/787
f 716/926/790 802/932/791 803/933/792
f 716/926/790 752/852/793 802/932/791
f 759/859/752 801/922/752 796/896/752
f 759/859/752 760/860/752 801/922/752
f 713/929/794 729/829/794 716/926/795
f 713/929/794 725/825/794 729/829/794
f 715/814/796 767/867/796 714/815/796
f 715/814/796 763/863/796 767/867/796
f 724/824/797 725/825/798 713/929/799
f 724/824/797 721/821/800 725/825/798
f 760/860/801 763/863/802 715/814/803
f 760/860/801 757/857/804 763/863/802
f 805/934/659 807/935/659 806/936/805
f 805/934/659 806/936/805 808/937/805
f 808/937/805 806/936/805 809/938/806
f 808/937/805 809/938/806 810/939/806
f 810/939/806 809/938/806 811/940/716
f 810/939/806 811/940/716 812/941/716
f 812/941/716 811/940/716 813/942/807
f 812/941/716 813/942/807 814/943/807
f 814/943/807 813/942/807 815/944/808
f 814/943/807 815/944/808 816/945/808
f 816/945/808 815/944/808 817/946/656
f 816/945/808 817/946/656 818/947/656
f 818/947/656 817/946/656 819/948/809
f 818/947/656 819/948/809 820/949/809
f 820/949/809 819/948/809 821/950/810
f 820/949/809 821/950/810 822/951/810
f 822/951/810 821/950/810 823/952/721
f 822/951/810 823/952/721 824/953/721
f 824/953/721 823/952/721 825/954/811
f 824/953/721 825/954/811 826/955/811
f 826/955/811 825/954/811 827/956/812
f 826/955/811 827/956/812 828/957/812
f 828/957/812 827/956/812 807/958/659
f 828/957/812 807/958/659 805/959/659
f 829/960/656 831/961/813 830/962/814
f 829/960/656 830/962/814 832/963/808
f 832/963/808 830/962/814 833/964/815
f 832/963/808 834/965/816 829/960/656
f 832/963/808 833/964/815 835/966/807
f 835/966/807 833/964/815 836/967/817
f 832/963/808 837/968/818 834/965/816
f 835/966/807 837/968/818 832/963/808
f 835/966/807 836/967/817 838/969/716
f 838/969/716 836/967/817 839/970/819
f 835/966/807 840/971/820 837/968/818
f 838/969/716 840/971/820 835/966/807
f 838/969/716 839/970/819 841/972/806
f 841/972/806 839/970/819 842/973/821
f 838/969/716 843/974/716 840/971/820
f 841/972/806 843/974/716 838/969/716
f 841/972/806 844/975/822 843/974/716
f 845/976/823 840/971/820 843/974/716
f 841/972/806 842/973/821 846/977/805
f 846/977/805 844/975/822 841/972/806
f 846/977/805 842/973/821 847/978/824
f 846/977/805 847/978/824 848/979/659
f 848/979/659 847/978/824 849/980/825
f 845/976/823 843/974/716 850/981/716
f 850/981/716 843/974/716 844/975/822
f 848/979/659 851/982/826 846/977/805
f 846/977/805 851/982/826 844/975/822
f 848/979/659 849/980/825 852/983/812
f 852/983/812 849/980/825 853/984/827
f 848/979/659 854/985/828 851/982/826
f 852/983/812 854/985/828 848/979/659
f 852/983/812 853/984/827 855/986/829
f 855/986/829 853/984/827 856/987/830
f 852/983/812 857/988/812 854/985/828
f 855/986/829 857/988/812 852/983/812
f 858/989/831 854/985/828 857/988/812
f 855/986/829 856/987/830 859/990/721
f 859/990/721 856/987/830 860/991/832
f 855/986/829 861/992/829 857/988/812
f 859/990/721 861/992/829 855/986/829
f 859/990/721 860/991/832 862/993/833
f 862/993/833 860/991/832 863/994/834
f 858/989/831 857/988/812 864/995/812
f 864/995/812 857/988/812 861/992/829
f 859/990/721 865/996/721 861/992/829
f 862/993/833 865/996/721 859/990/721
f 862/993/833 863/994/834 866/997/809
f 866/997/809 863/994/834 831/998/813
f 866/997/809 831/998/813 829/999/656
f 866/997/809 867/1000/833 862/993/833
f 862/993/833 867/1000/833 865/996/721
f 829/999/656 868/1001/809 866/997/809
f 866/997/809 868/1001/809 867/1000/833
f 829/999/656 834/1002/816 868/1001/809
f 869/1003/829 861/992/829 865/996/721
f 864/995/812 861/992/829 869/1003/829
f 870/1004/721 865/996/721 867/1000/833
f 869/1003/829 865/996/721 870/1004/721
f 871/1005/809 868/1001/809 834/1002/816
f 871/1005/809 834/1002/816 872/1006/835
f 873/1007/833 867/1000/833 868/1001/809
f 870/1004/721 867/1000/833 873/1007/833
f 873/1007/833 868/1001/809 871/1005/809
f 874/1008/809 871/1005/809 872/1006/835
f 874/1008/809 872/1006/835 875/1009/656
f 876/1010/833 873/1007/833 871/1005/809
f 876/1010/833 871/1005/809 874/1008/809
f 877/1011/721 870/1004/721 873/1007/833
f 877/1011/721 873/1007/833 876/1010/833
f 878/1012/829 869/1003/829 870/1004/721
f 878/1012/829 870/1004/721 877/1011/721
f 879/1013/812 864/995/812 869/1003/829
f 879/1013/812 869/1003/829 878/1012/829
f 875/1009/656 880/1014/836 874/1008/809
f 875/1009/656 881/1015/837 880/1014/836
f 874/1008/809 882/1016/838 876/1010/833
f 874/1008/809 880/1014/836 882/1016/838
f 876/1010/833 883/1017/839 877/1011/721
f 876/1010/833 882/1016/838 883/1017/839
f 877/1011/721 884/1018/840 878/1012/829
f 877/1011/721 883/1017/839 884/1018/840
f 881/1015/837 885/1019/841 880/1014/836
f 881/1015/837 886/1020/842 885/1019/841
f 880/1014/836 887/1021/843 882/1016/838
f 880/1014/836 885/1019/841 887/1021/843
f 882/1016/838 888/1022/844 883/1017/839
f 882/1016/838 887/1021/843 888/1022/844
f 886/1020/842 889/1023/845 885/1019/841
f 886/1020/842 890/1024/846 889/1023/845
f 885/1019/841 891/1025/847 887/1021/843
f 885/1019/841 889/1023/845 891/1025/847
f 518/1026/505 889/1023/845 890/1024/846
f 518/1026/505 890/1024/846 520/1027/507
f 519/1028/506 889/1023/845 518/1026/505
f 519/1028/506 891/1025/847 889/1023/845
f 521/1029/508 891/1025/847 519/1028/506
f 887/1021/843 891/1025/847 892/1030/848
f 521/1029/508 892/1030/848 891/1025/847
f 887/1021/843 892/1030/848 888/1022/844
f 525/1031/512 892/1030/848 521/1029/508
f 525/1031/512 893/1032/849 892/1030/848
f 888/1022/844 892/1030/848 893/1032/849
f 529/1033/516 893/1032/849 525/1031/512
f 888/1022/844 893/1032/849 894/1034/850
f 883/1017/839 888/1022/844 894/1034/850
f 883/1017/839 894/1034/850 884/1018/840
f 529/1033/516 895/1035/851 893/1032/849
f 894/1034/850 893/1032/849 895/1035/851
f 535/1036/522 895/1035/851 529/1033/516
f 884/1018/840 894/1034/850 896/1037/852
f 894/1034/850 895/1035/851 896/1037/852
f 535/1036/522 897/1038/853 895/1035/851
f 896/1037/852 895/1035/851 897/1038/853
f 540/1039/527 897/1038/853 535/1036/522
f 884/1018/840 896/1037/852 898/1040/854
f 878/1012/829 884/1018/840 898/1040/854
f 878/1012/829 898/1040/854 879/1013/812
f 540/1039/527 899/1041/855 897/1038/853
f 538/1042/525 899/1041/855 540/1039/527
f 896/1037/852 897/1038/853 900/1043/856
f 898/1040/854 896/1037/852 900/1043/856
f 900/1043/856 897/1038/853 899/1041/855
f 879/1013/812 898/1040/854 901/1044/857
f 898/1040/854 900/1043/856 901/1044/857
f 538/1042/525 902/1045/858 899/1041/855
f 532/1046/519 902/1045/858 538/1042/525
f 900/1043/856 899/1041/855 903/1047/859
f 901/1044/857 900/1043/856 903/1047/859
f 903/1047/859 899/1041/855 902/1045/858
f 879/1013/812 901/1044/857 904/1048/659
f 904/1048/659 864/995/812 879/1013/812
f 904/1048/659 858/989/831 864/995/812
f 532/1046/519 905/1049/860 902/1045/858
f 527/1050/514 905/1049/860 532/1046/519
f 901/1044/857 903/1047/859 906/1051/861
f 904/1048/659 901/1044/857 906/1051/861
f 903/1047/859 902/1045/858 907/1052/862
f 907/1052/862 902/1045/858 905/1049/860
f 906/1051/861 903/1047/859 907/1052/862
f 527/1050/514 908/1053/863 905/1049/860
f 523/1054/510 908/1053/863 527/1050/514
f 904/1048/659 906/1051/861 909/1055/805
f 909/1055/805 858/989/831 904/1048/659
f 906/1051/861 907/1052/862 910/1056/864
f 909/1055/805 906/1051/861 910/1056/864
f 907/1052/862 905/1049/860 911/1057/865
f 911/1057/865 905/1049/860 908/1053/863
f 910/1056/864 907/1052/862 911/1057/865
f 523/1054/510 912/1058/866 908/1053/863
f 520/1059/507 912/1058/866 523/1054/510
f 520/1059/507 890/1060/846 912/1058/866
f 911/1057/865 908/1053/863 913/1061/867
f 913/1061/867 908/1053/863 912/1058/866
f 914/1062/868 912/1058/866 890/1060/846
f 913/1061/867 912/1058/866 914/1062/868
f 914/1062/868 890/1060/846 886/1063/842
f 910/1056/864 911/1057/865 915/1064/869
f 915/1064/869 911/1057/865 913/1061/867
f 909/1055/805 910/1056/864 916/1065/806
f 916/1065/806 910/1056/864 915/1064/869
f 917/1066/870 913/1061/867 914/1062/868
f 915/1064/869 913/1061/867 917/1066/870
f 918/1067/871 914/1062/868 886/1063/842
f 917/1066/870 914/1062/868 918/1067/871
f 918/1067/871 886/1063/842 881/1068/837
f 919/1069/716 915/1064/869 917/1066/870
f 916/1065/806 915/1064/869 919/1069/716
f 916/1065/806 920/1070/872 909/1055/805
f 909/1055/805 920/1070/872 858/989/831
f 921/1071/873 917/1066/870 918/1067/871
f 919/1069/716 917/1066/870 921/1071/873
f 922/1072/808 918/1067/871 881/1068/837
f 921/1071/873 918/1067/871 922/1072/808
f 922/1072/808 881/1068/837 875/1073/656
f 919/1069/716 923/1074/874 916/1065/806
f 916/1065/806 923/1074/874 920/1070/872
f 921/1071/873 850/981/716 919/1069/716
f 919/1069/716 850/981/716 923/1074/874
f 921/1071/873 845/976/823 850/981/716
f 922/1072/808 845/976/823 921/1071/873
f 850/981/716 844/975/822 923/1074/874
f 875/1073/656 924/1075/875 922/1072/808
f 922/1072/808 924/1075/875 845/976/823
f 875/1073/656 872/1076/835 924/1075/875
f 920/1070/872 350/1077/350 858/989/831
f 920/1070/872 347/1078/347 350/1077/350
f 923/1074/874 347/1078/347 920/1070/872
f 858/989/831 350/1077/350 349/1079/349
f 923/1074/874 346/1080/346 347/1078/347
f 844/975/822 346/1080/346 923/1074/874
f 858/989/831 349/1079/349 854/985/828
f 844/975/822 306/1081/306 346/1080/346
f 854/985/828 349/1079/349 303/1082/303
f 851/982/826 306/1081/306 844/975/822
f 854/985/828 303/1082/303 851/982/826
f 851/982/826 303/1082/303 306/1081/306
f 924/1075/875 354/1083/354 845/976/823
f 924/1075/875 395/1084/384 354/1083/354
f 845/976/823 354/1083/354 351/1085/351
f 872/1076/835 395/1084/384 924/1075/875
f 845/976/823 351/1085/351 840/971/820
f 872/1076/835 397/1086/386 395/1084/384
f 840/971/820 351/1085/351 360/1087/360
f 834/965/816 397/1086/386 872/1076/835
f 840/971/820 360/1087/360 837/968/818
f 834/965/816 398/1088/387 397/1086/386
f 837/968/818 398/1088/387 834/965/816
f 837/968/818 360/1087/360 398/1088/387
f 569/654/638 552/637/876 556/641/638
f 569/654/638 570/655/639 552/637/876
f 551/636/877 552/637/876 570/655/639
f 551/636/877 570/655/639 550/635/878
f 925/1089/879 927/1090/880 926/1091/880
f 925/1089/879 928/1092/881 927/1090/880
f 929/1093/882 927/1090/880 928/1092/881
f 929/1093/882 928/1092/881 930/1094/883
f 928/1092/881 925/1089/879 931/1095/884
f 930/1094/883 928/1092/881 932/1096/885
f 928/1092/881 931/1095/884 932/1096/885
f 933/1097/886 931/1095/884 925/1089/879
f 933/1097/886 925/1089/879 639/724/622
f 932/1096/885 931/1095/884 934/1098/887
f 932/1096/885 934/1098/887 935/1099/888
f 936/1100/889 934/1098/887 931/1095/884
f 936/1100/889 931/1095/884 933/1097/886
f 937/1101/890 936/1100/889 933/1097/886
f 533/618/520 933/1097/886 639/724/622
f 533/618/520 937/1101/890 933/1097/886
f 937/1101/890 938/1102/891 936/1100/889
f 533/618/520 639/724/622 399/484/388
f 399/484/388 639/724/622 401/485/389
f 517/602/504 937/1101/890 533/618/520
f 517/602/504 939/1103/892 937/1101/890
f 517/602/504 493/578/481 939/1103/892
f 493/578/481 940/1104/893 939/1103/892
f 493/578/481 495/580/483 940/1104/893
f 940/1104/893 941/1105/894 939/1103/892
f 940/1104/893 942/1106/895 941/1105/894
f 939/1103/892 943/1107/896 937/1101/890
f 939/1103/892 941/1105/894 943/1107/896
f 937/1101/890 943/1107/896 944/1108/897
f 937/1101/890 944/1108/897 938/1102/891
f 945/1109/898 941/1105/894 942/1106/895
f 945/1109/898 942/1106/895 946/1110/899
f 947/1111/900 943/1107/896 941/1105/894
f 947/1111/900 941/1105/894 945/1109/898
f 943/1107/896 947/1111/900 948/1112/901
f 943/1107/896 948/1112/901 944/1108/897
f 949/1113/902 948/1112/901 947/1111/900
f 950/1114/903 947/1111/900 945/1109/898
f 949/1113/902 947/1111/900 950/1114/903
f 951/1115/904 949/1113/902 950/1114/903
f 950/1114/903 945/1109/898 472/557/460
f 472/557/460 946/1110/899 489/574/477
f 472/557/460 945/1109/898 946/1110/899
f 472/557/460 455/540/443 950/1114/903
f 951/1115/904 950/1114/903 455/540/443
f 951/1115/904 952/1116/905 949/1113/902
f 951/1115/904 455/540/443 418/503/406
f 951/1115/904 418/503/406 930/1094/883
f 408/493/396 930/1094/883 418/503/406
f 408/493/396 929/1093/882 930/1094/883
f 930/1094/883 932/1096/885 951/1115/904
f 951/1115/904 932/1096/885 935/1099/888
f 408/493/396 409/494/397 929/1093/882
f 951/1115/904 935/1099/888 952/1116/905
f 409/494/906 927/1090/907 929/1093/908
f 409/494/906 407/492/907 927/1090/907
f 407/492/907 926/1091/909 927/1090/907
f 407/492/907 405/490/910 926/1091/909
f 640/725/911 926/1091/909 405/490/910
f 640/725/911 405/490/910 404/489/911
f 417/502/912 412/497/913 414/499/914
f 417/502/912 425/510/915 412/497/913
f 425/510/915 413/498/916 412/497/913
f 425/510/915 426/511/917 413/498/916
f 641/726/918 413/498/916 426/511/917
f 641/726/918 426/511/917 428/513/919
f 574/659/920 575/660/921 573/658/922
f 574/659/920 594/679/923 575/660/921
f 594/679/923 577/662/924 575/660/921
f 594/679/923 592/677/925 577/662/924
f 578/663/926 592/677/925 579/664/927
f 578/663/926 577/662/924 592/677/925
f 602/687/928 603/688/929 605/690/930
f 602/687/928 590/675/931 603/688/929
f 590/675/931 604/689/932 603/688/929
f 590/675/931 588/673/933 604/689/932
f 646/731/934 604/689/932 588/673/933
f 646/731/934 588/673/933 584/669/935
f 607/692/936 596/681/937 598/683/936
f 607/692/936 620/705/938 596/681/937
f 620/705/938 597/682/939 596/681/937
f 620/705/938 621/706/939 597/682/939
f 624/709/940 597/682/939 621/706/939
f 624/709/940 621/706/939 622/707/940
f 511/596/941 635/720/942 634/719/943
f 511/596/941 510/595/944 635/720/942
f 510/595/944 636/721/945 635/720/942
f 510/595/944 508/593/946 636/721/945
f 637/722/947 636/721/945 508/593/946
f 637/722/947 508/593/946 507/592/948
f 482/567/949 502/587/950 481/566/951
f 482/567/949 483/568/950 502/587/950
f 483/568/950 500/585/952 502/587/950
f 483/568/950 485/570/952 500/585/952
f 499/584/952 500/585/952 485/570/952
f 499/584/952 485/570/952 498/583/953
f 489/574/954 490/575/955 488/573/956
f 489/574/954 946/1110/957 490/575/955
f 946/1110/957 494/579/958 490/575/955
f 946/1110/957 942/1106/959 494/579/958
f 495/580/960 942/1106/959 940/1104/961
f 495/580/960 494/579/958 942/1106/959
f 952/1116/962 948/1112/963 949/1113/964
f 952/1116/962 935/1099/965 948/1112/963
f 935/1099/965 944/1108/966 948/1112/963
f 935/1099/965 934/1098/967 944/1108/966
f 938/1102/968 944/1108/966 934/1098/967
f 938/1102/968 934/1098/967 936/1100/969
f 639/724/622 926/1091/880 640/725/623
f 639/724/622 925/1089/879 926/1091/880
f 581/666/566 604/689/588 646/731/629
f 581/666/566 582/667/567 604/689/588
f 498/583/486 486/571/474 492/577/480
f 498/583/486 485/570/473 486/571/474
f 830/1117/814 836/1118/817 833/1119/815
f 831/1120/813 836/1118/817 830/1117/814
f 863/1121/834 836/1118/817 831/1120/813
f 860/1122/832 836/1118/817 863/1121/834
f 856/1123/830 836/1118/817 860/1122/832
f 853/1124/827 836/1118/817 856/1123/830
f 849/1125/825 836/1118/817 853/1124/827
f 847/1126/824 836/1118/817 849/1125/825
f 842/1127/821 836/1118/817 847/1126/824
f 839/1128/819 836/1118/817 842/1127/821
f 660/752/662 654/739/655 653/738/654
f 660/752/662 653/738/654 659/750/660
f 659/750/660 653/738/654 655/740/656
f 659/750/660 655/740/656 663/754/664
f 663/754/664 655/740/656 656/742/657
f 663/754/664 656/742/657 668/759/669
f 668/759/669 656/742/657 657/744/658
f 668/759/669 657/744/658 672/763/673
f 672/763/673 657/744/658 658/746/659
f 672/763/673 658/746/659 675/766/676
f 675/766/676 658/746/659 654/749/655
f 675/766/676 654/749/655 660/773/662
f 953/1129/970 955/1130/971 954/1131/655
f 953/1129/970 956/1132/972 955/1130/971
f 956/1132/972 953/1129/970 704/811/705
f 956/1132/972 957/1133/656 955/1130/971
f 956/1132/972 704/811/705 711/809/712
f 956/1132/972 958/1134/973 957/1133/656
f 958/1134/973 956/1132/972 711/809/712
f 958/1134/973 959/1135/974 957/1133/656
f 958/1134/973 711/809/712 709/807/710
f 958/1134/973 960/1136/975 959/1135/974
f 960/1136/975 958/1134/973 709/807/710
f 960/1136/975 961/1137/976 959/1135/974
f 960/1136/975 709/807/710 707/805/708
f 960/1136/975 962/1138/977 961/1137/976
f 962/1138/977 960/1136/975 707/805/708
f 962/1138/977 963/1139/659 961/1137/976
f 962/1138/977 707/805/708 705/803/706
f 962/1138/977 964/1140/978 963/1139/659
f 964/1140/978 962/1138/977 705/803/706
f 964/1140/978 954/1141/655 963/1139/659
f 964/1140/978 705/803/706 703/801/704
f 964/1140/978 953/1142/970 954/1141/655
f 953/1142/970 964/1140/978 703/801/704
f 953/1142/970 703/801/704 704/802/705
f 965/1143/979 967/1144/980 966/1145/981
f 968/1146/982 966/1145/981 969/1147/983
f 969/1147/983 966/1145/981 970/1148/984
f 966/1145/981 971/1149/985 970/1148/984
f 966/1145/981 967/1144/980 971/1149/985
f 967/1144/980 972/1150/986 971/1149/985
f 972/1150/986 967/1144/980 973/1151/987
f 965/1143/979 973/1151/987 967/1144/980
f 968/1146/982 965/1143/979 966/1145/981
f 974/1152/988 972/1150/986 973/1151/987
f 974/1152/988 973/1151/987 965/1143/979
f 971/1149/985 972/1150/986 975/1153/989
f 976/1154/990 972/1150/986 974/1152/988
f 977/1155/991 974/1152/988 965/1143/979
f 977/1155/991 965/1143/979 968/1146/982
f 971/1149/985 975/1153/989 978/1156/992
f 970/1148/984 971/1149/985 978/1156/992
f 979/1157/993 978/1156/992 975/1153/989
f 970/1148/984 978/1156/992 979/1157/993
f 979/1157/993 975/1153/989 976/1154/990
f 980/1158/994 970/1148/984 979/1157/993
f 969/1147/983 970/1148/984 980/1158/994
f 981/1159/995 974/1152/988 977/1155/991
f 981/1159/995 976/1154/990 974/1152/988
f 982/1160/996 979/1157/993 976/1154/990
f 980/1158/994 979/1157/993 982/1160/996
f 982/1160/996 976/1154/990 981/1159/995
f 983/1161/997 969/1147/983 980/1158/994
f 984/1162/998 980/1158/994 982/1160/996
f 983/1161/997 980/1158/994 984/1162/998
f 985/1163/999 982/1160/996 981/1159/995
f 984/1162/998 982/1160/996 985/1163/999
f 986/1164/1000 981/1159/995 977/1155/991
f 985/1163/999 981/1159/995 986/1164/1000
f 987/1165/1001 969/1147/983 983/1161/997
f 987/1165/1001 968/1146/982 969/1147/983
f 988/1166/1002 977/1155/991 968/1146/982
f 986/1164/1000 977/1155/991 988/1166/1002
f 988/1166/1002 968/1146/982 987/1165/1001
f 989/1167/1003 983/1161/997 984/1162/998
f 989/1167/1003 987/1165/1001 983/1161/997
f 989/1167/1003 990/1168/1004 987/1165/1001
f 991/1169/1005 987/1165/1001 990/1168/1004
f 991/1169/1005 988/1166/1002 987/1165/1001
f 992/1170/1006 988/1166/1002 991/1169/1005
f 992/1170/1006 986/1164/1000 988/1166/1002
f 989/1167/1003 984/1162/998 993/1171/1007
f 993/1171/1007 984/1162/998 985/1163/999
f 994/1172/1008 986/1164/1000 992/1170/1006
f 994/1172/1008 985/1163/999 986/1164/1000
f 993/1171/1007 985/1163/999 994/1172/1008
f 993/1171/1007 994/1172/1008 995/1173/1009
f 994/1172/1008 996/1174/1010 995/1173/1009
f 994/1172/1008 992/1175/1006 996/1174/1010
f 992/1175/1006 997/1176/1011 996/1174/1010
f 992/1175/1006 991/1177/1005 997/1176/1011
f 991/1177/1005 998/1178/1012 997/1176/1011
f 991/1177/1005 990/1179/1004 998/1178/1012
f 993/1171/1007 995/1173/1009 999/1180/1013
f 989/1181/1003 993/1171/1007 999/1180/1013
f 989/1181/1003 999/1180/1013 1000/1182/1014
f 998/1183/1012 989/1181/1003 1000/1182/1014
f 998/1183/1012 990/1184/1004 989/1181/1003
f 995/1173/1009 1001/1185/1015 999/1180/1013
f 995/1173/1009 1002/1186/1016 1001/1185/1015
f 996/1187/1010 1002/1186/1016 995/1173/1009
f 999/1180/1013 1001/1185/1015 1003/1188/1017
f 999/1180/1013 1003/1188/1017 1000/1189/1014
f 996/1187/1010 1004/1190/1018 1002/1186/1016
f 997/1191/1011 1004/1190/1018 996/1187/1010
f 1000/1189/1014 1003/1188/1017 1005/1192/1019
f 1000/1189/1014 1005/1192/1019 998/1193/1012
f 998/1193/1012 1006/1194/1020 997/1191/1011
f 997/1191/1011 1006/1194/1020 1004/1190/1018
f 998/1193/1012 1005/1192/1019 1006/1194/1020
f 1002/1186/1016 1007/1195/1021 1001/1185/1015
f 1001/1185/1015 1008/1196/1022 1003/1188/1017
f 1001/1185/1015 1007/1195/1021 1008/1196/1022
f 1004/1190/1018 1009/1197/1023 1002/1186/1016
f 1002/1186/1016 1009/1197/1023 1007/1195/1021
f 1006/1194/1020 1010/1198/1024 1004/1190/1018
f 1004/1190/1018 1010/1198/1024 1009/1197/1023
f 1005/1192/1019 1011/1199/1025 1006/1194/1020
f 1006/1194/1020 1011/1199/1025 1010/1198/1024
f 1003/1188/1017 1012/1200/1026 1005/1192/1019
f 1003/1188/1017 1008/1196/1022 1012/1200/1026
f 1005/1192/1019 1012/1200/1026 1011/1199/1025
f 1008/1196/1022 1013/1201/1027 1012/1200/1026
f 1007/1195/1021 1014/1202/1028 1008/1196/1022
f 1008/1196/1022 1014/1202/1028 1013/1201/1027
f 1014/1202/1028 1015/1203/1029 1013/1201/1027
f 1013/1201/1027 1015/1203/1029 1016/1204/1030
f 1009/1197/1023 1017/1205/1031 1007/1195/1021
f 1007/1195/1021 1017/1205/1031 1014/1202/1028
f 1010/1198/1024 1018/1206/1032 1009/1197/1023
f 1009/1197/1023 1018/1206/1032 1017/1205/1031
f 1017/1205/1031 1019/1207/1033 1014/1202/1028
f 1020/1208/1034 1015/1203/1029 1019/1207/1033
f 1017/1205/1031 1020/1208/1034 1019/1207/1033
f 1015/1203/1029 1020/1208/1034 1016/1204/1030
f 1018/1206/1032 1020/1208/1034 1017/1205/1031
f 1012/1200/1026 1021/1209/1035 1011/1199/1025
f 1012/1200/1026 1013/1201/1027 1021/1209/1035
f 1013/1201/1027 1016/1204/1030 1021/1209/1035
f 1011/1199/1025 1022/1210/1036 1010/1198/1024
f 1010/1198/1024 1022/1210/1036 1018/1206/1032
f 1011/1199/1025 1021/1209/1035 1022/1210/1036
f 1021/1209/1035 1023/1211/1037 1022/1210/1036
f 1021/1209/1035 1016/1204/1030 1023/1211/1037
f 1016/1204/1030 1020/1208/1034 1024/1212/1038
f 1018/1206/1032 1024/1212/1038 1020/1208/1034
f 1022/1210/1036 1024/1212/1038 1018/1206/1032
f 1016/1204/1030 1024/1212/1038 1023/1211/1037
f 1022/1210/1036 1023/1211/1037 1024/1212/1038
f 976/1154/990 975/1153/989 972/1150/986
f 1014/1202/1028 1019/1207/1033 1015/1203/1029
f 1025/1213/1039 1027/1214/1040 1026/1215/1041
f 1028/1216/1042 1027/1214/1040 1025/1213/1039
f 1028/1216/1042 1029/1217/1043 1027/1214/1040
f 1030/1218/1044 1032/1219/1045 1031/1220/1046
f 1030/1218/1044 1033/1221/1047 1032/1219/1045
f 1034/1222/1048 1036/1223/1049 1035/1224/1050
f 1034/1222/1048 1037/1225/1051 1036/1223/1049
f 1038/1226/1052 1040/1227/1053 1039/1228/1054
f 1039/1228/1054 1040/1227/1053 1033/1221/1055
f 1039/1228/1054 1033/1221/1055 1030/1218/1056
f 1041/1229/1057 1029/1217/1058 1028/1216/1059
f 1041/1229/1057 1042/1230/1060 1029/1217/1058
f 1042/1230/1061 1036/1223/1062 1037/1225/1063
f 1036/1223/1062 1042/1230/1061 1032/1219/1064
f 1032/1219/1064 1042/1230/1061 1041/1229/1065
f 1032/1219/1064 1041/1229/1065 1031/1220/1066
f 1043/1231/1067 1031/1220/1066 1041/1229/1065
f 1043/1231/1068 1041/1229/1069 1044/1232/1069
f 1034/1222/1070 1042/1230/1071 1037/1225/1072
f 1034/1222/1070 1029/1217/1073 1042/1230/1071
f 1033/1221/1074 1036/1223/1075 1032/1219/1076
f 1033/1221/1074 1035/1224/1077 1036/1223/1075
f 1033/1221/1078 1045/1233/1079 1035/1224/1080
f 1033/1221/1078 1040/1234/1081 1045/1233/1079
f 1035/1224/1082 1046/1235/1082 1034/1222/1082
f 1035/1224/1082 1045/1236/1082 1046/1235/1082
f 1046/1237/1083 1029/1217/1084 1034/1222/1085
f 1046/1237/1083 1027/1238/1086 1029/1217/1084
f 1047/1239/1087 1049/1240/1088 1048/1241/1088
f 1047/1239/1089 1050/1242/1090 1049/1240/1091
f 1047/1239/1089 1051/1243/1092 1050/1242/1090
f 1052/1244/1093 1049/1240/1094 1053/1245/1095
f 1052/1244/1093 1048/1241/1096 1049/1240/1094
f 1054/1246/656 1056/1247/1097 1055/1248/1098
f 1057/1249/1099 1055/1248/1098 1056/1247/1097
f 1057/1249/1099 1058/1250/1100 1055/1248/1098
f 1057/1249/1099 1059/1251/1101 1058/1250/1100
f 1059/1251/1101 1057/1249/1099 1060/1252/1102
f 1054/1246/1103 1061/1253/1104 1056/1247/1105
f 1054/1246/1103 1062/1254/1106 1061/1253/1104
f 1055/1248/1107 1064/1255/1108 1063/1256/1109
f 1055/1248/1110 1058/1250/1111 1064/1255/1112
f 1065/1257/1113 1057/1249/1114 1056/1247/1115
f 1065/1257/1113 1066/1258/1116 1057/1249/1114
f 1067/1259/1117 1060/1252/1118 1068/1260/1119
f 1067/1259/1117 1059/1251/1120 1060/1252/1118
f 1069/1261/1121 1071/1262/1122 1070/1263/1123
f 1069/1261/1121 1072/1264/1124 1071/1262/1122
f 1070/1263/1125 1073/1265/1125 1069/1261/1125
f 1073/1265/1125 1070/1263/1125 1074/1266/1125
f 1074/1266/1125 1070/1263/1125 1075/1267/1125
f 1074/1266/1125 1075/1267/1125 1068/1260/1125
f 1068/1260/1125 1075/1267/1125 1076/1268/1125
f 1068/1260/1125 1076/1268/1125 1067/1259/1125
f 1077/1269/1126 1079/1270/1127 1078/1271/1128
f 1077/1269/1126 1080/1272/1129 1079/1270/1127
f 1081/1273/1130 1026/1274/1041 1027/1275/1040
f 1082/1276/1131 1081/1273/1130 1027/1275/1040
f 1082/1276/1131 1027/1275/1040 1083/1277/1132
f 1084/1278/1133 1086/1279/1134 1085/1280/1135
f 1084/1278/1133 1087/1281/1136 1086/1279/1134
f 1038/1282/1052 1088/1283/1137 1040/1284/1053
f 1088/1283/1137 1078/1271/1138 1040/1284/1053
f 1088/1283/1137 1077/1269/1139 1078/1271/1138
f 1089/1285/1140 1083/1277/1141 1090/1286/1142
f 1089/1285/1140 1082/1276/1143 1083/1277/1141
f 1086/1279/659 1090/1286/1144 1085/1280/659
f 1090/1286/1144 1086/1279/659 1079/1270/1145
f 1090/1286/1144 1079/1270/1145 1089/1285/1146
f 1089/1285/1146 1079/1270/1145 1080/1272/1147
f 1091/1287/1148 1089/1285/1146 1080/1272/1147
f 1091/1287/1148 1092/1288/1149 1089/1285/1146
f 1084/1278/1150 1090/1286/1151 1083/1277/1152
f 1084/1278/1150 1085/1280/1153 1090/1286/1151
f 1078/1271/1154 1086/1279/1155 1087/1281/1156
f 1078/1271/1154 1079/1270/1157 1086/1279/1155
f 1078/1271/1158 1045/1289/1159 1040/1290/1160
f 1078/1271/1158 1087/1281/1161 1045/1289/1159
f 1087/1281/1162 1046/1291/1162 1045/1292/1162
f 1087/1281/1162 1084/1278/1162 1046/1291/1162
f 1046/1293/1163 1083/1277/1164 1027/1294/1165
f 1046/1293/1163 1084/1278/1166 1083/1277/1164
f 1093/1295/1167 1095/1296/1168 1094/1297/1169
f 1093/1295/1167 1094/1297/1169 1096/1298/1170
f 1097/1299/1171 1093/1295/1171 1096/1298/1171
f 1052/1300/1172 1094/1297/1173 1095/1296/1174
f 1052/1300/1175 1053/1301/1176 1094/1297/1177
f 1098/1302/659 1099/1303/659 1100/1304/659
f 1099/1303/1178 1101/1305/1179 1100/1304/1180
f 1102/1306/1181 1101/1305/1179 1099/1303/1178
f 1103/1307/1182 1101/1305/1179 1102/1306/1181
f 1101/1305/1179 1103/1307/1182 1104/1308/1183
f 1098/1302/1184 1106/1309/1185 1105/1310/1186
f 1098/1302/1184 1100/1304/1187 1106/1309/1185
f 1099/1303/1188 1064/1311/1189 1102/1306/1190
f 1099/1303/1188 1063/1312/1191 1064/1311/1189
f 1065/1313/1192 1101/1305/1193 1066/1314/1194
f 1065/1313/1192 1100/1304/1195 1101/1305/1193
f 1107/1315/1196 1104/1308/1197 1103/1307/1198
f 1107/1315/1196 1108/1316/1199 1104/1308/1197
f 1109/1317/1200 1071/1318/1201 1072/1319/1202
f 1109/1317/1200 1110/1320/1203 1071/1318/1201
f 1111/1321/1204 1110/1320/1204 1109/1317/1204
f 1110/1320/1204 1111/1321/1204 1112/1322/1204
f 1110/1320/1204 1112/1322/1204 1113/1323/1204
f 1113/1323/1204 1112/1322/1204 1108/1316/1204
f 1113/1323/1204 1108/1316/1204 1114/1324/1204
f 1114/1324/1204 1108/1316/1204 1107/1315/1204
f 1065/1325/1205 1056/1326/1206 1061/1327/1207
f 1106/1328/1208 1065/1325/1205 1061/1327/1207
f 1100/1329/1209 1065/1325/1205 1106/1328/1208
f 1047/1330/1210 1048/1331/1211 1052/1332/1212
f 1047/1330/1213 1052/1332/1214 1115/1333/1215
f 1115/1333/1215 1052/1332/1214 1095/1334/1216
f 1115/1333/1215 1095/1334/1216 1093/1335/1217
f 1054/1336/1218 1105/1337/1219 1062/1338/1220
f 1054/1336/1218 1098/1339/1221 1105/1337/1219
f 1101/1340/1222 1057/1341/1223 1066/1342/1224
f 1104/1343/1225 1057/1341/1223 1101/1340/1222
f 1104/1343/1225 1060/1344/1225 1057/1341/1223
f 1107/1345/1226 1076/1346/1226 1114/1347/1226
f 1107/1345/1226 1067/1348/1226 1076/1346/1226
f 1113/1349/1227 1075/1350/1227 1070/1351/1228
f 1113/1349/1227 1070/1351/1228 1110/1352/1228
f 1110/1352/1228 1070/1351/1228 1071/1353/1229
f 1069/1354/1230 1109/1355/1231 1072/1356/1232
f 1069/1354/1230 1111/1357/1233 1109/1355/1231
f 1069/1354/1230 1073/1358/1233 1111/1357/1233
f 1074/1359/1234 1111/1357/1235 1073/1358/1234
f 1074/1359/1234 1112/1360/1235 1111/1357/1235
f 1116/1361/1236 1117/1362/1237 1028/1363/1238
f 1116/1361/1236 1028/1363/1238 1025/1364/1239
f 1118/1365/1240 1116/1361/1236 1025/1364/1239
f 1118/1365/1240 1025/1364/1239 1026/1366/1241
f 1119/1367/1242 1118/1365/1240 1026/1366/1241
f 1119/1367/1242 1026/1366/1241 1081/1368/1243
f 1120/1369/1244 1119/1367/1242 1081/1368/1243
f 1120/1369/1244 1081/1368/1243 1082/1370/1245
f 1092/1371/1246 1082/1370/1247 1089/1372/1248
f 1092/1371/1246 1120/1369/1249 1082/1370/1247
f 1121/1373/1250 1039/1374/1251 1030/1375/1252
f 1121/1373/1250 1122/1376/1253 1039/1374/1251
f 1122/1376/1253 1038/1377/1254 1039/1374/1251
f 1122/1376/1253 1123/1378/1255 1038/1377/1254
f 1123/1378/1255 1088/1379/1256 1038/1377/1254
f 1123/1378/1255 1124/1380/1257 1088/1379/1256
f 1124/1380/1257 1077/1381/1258 1088/1379/1256
f 1124/1380/1257 1125/1382/1259 1077/1381/1258
f 1117/1362/1260 1041/1383/1261 1028/1363/1262
f 1117/1362/1260 1044/1384/1263 1041/1383/1261
f 1043/1385/1264 1030/1375/1265 1031/1386/1266
f 1043/1385/1264 1121/1373/1267 1030/1375/1265
f 1125/1382/1268 1080/1387/1269 1077/1381/1270
f 1125/1382/1268 1091/1388/1271 1080/1387/1269
f 1060/1344/1272 1108/1389/1272 1068/1390/1272
f 1060/1344/1272 1104/1343/1272 1108/1389/1272
f 1075/1350/1273 1114/1347/1273 1076/1346/1273
f 1075/1350/1273 1113/1349/1273 1114/1347/1273
f 1112/1360/1274 1068/1390/1274 1108/1389/1274
f 1112/1360/1274 1074/1359/1274 1068/1390/1274
f 1067/1348/1275 1103/1391/1275 1059/1392/1275
f 1067/1348/1275 1107/1345/1275 1103/1391/1275
f 1064/1393/1276 1103/1391/1277 1102/1394/1278
f 1103/1391/1277 1064/1393/1276 1059/1392/1279
f 1059/1392/1279 1064/1393/1276 1058/1395/1280
f 1061/1396/1281 1105/1310/1281 1106/1309/1281
f 1061/1396/1281 1062/1397/1281 1105/1310/1281
f 1126/1398/1282 1128/1399/1283 1127/1400/1284
f 1126/1398/1282 1129/1401/1285 1128/1399/1283
f 1130/1402/1286 1126/1398/1282 1127/1400/1284
f 1129/1401/1285 1131/1403/1287 1128/1399/1283
f 1130/1402/1286 1127/1400/1284 1132/1404/1288
f 1129/1401/1285 1133/1405/1289 1131/1403/1287
f 1134/1406/1290 1130/1402/1286 1132/1404/1288
f 1133/1405/1289 1135/1407/1291 1131/1403/1287
f 1134/1406/1290 1132/1404/1288 1136/1408/1292
f 1133/1405/1289 1137/1409/1293 1135/1407/1291
f 1138/1410/1294 1134/1406/1290 1136/1408/1292
f 1137/1409/1293 1139/1411/1295 1135/1407/1291
f 1138/1410/1294 1136/1408/1292 1140/1412/1296
f 1137/1409/1293 1141/1413/1297 1139/1411/1295
f 1142/1414/1298 1138/1410/1294 1140/1412/1296
f 1141/1413/1297 1143/1415/1299 1139/1411/1295
f 1142/1414/1298 1140/1412/1296 1144/1416/1300
f 1141/1413/1297 1145/1417/1301 1143/1415/1299
f 1146/1418/1302 1142/1414/1298 1144/1416/1300
f 1145/1417/1301 1147/1419/1303 1143/1415/1299
f 1146/1418/1302 1144/1416/1300 1148/1420/1304
f 1145/1417/1301 1149/1421/1305 1147/1419/1303
f 1150/1422/1306 1146/1418/1302 1148/1420/1304
f 1149/1421/1305 1151/1423/1307 1147/1419/1303
f 1150/1422/1306 1148/1420/1304 1152/1424/1308
f 1149/1421/1305 1153/1425/1309 1151/1423/1307
f 1154/1426/1310 1150/1422/1306 1152/1424/1308
f 1153/1425/1309 1155/1427/1311 1151/1423/1307
f 1154/1426/1310 1152/1424/1308 1156/1428/1312
f 1153/1425/1309 1157/1429/1313 1155/1427/1311
f 1157/1429/1313 1154/1426/1310 1156/1428/1312
f 1157/1429/1313 1156/1428/1312 1155/1427/1311
f 1157/1429/1314 1043/1385/1315 1158/1430/1316
f 1157/1429/1314 1153/1425/1317 1043/1385/1315
f 1154/1426/1318 1157/1429/1314 1158/1430/1316
f 1121/1373/1319 1043/1385/1315 1153/1425/1317
f 1154/1426/1318 1158/1430/1316 1044/1384/1320
f 1121/1373/1319 1153/1425/1317 1149/1421/1321
f 1150/1422/1322 1154/1426/1323 1044/1384/1324
f 1122/1376/1325 1121/1373/1319 1149/1421/1321
f 1150/1422/1322 1044/1384/1324 1117/1362/1326
f 1122/1376/1325 1149/1421/1321 1145/1417/1327
f 1146/1418/1328 1150/1422/1322 1117/1362/1326
f 1123/1378/1329 1122/1376/1325 1145/1417/1327
f 1146/1418/1328 1117/1362/1326 1116/1361/1330
f 1123/1378/1329 1145/1417/1327 1141/1413/1331
f 1116/1361/1330 1142/1414/1332 1146/1418/1328
f 1124/1380/1333 1123/1378/1329 1141/1413/1331
f 1116/1361/1330 1118/1365/1334 1142/1414/1332
f 1124/1380/1333 1141/1413/1331 1137/1409/1335
f 1118/1365/1334 1138/1410/1336 1142/1414/1332
f 1137/1409/1335 1125/1382/1337 1124/1380/1333
f 1118/1365/1334 1119/1367/1338 1138/1410/1336
f 1137/1409/1335 1133/1405/1339 1125/1382/1337
f 1119/1367/1338 1134/1406/1340 1138/1410/1336
f 1133/1405/1339 1091/1388/1341 1125/1382/1337
f 1119/1367/1338 1120/1369/1342 1134/1406/1340
f 1133/1405/1339 1129/1401/1343 1091/1388/1341
f 1120/1369/1342 1130/1402/1344 1134/1406/1340
f 1129/1401/1345 1159/1431/1346 1091/1388/1347
f 1120/1369/1342 1092/1371/1348 1130/1402/1344
f 1129/1401/1345 1126/1398/1349 1159/1431/1346
f 1126/1398/1349 1130/1402/1344 1092/1371/1348
f 1126/1398/1349 1092/1371/1348 1159/1431/1346
f 1160/1432/1350 1162/1433/1351 1161/1434/659
f 1160/1432/1352 1163/1435/1353 1162/1433/1354
f 1164/1436/1355 1163/1435/1353 1160/1432/1352
f 1164/1436/1355 1165/1437/1356 1163/1435/1353
f 1165/1437/1356 1164/1436/1355 1166/1438/1357
f 1165/1437/1356 1166/1438/1357 1167/1439/1358
f 1167/1439/1358 1166/1438/1357 1168/1440/1359
f 1167/1439/1358 1168/1440/1359 1169/1441/1360
f 1169/1441/1360 1168/1440/1359 1170/1442/1361
f 1169/1441/1360 1170/1442/1361 1171/1443/1362
f 1172/1444/1363 1171/1443/1362 1170/1442/1361
f 1172/1444/1363 1173/1445/1364 1171/1443/1362
f 1172/1444/1363 1174/1446/1365 1173/1445/1364
f 1172/1444/1363 1175/1447/1366 1174/1446/1365
f 1176/1448/1367 1174/1446/1365 1175/1447/1366
f 1176/1448/1367 1177/1449/1368 1174/1446/1365
f 1177/1449/1369 1178/1450/1370 1179/1451/1371
f 1177/1449/1369 1179/1451/1371 1174/1446/1372
f 1173/1445/1373 1174/1446/1372 1179/1451/1371
f 1173/1445/1373 1179/1451/1371 1180/1452/1374
f 1173/1445/1373 1180/1452/1374 1181/1453/1375
f 1173/1445/1373 1181/1453/1375 1171/1443/1376
f 1182/1454/1377 1171/1443/1376 1181/1453/1375
f 1182/1454/1377 1169/1441/1378 1171/1443/1376
f 1183/1455/1379 1169/1441/1378 1182/1454/1377
f 1183/1455/1379 1167/1439/1380 1169/1441/1378
f 1184/1456/1381 1167/1439/1380 1183/1455/1379
f 1184/1456/1381 1165/1437/1382 1167/1439/1380
f 1165/1437/1382 1184/1456/1381 1185/1457/1383
f 1165/1437/1382 1185/1457/1383 1163/1435/1384
f 1163/1435/1384 1185/1457/1383 1186/1458/1385
f 1163/1435/1384 1186/1458/1385 1162/1433/1386
f 1178/1450/1387 1187/1459/1388 1188/1460/1389
f 1178/1450/1387 1188/1460/1389 1179/1451/1390
f 1188/1460/1389 1180/1452/1391 1179/1451/1390
f 1188/1460/1389 1189/1461/1392 1180/1452/1391
f 1180/1452/1391 1189/1461/1392 1190/1462/1393
f 1180/1452/1391 1190/1462/1393 1181/1453/1394
f 1190/1462/1393 1182/1454/1395 1181/1453/1394
f 1190/1462/1393 1191/1463/1396 1182/1454/1395
f 1182/1454/1395 1191/1463/1396 1192/1464/1397
f 1182/1454/1395 1192/1464/1397 1183/1455/1398
f 1192/1464/1397 1184/1456/1399 1183/1455/1398
f 1192/1464/1397 1193/1465/1400 1184/1456/1399
f 1194/1466/1401 1184/1456/1399 1193/1465/1400
f 1194/1466/1401 1185/1457/1402 1184/1456/1399
f 1186/1458/1403 1185/1457/1402 1194/1466/1401
f 1160/1467/1404 1162/1468/1405 1195/1469/1406
f 1164/1470/1407 1160/1467/1404 1195/1469/1406
f 1164/1470/1407 1195/1469/1406 1196/1471/1408
f 1196/1471/1408 1166/1472/1409 1164/1470/1407
f 1196/1471/1408 1197/1473/1410 1166/1472/1409
f 1197/1473/1410 1168/1474/1411 1166/1472/1409
f 1197/1473/1410 1198/1475/1412 1168/1474/1411
f 1198/1475/1412 1170/1476/1413 1168/1474/1411
f 1198/1475/1412 1199/1477/1414 1170/1476/1413
f 1172/1478/1415 1170/1476/1413 1199/1477/1414
f 1172/1478/1415 1199/1477/1414 1200/1479/1416
f 1172/1478/1415 1200/1479/1416 1201/1480/1417
f 1172/1478/1415 1201/1480/1417 1175/1481/1418
f 1176/1482/1419 1175/1481/1418 1201/1480/1417
f 1176/1482/1420 1201/1480/1421 1202/1483/1422
f 1202/1483/1423 1204/1484/1424 1203/1485/1425
f 1202/1483/1426 1201/1480/1427 1204/1484/1428
f 1200/1479/1429 1204/1484/1428 1201/1480/1427
f 1200/1479/1429 1205/1486/1430 1204/1484/1428
f 1200/1479/1429 1206/1487/1431 1205/1486/1430
f 1200/1479/1429 1199/1477/1432 1206/1487/1431
f 1207/1488/1433 1206/1487/1431 1199/1477/1432
f 1207/1488/1433 1199/1477/1432 1198/1475/1434
f 1208/1489/1435 1207/1488/1433 1198/1475/1434
f 1208/1489/1435 1198/1475/1434 1197/1473/1436
f 1209/1490/1437 1208/1489/1435 1197/1473/1436
f 1209/1490/1437 1197/1473/1436 1196/1471/1438
f 1196/1471/1438 1210/1491/1439 1209/1490/1437
f 1196/1471/1438 1195/1469/1440 1210/1491/1439
f 1195/1469/1440 1186/1492/1441 1210/1491/1439
f 1195/1469/1440 1162/1468/1442 1186/1492/1441
f 1203/1485/1443 1188/1493/1444 1187/1494/1445
f 1203/1485/1446 1204/1484/1447 1188/1493/1448
f 1188/1493/1448 1204/1484/1447 1205/1486/1449
f 1188/1493/1448 1205/1486/1449 1189/1495/1450
f 1205/1486/1449 1190/1496/1451 1189/1495/1450
f 1205/1486/1449 1206/1487/1452 1190/1496/1451
f 1190/1496/1451 1206/1487/1452 1207/1488/1453
f 1190/1496/1451 1207/1488/1453 1191/1497/1454
f 1207/1488/1453 1192/1498/1455 1191/1497/1454
f 1207/1488/1453 1208/1489/1456 1192/1498/1455
f 1192/1498/1455 1208/1489/1456 1209/1490/1457
f 1192/1498/1455 1209/1490/1457 1193/1499/1458
f 1194/1500/1459 1193/1499/1458 1209/1490/1457
f 1194/1500/1459 1209/1490/1457 1210/1491/1460
f 1186/1492/1461 1194/1500/1459 1210/1491/1460
f 1211/1501/1462 1213/1502/1463 1212/1503/1464
f 1211/1501/1462 1214/1504/1465 1213/1502/1463
f 1214/1504/1465 1215/1505/1466 1213/1502/1463
f 1214/1504/1465 1216/1506/1467 1215/1505/1466
f 1216/1506/1467 1217/1507/1468 1215/1505/1466
f 1216/1506/1467 1218/1508/1469 1217/1507/1468
f 1218/1508/1469 1219/1509/1470 1217/1507/1468
f 1218/1508/1469 1220/1510/1471 1219/1509/1470
f 1220/1510/1471 1221/1511/1472 1219/1509/1470
f 1220/1510/1471 1222/1512/1473 1221/1511/1472
f 1222/1512/1473 1223/1513/1474 1221/1511/1472
f 1222/1512/1473 1224/1514/1475 1223/1513/1474
f 1224/1514/1475 1225/1515/1476 1223/1513/1474
f 1224/1514/1475 1226/1516/1477 1225/1515/1476
f 1226/1516/1477 1227/1517/1478 1225/1515/1476
f 1226/1516/1477 1228/1518/1479 1227/1517/1478
f 1228/1518/1479 1229/1519/1480 1227/1517/1478
f 1228/1518/1479 1230/1520/1481 1229/1519/1480
f 1230/1520/1481 1231/1521/1482 1229/1519/1480
f 1230/1520/1481 1232/1522/1483 1231/1521/1482
f 1232/1522/1483 1233/1523/1484 1231/1521/1482
f 1232/1522/1483 1234/1524/1485 1233/1523/1484
f 1234/1524/1485 1235/1525/1486 1233/1523/1484
f 1234/1524/1485 1236/1526/1487 1235/1525/1486
f 1236/1526/1487 1237/1527/1488 1235/1525/1486
f 1236/1526/1487 1238/1528/1489 1237/1527/1488
f 1238/1528/1489 1239/1529/1490 1237/1527/1488
f 1238/1528/1489 1240/1530/1491 1239/1529/1490
f 1240/1530/1491 1241/1531/1492 1239/1529/1490
f 1240/1530/1491 1242/1532/1493 1241/1531/1492
f 1242/1532/1493 1212/1533/1464 1241/1531/1492
f 1242/1532/1493 1211/1534/1462 1212/1533/1464
