# Blender 3.6.5
# www.blender.org
o Scythe
v 0.023366 -0.252700 -0.012245
v 0.017884 -0.252700 -0.022627
v 0.017884 -0.342006 -0.022627
v 0.023366 -0.342006 -0.012246
v 0.025291 -0.252700 0.000000
v 0.025291 -0.342006 -0.000000
v 0.023366 -0.252700 0.012246
v 0.023366 -0.342006 0.012246
v 0.017884 -0.252700 0.022627
v 0.017884 -0.342006 0.022627
v 0.009678 -0.252700 0.029564
v 0.009678 -0.342006 0.029563
v -0.000000 -0.252700 0.032000
v -0.000000 -0.342006 0.031999
v -0.009679 -0.252700 0.029564
v -0.009679 -0.342006 0.029563
v -0.017884 -0.252700 0.022627
v -0.017884 -0.342006 0.022627
v -0.023367 -0.252700 0.012246
v -0.023367 -0.342006 0.012246
v -0.025292 -0.252700 0.000000
v -0.025292 -0.342006 -0.000000
v -0.023367 -0.252700 -0.012245
v -0.023367 -0.342006 -0.012246
v -0.017884 -0.252700 -0.022627
v -0.017884 -0.342006 -0.022627
v -0.009679 -0.252700 -0.029563
v -0.009679 -0.342006 -0.029564
v -0.000000 -0.252700 -0.031999
v -0.000000 -0.342006 -0.032000
v 0.009678 -0.252700 -0.029563
v 0.009678 -0.342006 -0.029564
v 0.016806 -0.248381 -0.021264
v 0.021959 -0.248381 -0.011508
v 0.023768 -0.248381 0.000000
v 0.021959 -0.248381 0.011508
v 0.016806 -0.248381 0.021264
v 0.009095 -0.248381 0.027783
v -0.000000 -0.248381 0.030072
v -0.009096 -0.248381 0.027783
v -0.016807 -0.248381 0.021264
v -0.021959 -0.248381 0.011508
v -0.023768 -0.248381 0.000000
v -0.021959 -0.248381 -0.011508
v -0.016807 -0.248381 -0.021264
v -0.009096 -0.248381 -0.027782
v -0.000000 -0.248381 -0.030071
v 0.009095 -0.248381 -0.027782
v 0.014658 -0.346278 -0.018545
v 0.019151 -0.346278 -0.010037
v 0.020729 -0.346278 -0.000000
v 0.019151 -0.346278 0.010036
v 0.014658 -0.346278 0.018545
v 0.007933 -0.346278 0.024230
v -0.000000 -0.346278 0.026227
v -0.007933 -0.346278 0.024230
v -0.014658 -0.346278 0.018545
v -0.019152 -0.346278 0.010036
v -0.020729 -0.346278 -0.000000
v -0.019152 -0.346278 -0.010037
v -0.014658 -0.346278 -0.018545
v -0.007933 -0.346278 -0.024231
v -0.000000 -0.346278 -0.026227
v 0.007933 -0.346278 -0.024231
v -0.019166 -0.294195 0.039527
v -0.012498 -0.271256 0.034683
v -0.012498 -0.294195 0.045210
v -0.019166 -0.269484 0.031866
v -0.019166 -0.294195 0.018028
v -0.019166 -0.258254 0.014013
v -0.030338 -0.333271 0.020382
v -0.035721 -0.299928 0.021759
v -0.035721 -0.299928 0.045564
v -0.030338 -0.333271 0.042680
v -0.039290 -0.333271 0.015382
v -0.046261 -0.299928 0.016422
v 0.000000 -0.299928 -0.059532
v -0.019332 -0.299928 -0.059532
v -0.016419 -0.333271 -0.055765
v 0.000000 -0.333271 -0.055765
v -0.039290 -0.333271 -0.015382
v -0.030338 -0.333271 -0.020382
v -0.035721 -0.299928 -0.021759
v -0.046261 -0.299928 -0.016422
v -0.019332 -0.299928 0.059532
v -0.016419 -0.333271 0.055764
v -0.030338 -0.333271 -0.042680
v -0.035721 -0.299928 -0.045564
v -0.015267 -0.294195 -0.052581
v -0.026620 -0.294195 -0.042905
v -0.021145 -0.338641 -0.041566
v -0.012967 -0.338641 -0.049254
v -0.026620 -0.294195 0.042905
v -0.015267 -0.294195 0.052581
v -0.012967 -0.338642 0.049253
v -0.021145 -0.338642 0.041566
v 0.000000 -0.333271 0.055764
v 0.000000 -0.338642 0.049253
v 0.000000 -0.294195 -0.052581
v -0.021145 -0.338642 -0.020382
v -0.031561 -0.338642 -0.014565
v -0.037161 -0.294195 -0.012690
v -0.026620 -0.294195 -0.018028
v -0.031561 -0.338642 0.014565
v -0.021145 -0.338642 0.020382
v -0.026620 -0.294195 0.018028
v -0.037161 -0.294195 0.012690
v 0.000000 -0.294195 0.045210
v 0.000000 -0.294195 0.052581
v -0.019166 -0.294195 -0.018028
v -0.019166 -0.294195 -0.039527
v -0.012498 -0.294195 -0.045210
v 0.000000 -0.294195 -0.045210
v 0.000000 -0.258254 0.014013
v 0.000000 -0.271256 0.034683
v 0.000000 -0.271255 -0.034683
v -0.012498 -0.271255 -0.034683
v -0.019166 -0.258253 -0.014013
v -0.019166 -0.269483 -0.031866
v 0.000000 -0.338641 -0.049254
v 0.000000 -0.299928 0.059532
v 0.000000 -0.258253 -0.014013
v 0.000000 -0.338642 0.020382
v 0.000000 -0.338642 -0.020382
v 0.000000 -0.294195 -0.018028
v 0.000000 -0.294195 -0.012690
v 0.000000 -0.294195 0.012690
v 0.000000 -0.294195 0.018028
v 0.019166 -0.294195 0.039527
v 0.012498 -0.294195 0.045210
v 0.012498 -0.271256 0.034683
v 0.019166 -0.269484 0.031866
v 0.019166 -0.294195 0.018028
v 0.019166 -0.258254 0.014013
v 0.030338 -0.333271 0.020382
v 0.030338 -0.333271 0.042680
v 0.035721 -0.299928 0.045564
v 0.035721 -0.299928 0.021759
v 0.046261 -0.299928 0.016422
v 0.039290 -0.333271 0.015382
v 0.016419 -0.333271 -0.055765
v 0.019332 -0.299928 -0.059532
v 0.039290 -0.333271 -0.015383
v 0.046261 -0.299928 -0.016422
v 0.035721 -0.299928 -0.021759
v 0.030338 -0.333271 -0.020382
v 0.016419 -0.333271 0.055764
v 0.019332 -0.299928 0.059532
v 0.030338 -0.333271 -0.042680
v 0.035721 -0.299928 -0.045564
v 0.026620 -0.294195 -0.042905
v 0.015267 -0.294195 -0.052581
v 0.012967 -0.338641 -0.049254
v 0.021145 -0.338641 -0.041566
v 0.015267 -0.294195 0.052581
v 0.026620 -0.294195 0.042905
v 0.021145 -0.338642 0.041566
v 0.012967 -0.338642 0.049253
v 0.021145 -0.338642 -0.020382
v 0.031561 -0.338642 -0.014565
v 0.037161 -0.294195 -0.012690
v 0.026620 -0.294195 -0.018028
v 0.031561 -0.338642 0.014565
v 0.021145 -0.338642 0.020382
v 0.026620 -0.294195 0.018028
v 0.037161 -0.294195 0.012690
v 0.019166 -0.294195 -0.018028
v 0.019166 -0.294195 -0.039527
v 0.012498 -0.294195 -0.045210
v 0.012498 -0.271255 -0.034683
v 0.019166 -0.258253 -0.014013
v 0.019166 -0.269483 -0.031866
v -0.000000 -0.347714 -0.000000
v -0.000000 -0.244778 0.000000
v -0.000517 1.140034 1.143782
v -0.000675 0.948922 1.123130
v -0.000679 0.943034 1.116452
v 0.010721 1.132325 1.123620
v -0.000334 1.350337 1.124500
v 0.012264 1.328173 1.085234
v -0.000133 1.568544 1.050576
v 0.013766 1.526925 0.998971
v 0.000074 1.780073 0.921680
v 0.015255 1.717855 0.866099
v 0.000261 1.957560 0.750843
v 0.016605 1.876067 0.700770
v 0.000446 2.114259 0.507205
v 0.018062 2.017152 0.470387
v 0.019142 2.102013 0.205913
v 0.000585 2.206674 0.223535
v 0.000682 2.236867 -0.111715
v 0.020358 2.128531 -0.106466
v 0.018441 1.955619 -0.097498
v 0.017253 1.933462 0.178120
v 0.016195 1.858645 0.411048
v 0.014831 1.738561 0.616916
v 0.013657 1.607983 0.769521
v 0.012412 1.448587 0.902110
v 0.011207 1.279419 1.000471
v 0.010097 1.111282 1.069268
v -0.000679 0.941276 1.109538
v 0.000417 1.928872 -0.096043
v 0.000342 1.908416 0.174052
v 0.000233 1.836726 0.402912
v 0.000092 1.722044 0.606905
v -0.000048 1.595738 0.758842
v -0.000208 1.440557 0.892254
v -0.000370 1.275038 0.992901
v -0.000526 1.109044 1.063533
v -0.011760 1.132344 1.123615
v -0.012954 1.328194 1.085229
v -0.014081 1.526949 0.998965
v -0.015188 1.717881 0.866093
v -0.016199 1.876096 0.700763
v -0.017319 2.017182 0.470380
v -0.018142 2.102045 0.205905
v -0.019180 2.128565 -0.106475
v -0.017562 1.955650 -0.097505
v -0.016528 1.933491 0.178112
v -0.015696 1.858672 0.411042
v -0.014624 1.738586 0.616909
v -0.013736 1.608007 0.769515
v -0.012819 1.448609 0.902105
v -0.011943 1.279439 1.000466
v -0.011148 1.111300 1.069263
v -0.000009 -0.274281 0.027328
v -0.000016 2.056675 0.027304
v 0.007588 2.056692 0.025231
v 0.007600 -0.274266 0.025253
v 0.014035 2.056705 0.019315
v 0.014052 -0.274255 0.019333
v 0.018345 2.056709 0.010459
v 0.018365 -0.274250 0.010470
v 0.019860 2.056706 0.000010
v 0.019882 -0.274254 0.000013
v 0.018352 2.056694 -0.010442
v 0.018372 -0.274264 -0.010446
v 0.014048 2.056678 -0.019304
v 0.014065 -0.274278 -0.019315
v 0.007605 2.056658 -0.025227
v 0.007617 -0.274296 -0.025243
v 0.000003 2.056638 -0.027311
v 0.000010 -0.274314 -0.027328
v -0.007600 2.056621 -0.025237
v -0.007599 -0.274330 -0.025253
v -0.014047 2.056608 -0.019322
v -0.014051 -0.274341 -0.019333
v -0.018357 2.056604 -0.010466
v -0.018364 -0.274345 -0.010470
v -0.019873 2.056607 -0.000016
v -0.019881 -0.274341 -0.000013
v -0.018364 2.056619 0.010435
v -0.018371 -0.274331 0.010446
v -0.014061 2.056635 0.019297
v -0.014065 -0.274317 0.019315
v -0.007618 2.056656 0.025221
v -0.007617 -0.274299 0.025243
v 0.023984 2.069052 -0.734765
v 0.019069 2.055984 -0.740412
v 0.033799 2.043877 -0.738560
v 0.023107 2.050614 -0.730548
v 0.027501 2.064378 -0.726179
v 0.029073 2.046681 -0.709393
v 0.032177 2.061342 -0.709539
v 0.042468 2.051975 -0.703868
v 0.045348 2.066370 -0.700707
v 0.041004 2.039087 -0.713041
v 0.054790 2.045121 -0.707460
v 0.056202 2.040633 -0.689852
v 0.043877 2.047464 -0.686216
v 0.056189 2.034518 -0.680014
v 0.043868 2.039701 -0.673902
v 0.056561 2.023592 -0.673012
v 0.044306 2.026370 -0.665256
v 0.057164 2.008629 -0.664710
v 0.044860 2.013217 -0.658005
v 0.054006 1.993485 -0.649079
v 0.042672 2.002639 -0.647130
v 0.043963 1.985165 -0.623255
v 0.034674 1.996174 -0.626658
v 0.028961 1.987460 -0.583133
v 0.020412 1.998409 -0.588476
v 0.032000 2.008381 -0.540360
v 0.023458 2.019346 -0.545683
v 0.045641 2.035785 -0.501194
v 0.037232 2.047016 -0.506132
v 0.059111 2.058828 -0.465506
v 0.051063 2.070682 -0.469451
v 0.062693 2.065254 -0.450393
v 0.054918 2.077601 -0.453173
v 0.063218 2.067255 -0.438310
v 0.055517 2.079913 -0.439174
v 0.061090 2.065621 -0.428951
v 0.052939 2.077939 -0.427907
v 0.056203 2.060717 -0.420483
v 0.047478 2.072463 -0.418470
v 0.037688 2.042170 -0.405487
v 0.028795 2.053745 -0.403303
v 0.012726 2.021305 -0.393146
v 0.005447 2.034195 -0.391768
v -0.014843 2.010522 -0.377083
v -0.015410 2.025697 -0.379800
v -0.033355 2.024756 -0.354920
v -0.028778 2.036521 -0.363498
v -0.043796 2.042808 -0.336229
v -0.038858 2.053970 -0.345439
v 0.073710 2.068798 -0.421558
v 0.066707 2.061794 -0.409437
v 0.045421 2.040482 -0.392045
v 0.019562 2.018863 -0.379246
v -0.006546 2.008542 -0.364089
v -0.023511 2.021750 -0.343688
v -0.033385 2.038813 -0.326032
v 0.077164 2.071422 -0.436699
v -0.039469 2.054125 -0.307541
v -0.050681 2.060139 -0.315256
v 0.076424 2.068575 -0.453840
v -0.041967 2.064952 -0.285734
v -0.053665 2.073050 -0.289205
v 0.072211 2.061008 -0.471620
v -0.040926 2.069247 -0.256604
v -0.052397 2.078176 -0.254578
v 0.058275 2.037163 -0.508607
v -0.031519 2.066170 -0.232542
v -0.038970 2.073805 -0.221191
v 0.045164 2.010861 -0.546169
v -0.012277 2.058584 -0.220367
v -0.015377 2.064513 -0.205988
v 0.042431 1.993130 -0.582085
v 0.011307 2.049305 -0.209210
v 0.006497 2.055903 -0.195711
v 0.055291 1.991330 -0.615975
v 0.031051 2.042380 -0.186480
v 0.020726 2.050902 -0.179527
v 0.064933 1.999289 -0.640751
v 0.036014 2.041374 -0.167939
v 0.024974 2.050041 -0.163654
v 0.067926 2.013678 -0.655590
v 0.033096 2.046283 -0.138691
v 0.022057 2.054949 -0.134407
v 0.036014 2.041374 -0.056766
v 0.024974 2.050041 -0.052481
v 0.047142 2.050314 -0.059980
v 0.044224 2.055223 -0.141905
v 0.047142 2.050314 -0.171153
v 0.040063 2.069414 -0.139607
v 0.042980 2.064505 -0.057682
v 0.029279 2.064336 -0.053047
v 0.041793 2.051398 -0.191139
v 0.042980 2.064505 -0.168855
v 0.019081 2.059358 -0.217393
v 0.038106 2.065493 -0.187064
v 0.029279 2.064336 -0.164220
v 0.026362 2.069245 -0.134973
v 0.025086 2.065186 -0.179888
v -0.005368 2.068975 -0.228996
v 0.019074 2.072169 -0.208952
v 0.011296 2.070034 -0.195552
v -0.022143 2.075593 -0.239456
v -0.004198 2.081326 -0.219951
v -0.010384 2.078569 -0.205730
v -0.029459 2.077994 -0.258796
v -0.023800 2.089053 -0.232379
v -0.034200 2.087948 -0.221091
v -0.030515 2.073584 -0.288453
v -0.033843 2.092330 -0.258125
v -0.048019 2.092442 -0.255518
v -0.027951 2.062467 -0.310869
v -0.035135 2.087016 -0.293605
v -0.049443 2.086687 -0.294070
v -0.022012 2.047507 -0.328940
v -0.032046 2.073637 -0.320640
v -0.046094 2.072197 -0.323352
v -0.012851 2.031658 -0.345325
v -0.025395 2.056875 -0.340934
v -0.016105 2.040787 -0.357568
v -0.001984 2.022493 -0.358776
v -0.007463 2.033095 -0.368486
v 0.016508 2.030244 -0.369278
v 0.007784 2.039719 -0.377017
v 0.041308 2.051013 -0.381553
v 0.031032 2.059210 -0.388512
v 0.064472 2.074205 -0.400596
v 0.052588 2.080798 -0.406179
v 0.073359 2.083079 -0.415946
v 0.060522 2.088728 -0.419869
v 0.078080 2.086657 -0.436568
v 0.064702 2.091905 -0.438097
v 0.077134 2.082974 -0.458749
v 0.063842 2.088552 -0.458337
v 0.072259 2.074210 -0.479344
v 0.059189 2.080189 -0.478003
v 0.057673 2.049246 -0.518127
v 0.044667 2.055336 -0.516597
v 0.044758 2.023358 -0.555083
v 0.031343 2.028602 -0.554782
v 0.042209 2.007585 -0.586781
v 0.028599 2.010847 -0.590730
v 0.053002 2.006148 -0.614879
v 0.040261 2.009142 -0.621481
v 0.060353 2.012029 -0.633655
v 0.046595 2.014100 -0.637597
v 0.062275 2.021387 -0.643248
v 0.048019 2.021102 -0.644740
v 0.067322 2.028622 -0.663876
v 0.047492 2.033116 -0.651325
v 0.061717 2.034508 -0.650472
v 0.066913 2.041047 -0.671902
v 0.046977 2.049433 -0.662013
v 0.061220 2.050265 -0.660777
v 0.066902 2.050069 -0.686259
v 0.046959 2.061121 -0.680376
v 0.061190 2.062732 -0.680403
v 0.065286 2.055281 -0.714441
v 0.059451 2.068414 -0.710267
v 0.051483 2.049055 -0.723365
v 0.044799 2.053477 -0.739143
v 0.046028 2.062809 -0.721201
v 0.040906 2.066147 -0.731490
v 0.037249 2.071008 -0.740420
v -0.027366 2.050293 -0.758699
v -0.031607 2.046264 -0.737517
v -0.020349 2.050346 -0.744667
v -0.039878 2.045756 -0.750753
v -0.032976 2.063937 -0.760914
v -0.037729 2.059433 -0.716807
v -0.044208 2.059865 -0.753781
v -0.029427 2.072423 -0.748250
v -0.050600 2.053737 -0.720349
v -0.042962 2.061953 -0.691999
v -0.038612 2.069092 -0.742417
v -0.021622 2.064023 -0.738209
v -0.059516 2.065222 -0.723045
v -0.055877 2.056270 -0.695327
v -0.049689 2.060038 -0.667914
v -0.030824 2.060686 -0.732365
v -0.052155 2.078017 -0.721169
v -0.038690 2.074439 -0.717314
v -0.064634 2.067697 -0.698769
v -0.062136 2.054428 -0.673145
v -0.051215 2.058293 -0.660257
v -0.043736 2.076892 -0.693385
v -0.057131 2.080442 -0.697569
v -0.071686 2.065617 -0.673642
v -0.064824 2.051555 -0.659697
v -0.050210 2.058732 -0.656681
v -0.051548 2.074690 -0.665178
v -0.065142 2.078143 -0.668720
v -0.074581 2.062499 -0.658667
v -0.061274 2.053308 -0.647279
v -0.041551 2.066899 -0.645602
v -0.052562 2.073401 -0.659573
v -0.067003 2.076000 -0.658590
v -0.070797 2.064390 -0.645673
v -0.051891 2.061855 -0.635342
v -0.040957 2.076871 -0.618980
v -0.052895 2.073160 -0.660884
v -0.065619 2.076669 -0.654087
v -0.062997 2.071403 -0.636001
v -0.051925 2.067094 -0.620777
v -0.054844 2.075975 -0.582526
v -0.046267 2.079544 -0.652593
v -0.059521 2.082344 -0.646667
v -0.063330 2.074764 -0.626196
v -0.064657 2.066221 -0.587597
v -0.055131 2.073460 -0.575621
v -0.045582 2.090588 -0.623290
v -0.059409 2.089281 -0.627747
v -0.077422 2.073659 -0.589092
v -0.065018 2.063237 -0.579396
v -0.052984 2.070095 -0.570751
v -0.061543 2.089442 -0.580888
v -0.075497 2.088014 -0.584947
v -0.078081 2.068009 -0.573504
v -0.062326 2.059020 -0.573457
v -0.040055 2.057365 -0.553510
v -0.062085 2.084531 -0.567150
v -0.076269 2.081167 -0.565995
v -0.073158 2.060368 -0.562421
v -0.048395 2.045297 -0.555434
v -0.033853 2.051194 -0.534768
v -0.058042 2.078259 -0.557522
v -0.070509 2.072234 -0.552321
v -0.059793 2.047080 -0.544455
v -0.042099 2.039048 -0.536790
v -0.032923 2.048505 -0.508151
v -0.046297 2.066587 -0.541024
v -0.058496 2.060216 -0.535363
v -0.055585 2.042896 -0.531722
v -0.041090 2.036261 -0.509798
v -0.028313 2.046736 -0.460852
v -0.042244 2.062543 -0.528402
v -0.055675 2.057414 -0.526580
v -0.054767 2.040547 -0.509679
v -0.035880 2.034283 -0.457696
v -0.015290 2.045133 -0.415615
v -0.041552 2.060359 -0.507116
v -0.055053 2.055441 -0.508078
v -0.048644 2.038224 -0.450625
v -0.022522 2.032626 -0.411235
v -0.007890 2.044369 -0.358202
v -0.036399 2.058377 -0.455756
v -0.048964 2.053112 -0.449410
v -0.034899 2.036456 -0.402119
v -0.015926 2.031972 -0.361501
v -0.020482 2.048026 -0.303018
v -0.023197 2.056703 -0.409336
v -0.035316 2.051334 -0.400964
v -0.029942 2.035971 -0.367470
v -0.029192 2.036149 -0.303695
v -0.028810 2.067256 -0.237363
v -0.016940 2.056052 -0.362350
v -0.030568 2.050858 -0.368058
v -0.041699 2.039978 -0.318452
v -0.038381 2.057112 -0.231875
v -0.031465 2.091546 -0.160702
v -0.027607 2.059227 -0.317541
v -0.040721 2.054224 -0.326872
v -0.051336 2.061977 -0.244021
v -0.041034 2.081320 -0.155100
v -0.029373 2.103162 -0.087853
v -0.035852 2.078429 -0.253394
v -0.049773 2.075152 -0.257163
v -0.054111 2.087273 -0.164911
v -0.039094 2.092428 -0.087177
v -0.025294 2.101865 -0.064918
v -0.038628 2.103799 -0.173218
v -0.052625 2.101174 -0.176046
v -0.051871 2.099506 -0.089702
v -0.034702 2.091128 -0.062192
v -0.018092 2.099125 -0.050833
v -0.036140 2.116886 -0.090872
v -0.050046 2.114624 -0.091971
v -0.045730 2.097829 -0.055604
v -0.025898 2.087783 -0.044928
v 0.008545 2.088622 -0.026851
v -0.030507 2.115208 -0.059987
v -0.043137 2.112708 -0.054258
v -0.032869 2.092946 -0.030380
v 0.001783 2.076854 -0.019091
v 0.039465 2.077996 0.009300
v -0.020239 2.111291 -0.039842
v -0.029371 2.107464 -0.027205
v -0.002730 2.081041 -0.001707
v 0.030301 2.067070 0.013692
v 0.047044 2.076970 0.035646
v 0.037475 2.066109 0.038517
v 0.019342 2.073421 0.022890
v 0.025439 2.072606 0.043753
v 0.001243 2.095361 0.001840
v 0.008212 2.100045 -0.013538
v 0.021733 2.088270 0.024192
v 0.027571 2.087481 0.044117
v 0.034170 2.091097 0.015827
v 0.040924 2.090179 0.039107
v -0.033027 2.068064 -0.717655
v -0.034605 2.068064 -0.717655
v -0.033187 2.080671 -0.780552
v -0.031819 2.081568 -0.783544
v -0.053360 2.150431 -0.586711
v -0.039930 2.150901 -0.586711
v -0.058277 2.132853 -0.562198
v -0.040502 2.163913 -0.586711
v -0.040662 2.164113 -0.586711
v -0.042816 2.173963 -0.586711
v -0.040012 2.212325 -0.568901
v -0.042815 2.210028 -0.587700
v -0.040013 2.183094 -0.537992
v -0.043329 2.209257 -0.591401
v -0.040662 2.164296 -0.515446
v -0.043329 2.173807 -0.590412
v -0.014007 2.186229 -0.772759
v -0.040560 2.173807 -0.590412
v -0.039912 2.173963 -0.586711
v -0.014007 2.166164 -0.771771
v -0.014007 2.186060 -0.776706
v -0.018803 2.166164 -0.771771
v -0.014007 2.165995 -0.775717
v -0.014007 2.168809 -0.814197
v -0.014007 2.148744 -0.813209
v -0.018803 2.165995 -0.775717
v -0.045601 2.173807 -0.590412
v -0.044891 2.173963 -0.586711
v -0.021034 2.166164 -0.771771
v -0.021034 2.165995 -0.775717
v -0.021034 2.186229 -0.772759
v -0.018803 2.148744 -0.813209
v -0.021034 2.148744 -0.813209
v -0.059207 2.209257 -0.591401
v -0.021034 2.186060 -0.776706
v -0.054167 2.209257 -0.591401
v -0.018803 2.186229 -0.772759
v -0.021034 2.168809 -0.814197
v -0.018803 2.186060 -0.776706
v -0.018803 2.168809 -0.814197
v -0.053518 2.210028 -0.587700
v -0.051548 2.212325 -0.568901
v -0.058498 2.210028 -0.587700
v -0.056915 2.212325 -0.568901
v -0.056915 2.183094 -0.537992
v -0.051548 2.183094 -0.537992
v -0.053537 2.151084 -0.515446
v -0.040502 2.163913 -0.514985
v -0.053360 2.150431 -0.514985
v -0.058277 2.133036 -0.539959
v -0.058066 2.132014 -0.561698
v -0.058066 2.132014 -0.539999
v 0.049494 2.163913 -0.586711
v 0.049653 2.164113 -0.586711
v 0.049653 2.164296 -0.515446
v 0.049494 2.163913 -0.514985
v 0.049005 2.183094 -0.537992
v 0.039779 2.210028 -0.587700
v 0.042991 2.212325 -0.568901
v 0.039778 2.173963 -0.586711
v 0.062529 2.150901 -0.586711
v 0.062352 2.150431 -0.586711
v 0.067269 2.132853 -0.562198
v 0.050481 2.173963 -0.586711
v 0.055461 2.173963 -0.586711
v 0.040294 2.209257 -0.591401
v 0.040293 2.173807 -0.590412
v 0.022999 2.186229 -0.772759
v 0.051128 2.173807 -0.590412
v 0.056171 2.173807 -0.590412
v 0.022999 2.166164 -0.771771
v 0.027795 2.166164 -0.771771
v 0.022999 2.165995 -0.775717
v 0.022999 2.186060 -0.776706
v 0.022999 2.148744 -0.813209
v 0.027795 2.165995 -0.775717
v 0.030026 2.166164 -0.771771
v 0.027795 2.148744 -0.813209
v 0.022999 2.168809 -0.814197
v 0.030026 2.165995 -0.775717
v 0.030026 2.148744 -0.813209
v 0.030026 2.168809 -0.814197
v 0.030026 2.186060 -0.776706
v 0.027795 2.168809 -0.814197
v 0.030026 2.186229 -0.772759
v 0.056171 2.209257 -0.591401
v 0.027795 2.186060 -0.776706
v 0.027795 2.186229 -0.772759
v 0.051130 2.209257 -0.591401
v 0.050481 2.210028 -0.587700
v 0.055461 2.210028 -0.587700
v 0.054526 2.212325 -0.568901
v 0.059893 2.212325 -0.568901
v 0.060539 2.183094 -0.537992
v 0.065906 2.183094 -0.537992
v 0.062529 2.151084 -0.515446
v 0.062352 2.150431 -0.514985
v 0.067269 2.133036 -0.539959
v 0.067058 2.132014 -0.539999
v 0.067058 2.132014 -0.561698
v -0.025045 2.115306 -0.298332
v -0.021542 2.129016 -0.296357
v -0.024592 2.117083 -0.296357
v -0.021475 2.128975 -0.295990
v -0.024514 2.117083 -0.295990
v -0.027767 2.116956 -0.294835
v -0.027695 2.116956 -0.294495
v -0.020925 2.117083 -0.278946
v -0.024364 2.116956 -0.278675
v -0.020848 2.117083 -0.278579
v -0.024292 2.116956 -0.278335
v -0.018367 2.127094 -0.278946
v -0.018300 2.127053 -0.278579
v -0.021284 2.129007 -0.278675
v -0.024170 2.130754 -0.294495
v -0.021222 2.128969 -0.278335
v -0.017215 2.128449 -0.278356
v -0.016604 2.130132 -0.278579
v -0.019649 2.131826 -0.278335
v -0.020574 2.115306 -0.278356
v -0.008575 2.123219 -0.278356
v -0.003051 2.129012 -0.278356
v -0.008039 2.138071 -0.278356
v -0.009644 2.137430 -0.278579
v -0.006708 2.139207 -0.278579
v -0.016672 2.130172 -0.278946
v -0.019710 2.131865 -0.278675
v -0.022596 2.133611 -0.294495
v -0.019780 2.132054 -0.295990
v -0.022658 2.133649 -0.294835
v -0.009683 2.137500 -0.278946
v -0.019847 2.132094 -0.296357
v 0.004496 2.131132 -0.278356
v 0.004496 2.141592 -0.278356
v 0.004496 2.130287 -0.282306
v -0.002647 2.128279 -0.282306
v 0.012043 2.129012 -0.278356
v 0.011640 2.128279 -0.282306
v -0.007877 2.122796 -0.282306
v -0.010598 2.115306 -0.278356
v 0.004496 2.129430 -0.286257
v 0.011231 2.127537 -0.286257
v -0.002239 2.127537 -0.286257
v 0.016162 2.122368 -0.286257
v -0.007170 2.122368 -0.286257
v 0.017967 2.115306 -0.286257
v 0.016869 2.122796 -0.282306
v -0.009791 2.115306 -0.282306
v -0.008974 2.115306 -0.286257
v 0.017568 2.123219 -0.278356
v 0.018784 2.115306 -0.282306
v 0.016162 2.108244 -0.286257
v 0.017032 2.138071 -0.278356
v -0.008575 2.107393 -0.278356
v -0.007877 2.107816 -0.282306
v -0.007170 2.108244 -0.286257
v -0.017215 2.102163 -0.278356
v 0.019590 2.115306 -0.278356
v 0.026207 2.128449 -0.278356
v 0.018635 2.137430 -0.278579
v 0.016869 2.107816 -0.282306
v 0.011231 2.103075 -0.286257
v -0.002239 2.103075 -0.286257
v 0.004496 2.101182 -0.286257
v 0.011640 2.102332 -0.282306
v 0.017568 2.107393 -0.278356
v -0.002647 2.102332 -0.282306
v 0.004496 2.100325 -0.282306
v -0.003051 2.101600 -0.278356
v 0.012043 2.101600 -0.278356
v 0.004496 2.099480 -0.278356
v 0.029566 2.115306 -0.278356
v -0.008039 2.092542 -0.278356
v -0.009643 2.093182 -0.278579
v 0.026207 2.102163 -0.278356
v 0.017032 2.092542 -0.278356
v 0.029840 2.113528 -0.278579
v 0.004496 2.089020 -0.278356
v 0.002801 2.088733 -0.278579
v 0.015699 2.091405 -0.278579
v -0.006708 2.091405 -0.278579
v 0.006191 2.088733 -0.278579
v 0.006069 2.085121 -0.278335
v 0.002923 2.085121 -0.278335
v 0.002923 2.085047 -0.278675
v 0.002801 2.088652 -0.278946
v 0.002923 2.081553 -0.294495
v 0.002801 2.084888 -0.295990
v -0.006746 2.091334 -0.278946
v -0.008535 2.088341 -0.278335
v -0.011261 2.089990 -0.278335
v -0.008572 2.088276 -0.278675
v -0.008540 2.088075 -0.295990
v 0.002801 2.084807 -0.296357
v -0.008580 2.088005 -0.296357
v -0.010237 2.085250 -0.294495
v -0.010273 2.085185 -0.294835
v 0.004496 2.084332 -0.298332
v 0.006191 2.084807 -0.296357
v 0.002923 2.081478 -0.294835
v 0.006069 2.081478 -0.294835
v 0.006069 2.081553 -0.294495
v 0.006191 2.084888 -0.295990
v 0.006069 2.085047 -0.278675
v 0.006191 2.088652 -0.278946
v 0.017571 2.088005 -0.296357
v 0.017533 2.088075 -0.295990
v 0.019267 2.088481 -0.298332
v 0.019265 2.085185 -0.294835
v 0.019229 2.085250 -0.294495
v 0.015738 2.091334 -0.278946
v 0.017563 2.088276 -0.278675
v 0.017528 2.088341 -0.278335
v 0.020508 2.089782 -0.296357
v 0.024275 2.079386 -0.298987
v 0.030080 2.099819 -0.298332
v 0.038755 2.094567 -0.298987
v 0.004496 2.073828 -0.298987
v -0.010275 2.088481 -0.298332
v 0.039418 2.094166 -0.304258
v 0.024658 2.078691 -0.304258
v 0.044820 2.115306 -0.304258
v 0.004496 2.073026 -0.304258
v 0.044054 2.115306 -0.298987
v 0.039418 2.136446 -0.304258
v -0.015283 2.079386 -0.298987
v -0.015665 2.078691 -0.304258
v 0.038755 2.136044 -0.298987
v 0.024658 2.151921 -0.304258
v -0.029763 2.094567 -0.298987
v -0.030426 2.094166 -0.304258
v 0.034037 2.115306 -0.298332
v 0.024275 2.151227 -0.298987
v 0.004496 2.157586 -0.304258
v -0.021087 2.099819 -0.298332
v -0.035062 2.115306 -0.298987
v -0.035828 2.115306 -0.304258
v 0.030080 2.130793 -0.298332
v 0.004496 2.156783 -0.298987
v -0.015665 2.151921 -0.304258
v -0.029763 2.136044 -0.298987
v -0.030426 2.136446 -0.304258
v -0.015283 2.151227 -0.298987
v 0.019267 2.142130 -0.298332
v -0.021087 2.130793 -0.298332
v -0.010275 2.142130 -0.298332
v 0.004496 2.146281 -0.298332
v 0.017571 2.142607 -0.296357
v 0.002801 2.145804 -0.296357
v -0.011516 2.140829 -0.296357
v 0.006191 2.145804 -0.296357
v 0.006069 2.149134 -0.294835
v 0.002923 2.149134 -0.294835
v 0.002923 2.149059 -0.294495
v -0.008580 2.142607 -0.296357
v -0.010273 2.145427 -0.294835
v 0.002801 2.145723 -0.295990
v 0.002923 2.145566 -0.278675
v -0.008540 2.142537 -0.295990
v -0.010237 2.145361 -0.294495
v 0.002801 2.141959 -0.278946
v -0.006746 2.139277 -0.278946
v -0.008572 2.142336 -0.278675
v 0.002801 2.141879 -0.278579
v -0.008535 2.142271 -0.278335
v 0.006191 2.141879 -0.278579
v 0.002923 2.145490 -0.278335
v 0.006069 2.145490 -0.278335
v 0.015699 2.139207 -0.278579
v 0.006191 2.141960 -0.278946
v 0.006069 2.145566 -0.278675
v 0.006069 2.149059 -0.294495
v 0.006191 2.145723 -0.295990
v 0.015738 2.139278 -0.278946
v 0.017528 2.142271 -0.278335
v 0.020253 2.140622 -0.278335
v 0.017563 2.142336 -0.278675
v 0.017533 2.142537 -0.295990
v 0.019229 2.145361 -0.294495
v 0.019265 2.145427 -0.294835
v 0.021991 2.143777 -0.294835
v 0.020508 2.140829 -0.296357
v 0.028839 2.132094 -0.296357
v 0.028772 2.132054 -0.295990
v 0.030534 2.129016 -0.296357
v 0.033223 2.130791 -0.294835
v 0.033584 2.117083 -0.296357
v 0.033507 2.117083 -0.295990
v 0.030467 2.128975 -0.295990
v 0.033161 2.130754 -0.294495
v 0.027359 2.127094 -0.278946
v 0.030276 2.129007 -0.278675
v 0.020469 2.140759 -0.295990
v 0.021954 2.143712 -0.294495
v 0.018675 2.137500 -0.278946
v 0.020289 2.140687 -0.278675
v 0.029917 2.117083 -0.278946
v 0.033356 2.116956 -0.278675
v 0.036688 2.116956 -0.294495
v 0.033284 2.116956 -0.278335
v 0.029840 2.117083 -0.278579
v 0.025664 2.130172 -0.278946
v 0.027292 2.127053 -0.278579
v 0.030214 2.128969 -0.278335
v 0.028702 2.131865 -0.278675
v 0.031588 2.133611 -0.294495
v 0.028641 2.131827 -0.278335
v 0.025596 2.130132 -0.278579
v 0.033284 2.113656 -0.278335
v 0.027292 2.103559 -0.278579
v 0.030214 2.101643 -0.278335
v 0.027359 2.103518 -0.278946
v 0.030276 2.101605 -0.278675
v 0.030467 2.101636 -0.295990
v 0.033161 2.099858 -0.294495
v 0.030534 2.101596 -0.296357
v 0.033223 2.099821 -0.294835
v 0.033584 2.113528 -0.296357
v 0.033507 2.113528 -0.295990
v 0.029917 2.113528 -0.278946
v 0.025596 2.100480 -0.278579
v 0.033356 2.113656 -0.278675
v 0.036688 2.113656 -0.294495
v 0.036759 2.113656 -0.294835
v 0.028641 2.098785 -0.278335
v 0.036759 2.116956 -0.294835
v 0.028839 2.098518 -0.296357
v 0.031650 2.096964 -0.294835
v 0.028772 2.098558 -0.295990
v 0.031588 2.097001 -0.294495
v 0.025664 2.100440 -0.278946
v 0.028702 2.098747 -0.278675
v 0.018635 2.093182 -0.278579
v 0.018675 2.093112 -0.278946
v 0.020469 2.089853 -0.295990
v 0.020253 2.089990 -0.278335
v 0.020289 2.089926 -0.278675
v 0.021954 2.086900 -0.294495
v 0.021991 2.086835 -0.294835
v -0.011477 2.140759 -0.295990
v -0.024592 2.113528 -0.296357
v -0.027767 2.113656 -0.294835
v -0.024232 2.130791 -0.294835
v -0.011261 2.140622 -0.278335
v -0.011296 2.140687 -0.278675
v -0.012963 2.143712 -0.294495
v -0.012999 2.143777 -0.294835
v 0.031650 2.133649 -0.294835
v 0.010491 2.029056 -0.505308
v 0.017040 2.040950 -0.505308
v 0.010491 2.052844 -0.505308
v -0.002609 2.029056 -0.505308
v -0.002609 2.052844 -0.505308
v -0.009158 2.040950 -0.505308
v 0.010491 2.029056 -0.502937
v -0.002609 2.029056 -0.502937
v 0.017040 2.040950 -0.502937
v 0.010491 2.052844 -0.502937
v -0.002609 2.052844 -0.502937
v -0.009158 2.040950 -0.502937
v 0.010491 2.029056 -0.397593
v -0.002609 2.029056 -0.397593
v -0.003654 2.027156 -0.395080
v 0.011536 2.027156 -0.395080
v 0.017040 2.040950 -0.397593
v 0.011758 2.026754 -0.394046
v -0.003876 2.026754 -0.394046
v -0.003876 2.026754 -0.365772
v 0.019132 2.040950 -0.395080
v 0.010491 2.052844 -0.397593
v 0.019574 2.040950 -0.394046
v 0.011758 2.026754 -0.365772
v 0.011536 2.054744 -0.395080
v -0.002609 2.052844 -0.397593
v 0.011758 2.055145 -0.394046
v -0.003654 2.054744 -0.395080
v -0.009158 2.040950 -0.397593
v 0.011589 2.027061 -0.364624
v -0.003706 2.027061 -0.364624
v -0.003293 2.027813 -0.363373
v 0.019574 2.040950 -0.365772
v -0.003876 2.055145 -0.394046
v -0.011249 2.040950 -0.395080
v -0.011693 2.040950 -0.394046
v 0.011175 2.027813 -0.363373
v -0.003123 2.028120 -0.343042
v 0.011758 2.055145 -0.365772
v -0.011693 2.040950 -0.365772
v -0.003876 2.055145 -0.365772
v -0.011354 2.040950 -0.364624
v -0.003706 2.054838 -0.364624
v 0.011589 2.054838 -0.364624
v -0.010526 2.040950 -0.363373
v -0.003293 2.054087 -0.363373
v -0.010189 2.040950 -0.343042
v -0.002890 2.028543 -0.342043
v -0.003123 2.053780 -0.343042
v 0.011175 2.054087 -0.363373
v 0.019236 2.040950 -0.364624
v 0.018408 2.040950 -0.363373
v -0.009722 2.040950 -0.342043
v 0.011006 2.053780 -0.343042
v 0.011006 2.028120 -0.343042
v 0.018071 2.040950 -0.343042
v -0.005725 2.040950 -0.340494
v -0.000892 2.032173 -0.340494
v -0.000892 2.049727 -0.340494
v -0.002890 2.053357 -0.342043
v 0.008774 2.049727 -0.340494
v 0.010773 2.053357 -0.342043
v 0.013607 2.040950 -0.340494
v 0.017605 2.040950 -0.342043
v 0.008774 2.032173 -0.340494
v 0.010773 2.028543 -0.342043
v -0.008770 2.065436 -0.719557
v -0.011345 2.008370 -0.718258
v 0.018704 2.008370 -0.718258
v 0.016130 2.065436 -0.719557
v -0.034605 2.068064 -0.675412
v -0.033027 2.068064 -0.675412
v -0.033027 2.140333 -0.503746
v -0.015136 2.068064 -0.675412
v -0.013829 2.068064 -0.715255
v -0.033027 2.068064 -0.715342
v -0.034605 2.068064 -0.715342
v -0.013829 2.068064 -0.717741
v -0.010307 2.068064 -0.715103
v -0.013199 2.068064 -0.675412
v -0.015136 2.140333 -0.503746
v 0.020558 2.068064 -0.675412
v 0.017666 2.068064 -0.715103
v 0.021188 2.068064 -0.715255
v -0.013199 2.140333 -0.503746
v -0.033027 2.140333 -0.500053
v -0.034605 2.140333 -0.503746
v -0.034605 2.140333 -0.500053
v -0.015136 2.140333 -0.500053
v -0.013199 2.140333 -0.500053
v 0.020558 2.140333 -0.503746
v 0.020558 2.140333 -0.500053
v 0.022495 2.068064 -0.675412
v 0.022495 2.140333 -0.503746
v 0.022495 2.140333 -0.500053
v 0.040385 2.140333 -0.503746
v 0.040385 2.140333 -0.500053
v 0.041964 2.140333 -0.500053
v 0.041964 2.140333 -0.503746
v 0.040385 2.068064 -0.675412
v 0.041964 2.068064 -0.675412
v 0.040385 2.068064 -0.715342
v 0.041964 2.068064 -0.715342
v 0.041964 2.068064 -0.717655
v 0.040385 2.068064 -0.717655
v 0.021188 2.068064 -0.717741
v 0.041964 2.005392 -0.675412
v 0.040385 2.005392 -0.675412
v 0.040385 2.042357 -0.503746
v 0.022495 2.005392 -0.675412
v 0.022495 2.005392 -0.715342
v 0.040385 2.005392 -0.715342
v 0.040385 2.005392 -0.717655
v 0.022495 2.005392 -0.717655
v 0.041964 2.005392 -0.717655
v 0.041964 2.005392 -0.715342
v 0.020558 2.005392 -0.715342
v 0.020558 2.005392 -0.675412
v 0.022495 2.005392 -0.503746
v -0.013199 2.005392 -0.675412
v -0.013199 2.005392 -0.715342
v -0.015136 2.005392 -0.715342
v 0.020558 2.005392 -0.503746
v 0.040385 2.042357 -0.500053
v 0.041964 2.042357 -0.503746
v 0.041964 2.042357 -0.500053
v 0.022495 2.005392 -0.500053
v 0.020558 2.005392 -0.500053
v -0.013200 2.005392 -0.503746
v -0.013200 2.005392 -0.500053
v -0.015136 2.005392 -0.675412
v -0.015136 2.005392 -0.503746
v -0.015136 2.005392 -0.500053
v -0.033027 2.042357 -0.503746
v -0.033027 2.042357 -0.500053
v -0.034605 2.042357 -0.500053
v -0.034605 2.042357 -0.503746
v -0.033027 2.005392 -0.675412
v -0.034605 2.005392 -0.675412
v -0.033027 2.005392 -0.715342
v -0.034605 2.005392 -0.715342
v -0.034605 2.005392 -0.717655
v -0.033027 2.005392 -0.717655
v -0.015136 2.005392 -0.717655
v -0.033187 2.063260 -0.780552
v -0.031819 2.064157 -0.783544
v 0.040545 2.063260 -0.780552
v 0.040545 2.080671 -0.780552
v 0.039178 2.081568 -0.783544
v 0.039178 2.064157 -0.783544
v -0.016327 2.081568 -0.783544
v -0.016327 2.064157 -0.783544
v -0.014650 2.063260 -0.780552
v -0.014650 2.080671 -0.780552
v 0.023686 2.064157 -0.783544
v 0.023686 2.081568 -0.783544
v 0.022010 2.080671 -0.780552
v 0.022010 2.063260 -0.780552
v -0.040297 2.115406 -0.435764
v -0.034252 2.139060 -0.003129
v -0.040297 2.115406 -0.003129
v -0.034252 2.139060 -0.435764
v -0.017737 2.156376 -0.003129
v -0.017737 2.156376 -0.435764
v 0.004824 2.162714 -0.003129
v 0.004824 2.162714 -0.435764
v 0.027383 2.156376 -0.003129
v 0.027383 2.156376 -0.435764
v 0.043899 2.139060 -0.003129
v 0.043899 2.139060 -0.435764
v 0.049944 2.115406 -0.003129
v 0.049944 2.115406 -0.435764
v 0.043899 2.091752 -0.003129
v 0.043899 2.091752 -0.435764
v 0.027383 2.074435 -0.003129
v 0.027383 2.074435 -0.435764
v 0.004824 2.068097 -0.003129
v 0.004824 2.068097 -0.435764
v -0.017737 2.074435 -0.003129
v -0.017737 2.074435 -0.435764
v -0.034252 2.091751 -0.003129
v -0.034252 2.091751 -0.435764
v 0.058133 2.115306 -0.711828
v 0.050946 2.143425 -0.717754
v 0.058133 2.115306 -0.717754
v 0.050946 2.143425 -0.711828
v 0.031314 2.164009 -0.717754
v 0.058133 2.115306 -0.605166
v 0.031314 2.164009 -0.711828
v 0.004496 2.171544 -0.717754
v 0.050946 2.143425 -0.605166
v 0.004496 2.171544 -0.711828
v -0.022322 2.164009 -0.717754
v 0.031314 2.164009 -0.605166
v -0.022322 2.164009 -0.711828
v -0.041954 2.143425 -0.717754
v 0.004496 2.171544 -0.605166
v -0.022322 2.164009 -0.605166
v 0.031314 2.164009 -0.496530
v -0.041954 2.143425 -0.711828
v -0.049140 2.115306 -0.717754
v -0.049140 2.115306 -0.711828
v -0.041954 2.087187 -0.717754
v 0.004496 2.171544 -0.496530
v -0.041954 2.143425 -0.605166
v -0.041954 2.087187 -0.711828
v -0.022322 2.066603 -0.717754
v -0.049140 2.115306 -0.605166
v -0.022322 2.066603 -0.711828
v 0.004496 2.059068 -0.717754
v -0.041954 2.087187 -0.605166
v -0.049140 2.115306 -0.496530
v 0.004496 2.059068 -0.711828
v 0.031314 2.066603 -0.717754
v -0.022322 2.066603 -0.605166
v 0.031314 2.066603 -0.711828
v 0.050946 2.087187 -0.717754
v -0.041954 2.087187 -0.496530
v 0.004496 2.059068 -0.605166
v 0.050946 2.087187 -0.711828
v 0.031314 2.066603 -0.605166
v 0.050946 2.087187 -0.605166
v -0.022322 2.066603 -0.496530
v 0.004496 2.059068 -0.496530
v 0.050946 2.087187 -0.496530
v 0.058133 2.115306 -0.496530
v 0.031314 2.066603 -0.496530
v 0.050946 2.087187 -0.425810
v 0.058133 2.115306 -0.425810
v 0.031314 2.066603 -0.425810
v 0.004496 2.059068 -0.425810
v -0.022322 2.066603 -0.425810
v -0.041954 2.087187 -0.425810
v 0.050946 2.087187 -0.422926
v 0.058133 2.115306 -0.422926
v 0.031314 2.066603 -0.422926
v 0.004496 2.059068 -0.422926
v -0.022322 2.066603 -0.422926
v 0.040769 2.093348 -0.401198
v 0.046380 2.115306 -0.401198
v 0.025438 2.077274 -0.401198
v 0.004496 2.071390 -0.401198
v 0.039418 2.094166 -0.399015
v 0.044820 2.115306 -0.399015
v 0.024658 2.078691 -0.399015
v 0.004496 2.073026 -0.399015
v -0.015665 2.078691 -0.399015
v -0.016447 2.077274 -0.401198
v -0.030426 2.094166 -0.399015
v -0.031777 2.093348 -0.401198
v -0.035828 2.115306 -0.399015
v -0.041954 2.087187 -0.422926
v -0.030426 2.136446 -0.399015
v -0.037389 2.115306 -0.401198
v -0.049140 2.115306 -0.422926
v -0.015665 2.151921 -0.399015
v -0.031777 2.137264 -0.401198
v -0.049140 2.115306 -0.425810
v 0.004496 2.157586 -0.399015
v -0.041954 2.143425 -0.422926
v -0.016447 2.153338 -0.401198
v 0.024658 2.151921 -0.399015
v -0.041954 2.143425 -0.425810
v -0.022322 2.164009 -0.422926
v 0.004496 2.159222 -0.401198
v 0.039418 2.136446 -0.399015
v 0.025438 2.153338 -0.401198
v 0.040769 2.137264 -0.401198
v 0.004496 2.171544 -0.422926
v -0.022322 2.164009 -0.425810
v 0.031314 2.164009 -0.422926
v 0.050946 2.143425 -0.422926
v 0.004496 2.171544 -0.425810
v -0.041954 2.143425 -0.496530
v 0.031314 2.164009 -0.425810
v 0.050946 2.143425 -0.425810
v -0.022322 2.164009 -0.496530
v 0.050946 2.143425 -0.496530
v -0.024514 2.113528 -0.295990
v -0.027695 2.113656 -0.294495
v -0.024364 2.113656 -0.278675
v -0.020925 2.113528 -0.278946
v -0.024292 2.113656 -0.278335
v -0.020848 2.113528 -0.278579
v -0.021475 2.101636 -0.295990
v -0.018367 2.103518 -0.278946
v -0.021542 2.101596 -0.296357
v -0.024170 2.099858 -0.294495
v -0.021284 2.101605 -0.278675
v -0.024232 2.099821 -0.294835
v -0.019847 2.098518 -0.296357
v -0.022658 2.096963 -0.294835
v -0.011516 2.089782 -0.296357
v -0.012999 2.086835 -0.294835
v -0.011477 2.089853 -0.295990
v -0.012962 2.086900 -0.294495
v -0.019780 2.098558 -0.295990
v -0.022596 2.097001 -0.294495
v -0.009683 2.093112 -0.278946
v -0.011296 2.089926 -0.278675
v -0.016672 2.100440 -0.278946
v -0.019710 2.098747 -0.278675
v -0.019649 2.098785 -0.278335
v -0.016604 2.100480 -0.278579
v -0.018300 2.103559 -0.278579
v -0.021222 2.101643 -0.278335
v -0.000699 2.032523 -0.339495
v -0.000699 2.032523 0.005513
v 0.008581 2.032523 0.005513
v 0.008581 2.032523 -0.339495
v 0.013221 2.040950 0.005513
v 0.013222 2.040950 -0.339495
v 0.008581 2.049376 0.005513
v 0.008581 2.049376 -0.339495
v -0.000699 2.049376 0.005513
v -0.000699 2.049376 -0.339495
v -0.005339 2.040950 0.005513
v -0.005339 2.040950 -0.339495
v -0.045665 2.187479 -0.574110
v -0.051673 2.187479 -0.583481
v -0.049898 2.187482 -0.583482
v -0.052770 2.184376 -0.572188
v -0.058774 2.184376 -0.585391
v -0.051657 2.195038 -0.588166
v -0.049883 2.195041 -0.588167
v -0.057489 2.195041 -0.569427
v -0.043890 2.187482 -0.574112
v -0.059264 2.195038 -0.569425
v -0.057474 2.202601 -0.574112
v -0.059249 2.202598 -0.574110
v -0.066366 2.195028 -0.565586
v -0.063481 2.202601 -0.583482
v -0.065256 2.202598 -0.583480
v -0.058753 2.195028 -0.591993
v -0.052738 2.190913 -0.572188
v -0.058742 2.190913 -0.585391
v -0.058776 2.182160 -0.586764
v -0.058752 2.195028 -0.594739
v -0.058738 2.193128 -0.586764
v -0.052735 2.193128 -0.570814
v -0.052774 2.182161 -0.570815
v -0.066367 2.195028 -0.562840
v -0.058778 2.180954 -0.587512
v -0.052777 2.180954 -0.570067
v -0.066369 2.195028 -0.561344
v -0.052734 2.194335 -0.570067
v -0.058751 2.195028 -0.596235
v -0.058736 2.194335 -0.587512
v 0.068278 2.194541 -0.587629
v 0.068265 2.194541 -0.570184
v 0.068237 2.195234 -0.561461
v 0.068221 2.181159 -0.570184
v 0.068263 2.195233 -0.596352
v 0.068235 2.181159 -0.587630
v 0.068262 2.195233 -0.594856
v 0.068275 2.193334 -0.586881
v 0.068237 2.182366 -0.586881
v 0.068263 2.193334 -0.570932
v 0.068224 2.182366 -0.570932
v 0.068238 2.195234 -0.562957
v 0.068260 2.195233 -0.592110
v 0.068238 2.184582 -0.585508
v 0.068271 2.191118 -0.585508
v 0.068261 2.191118 -0.572305
v 0.068239 2.195233 -0.565703
v 0.068228 2.184582 -0.572305
v 0.061136 2.187663 -0.574216
v 0.061143 2.187663 -0.583586
v 0.059361 2.187661 -0.574214
v 0.059369 2.195221 -0.569529
v 0.061158 2.195223 -0.588271
v 0.061166 2.202783 -0.583586
v 0.059369 2.187661 -0.583584
v 0.059384 2.195220 -0.588269
v 0.061144 2.195223 -0.569530
v 0.061158 2.202783 -0.574215
v 0.059384 2.202780 -0.574214
v 0.059392 2.202780 -0.583584
v 0.007085 2.240056 0.070262
v -0.000115 2.248807 0.046952
v -0.000050 2.198091 -0.036949
v 0.022024 2.209770 0.111052
v 0.061130 2.162642 -0.046588
v 0.022024 1.925263 0.111053
v 0.020991 1.898294 0.393943
v 0.055237 2.016030 -0.014655
v 0.061130 1.972365 -0.046585
v 0.061130 2.107117 -0.112166
v 0.061130 2.027933 -0.112165
v 0.055239 2.046318 -0.046587
v 0.055242 2.088718 -0.046588
v -0.000119 1.886099 0.120688
v 0.007195 1.894920 0.120688
v -0.000050 1.936825 -0.036944
v 0.020992 2.041254 0.393942
v 0.055244 2.119006 -0.014657
v 0.018992 1.929016 0.411048
v 0.018984 2.010460 0.411048
v -0.000050 2.027933 -0.147027
v -0.000050 2.107117 -0.147027
v 0.041676 2.067473 -0.300186
v 0.039803 1.927612 -0.125678
v 0.038922 1.927618 -0.012936
v 0.041183 2.067477 -0.118439
v 0.042716 2.201460 -0.118429
v 0.000289 1.918508 -0.114309
v 0.000195 1.918514 -0.001859
v 0.016096 1.918576 0.114413
v 0.016096 2.132515 0.057894
v 0.016096 1.900040 0.057756
v 0.048743 1.900656 -0.012467
v 0.048742 2.227012 -0.141423
v 0.087528 2.165753 -0.245579
v 0.087528 2.093177 -0.245579
v 0.010090 1.684768 0.117089
v 0.010382 1.703086 0.172623
v -0.000077 2.149366 0.057246
v -0.000077 2.243414 -0.113016
v -0.000111 1.887231 0.057163
v -0.000077 1.887661 0.002365
v 0.083225 2.164215 -0.255338
v 0.086227 2.095936 -0.255355
v 0.064921 2.216503 -0.734819
v 0.073758 2.216074 -0.470628
v 0.000085 2.234294 -0.492968
v 0.000085 2.230303 -0.735261
v 0.075299 2.101078 -0.575963
v 0.076403 2.093725 -0.552579
v 0.078235 2.166509 -0.401797
v 0.078646 2.164073 -0.392706
v -0.022197 1.925264 0.110918
v -0.062684 1.972366 -0.046720
v -0.058463 2.016030 -0.014790
v -0.021457 1.898295 0.393808
v -0.007337 2.240056 0.070262
v -0.022197 2.209771 0.110917
v -0.062684 2.162642 -0.046723
v -0.062684 2.107117 -0.112301
v -0.058466 2.088718 -0.046723
v -0.058464 2.046318 -0.046722
v -0.062684 2.027933 -0.112300
v -0.007446 1.894920 0.120688
v -0.021458 2.041254 0.393807
v -0.058467 2.119007 -0.014792
v -0.019243 1.929017 0.411048
v -0.019236 2.010460 0.411048
v -0.041676 2.067473 -0.300186
v -0.038922 1.927618 -0.012936
v -0.039395 1.927611 -0.125677
v -0.041184 2.067477 -0.118439
v -0.042716 2.201461 -0.118429
v -0.016351 1.918576 0.114413
v -0.016351 2.132515 0.057894
v -0.016351 1.900040 0.057756
v -0.048992 1.900656 -0.012467
v -0.048992 2.227012 -0.141423
v -0.087528 2.165753 -0.245579
v -0.087528 2.093177 -0.245579
v -0.010636 1.703086 0.172623
v -0.010344 1.684768 0.117089
v -0.083225 2.164215 -0.255338
v -0.086228 2.095936 -0.255355
v -0.064921 2.216503 -0.734819
v -0.073759 2.216074 -0.470628
v -0.075300 2.101078 -0.575963
v -0.076404 2.093725 -0.552579
v -0.078236 2.166509 -0.401797
v -0.078646 2.164073 -0.392706
v 0.000105 1.937358 -0.137267
v 0.007199 2.165744 0.128159
v 0.013397 2.142660 0.128160
v -0.000114 2.173863 0.128158
v -0.007429 2.165783 0.128158
v -0.013632 2.142733 0.128157
v 0.013384 1.992173 0.128161
v 0.007182 1.969123 0.128160
v -0.000133 1.961042 0.128160
v -0.007446 1.969162 0.128159
v -0.013645 1.992246 0.128158
v 0.000108 2.067502 0.131048
v -0.000012 2.067488 0.136156
v -0.000021 2.041243 0.136156
v 0.000090 2.027939 0.131049
v 0.000090 2.107058 0.131048
v -0.000045 2.018988 0.136156
v -0.000021 2.093729 0.136156
v 0.000040 1.994392 0.131049
v 0.000040 2.140584 0.131048
v -0.000081 2.004112 0.136157
v -0.000045 2.115970 0.136156
v -0.000036 1.971967 0.131050
v -0.000036 2.162977 0.131049
v -0.000124 1.998879 0.136157
v -0.000082 2.130825 0.136156
v -0.000124 1.964079 0.131051
v -0.000125 2.170827 0.131049
v -0.000167 2.004086 0.136158
v -0.000125 2.136033 0.136156
v -0.000213 1.971929 0.131051
v -0.000213 2.162940 0.131050
v -0.000204 2.018941 0.136158
v -0.000168 2.130800 0.136157
v -0.000289 1.994322 0.131052
v -0.000289 2.140515 0.131051
v -0.000228 2.041183 0.136158
v -0.000204 2.115924 0.136158
v -0.000339 2.027848 0.131052
v -0.000339 2.106967 0.131052
v -0.000237 2.067423 0.136158
v -0.000228 2.093669 0.136158
v -0.000357 2.067404 0.131052
v 0.018989 2.067401 0.128161
v -0.019236 2.067505 0.128157
vn 0.9489 -0.0000 -0.3154
vn 0.7792 -0.0000 -0.6268
vn 1.0000 -0.0000 -0.0000
vn 0.9489 -0.0000 0.3154
vn 0.7792 -0.0000 0.6268
vn 0.4566 -0.0000 0.8897
vn -0.0000 -0.0000 1.0000
vn -0.4566 -0.0000 0.8897
vn -0.7792 -0.0000 0.6268
vn -0.9489 -0.0000 0.3154
vn -1.0000 -0.0000 -0.0000
vn -0.9489 -0.0000 -0.3154
vn -0.7792 -0.0000 -0.6268
vn -0.4566 -0.0000 -0.8897
vn -0.0000 -0.0000 -1.0000
vn 0.4566 -0.0000 -0.8897
vn 0.8902 0.3416 -0.3014
vn 0.7196 0.3657 -0.5902
vn 0.7319 0.3643 -0.5759
vn 0.8939 0.3410 -0.2910
vn 0.9431 0.3326 -0.0000
vn 0.8902 0.3416 0.3014
vn 0.8939 0.3410 0.2910
vn 0.7196 0.3657 0.5902
vn 0.7319 0.3643 0.5759
vn 0.4128 0.3942 0.8211
vn 0.4278 0.3933 0.8138
vn -0.0000 0.4075 0.9132
vn -0.4128 0.3942 0.8211
vn -0.4278 0.3933 0.8138
vn -0.7196 0.3657 0.5902
vn -0.7319 0.3643 0.5759
vn -0.8902 0.3416 0.3014
vn -0.8939 0.3410 0.2910
vn -0.9431 0.3326 -0.0000
vn -0.8902 0.3416 -0.3014
vn -0.8939 0.3410 -0.2910
vn -0.7196 0.3657 -0.5902
vn -0.7319 0.3643 -0.5759
vn -0.4128 0.3943 -0.8211
vn -0.4278 0.3933 -0.8138
vn -0.0000 0.4075 -0.9132
vn 0.4128 0.3943 -0.8211
vn 0.4278 0.3933 -0.8138
vn 0.4932 -0.7661 -0.4120
vn 0.6423 -0.7389 -0.2034
vn 0.5133 -0.7630 -0.3928
vn 0.6355 -0.7404 -0.2192
vn 0.6835 -0.7300 -0.0000
vn 0.6423 -0.7390 0.2034
vn 0.6355 -0.7404 0.2192
vn 0.5133 -0.7630 0.3928
vn 0.4932 -0.7661 0.4120
vn 0.2911 -0.7909 0.5382
vn 0.2699 -0.7927 0.5466
vn -0.0000 -0.8038 0.5949
vn -0.2911 -0.7909 0.5382
vn -0.2699 -0.7927 0.5466
vn -0.5133 -0.7630 0.3928
vn -0.4932 -0.7661 0.4120
vn -0.6423 -0.7390 0.2034
vn -0.6355 -0.7404 0.2192
vn -0.6835 -0.7300 -0.0000
vn -0.6423 -0.7390 -0.2034
vn -0.6355 -0.7404 -0.2192
vn -0.5133 -0.7630 -0.3928
vn -0.4932 -0.7661 -0.4120
vn -0.2911 -0.7909 -0.5382
vn -0.2699 -0.7927 -0.5466
vn -0.0000 -0.8038 -0.5949
vn 0.2911 -0.7909 -0.5382
vn 0.2699 -0.7927 -0.5466
vn -0.8046 0.2114 0.5548
vn -0.4762 0.3189 0.8195
vn -0.4941 0.3031 0.8148
vn -0.9596 0.1427 0.2424
vn -0.9472 0.0989 0.3051
vn -0.9872 -0.1594 -0.0000
vn -0.4639 -0.1182 0.8780
vn -0.4664 -0.1179 0.8767
vn -0.4650 -0.1196 0.8772
vn -0.4654 -0.1165 0.8774
vn -0.0000 -0.1123 -0.9937
vn -0.4639 -0.1177 -0.8780
vn -0.4664 -0.1181 -0.8767
vn -0.4651 -0.1170 -0.8775
vn -0.4654 -0.1189 -0.8771
vn -0.9788 -0.2046 -0.0000
vn -0.6596 -0.1559 0.7353
vn -0.6559 -0.1549 0.7388
vn -0.6582 -0.1529 0.7372
vn -0.6575 -0.1580 0.7367
vn -0.3802 0.8103 -0.4460
vn -0.4129 -0.7979 -0.4392
vn -0.3802 0.8103 0.4460
vn -0.4129 -0.7979 0.4392
vn -0.0000 -0.7714 0.6363
vn -0.0000 0.7714 -0.6363
vn -0.3743 -0.6408 -0.6703
vn -0.2757 0.7921 -0.5446
vn -0.3743 -0.6408 0.6703
vn -0.2757 0.7921 0.5446
vn -0.5044 -0.8635 -0.0000
vn -0.5330 0.8461 -0.0000
vn -0.5706 -0.8212 -0.0000
vn -0.6597 -0.1548 -0.7354
vn -0.6558 -0.1557 -0.7387
vn -0.6577 -0.1576 -0.7366
vn -0.6580 -0.1528 -0.7373
vn -0.0000 1.0000 -0.0000
vn -0.0000 0.8465 0.5324
vn -0.0000 0.4171 -0.9089
vn -0.8216 0.2022 -0.5330
vn -0.8227 0.1962 -0.5336
vn -0.9429 0.1185 -0.3111
vn -0.4701 0.3124 -0.8255
vn -0.4825 0.3152 -0.8172
vn -0.0000 -0.7714 -0.6363
vn -0.0000 0.4171 0.9089
vn -0.0000 0.7714 0.6363
vn -0.0000 -0.1123 0.9937
vn -0.0000 0.8465 -0.5324
vn -0.0000 -1.0000 -0.0000
vn 0.8046 0.2114 0.5548
vn 0.4942 0.3031 0.8148
vn 0.4762 0.3189 0.8195
vn 0.9425 0.1138 0.3142
vn 0.9872 -0.1594 -0.0000
vn 0.4638 -0.1182 0.8780
vn 0.4664 -0.1179 0.8767
vn 0.4654 -0.1165 0.8774
vn 0.4650 -0.1196 0.8772
vn 0.4639 -0.1177 -0.8780
vn 0.4663 -0.1181 -0.8767
vn 0.4653 -0.1189 -0.8771
vn 0.4651 -0.1170 -0.8775
vn 0.9788 -0.2046 -0.0000
vn 0.6596 -0.1559 0.7353
vn 0.6559 -0.1549 0.7388
vn 0.6575 -0.1580 0.7367
vn 0.6582 -0.1529 0.7372
vn 0.3802 0.8103 -0.4460
vn 0.4129 -0.7979 -0.4392
vn 0.3802 0.8103 0.4460
vn 0.4129 -0.7979 0.4392
vn 0.3743 -0.6408 -0.6703
vn 0.2757 0.7921 -0.5446
vn 0.3743 -0.6408 0.6703
vn 0.2757 0.7921 0.5446
vn 0.5044 -0.8635 -0.0000
vn 0.5330 0.8461 -0.0000
vn 0.5706 -0.8212 -0.0000
vn 0.6597 -0.1548 -0.7354
vn 0.6558 -0.1557 -0.7387
vn 0.6580 -0.1528 -0.7373
vn 0.6577 -0.1576 -0.7366
vn -0.0000 0.8465 0.5325
vn 0.8091 0.2000 -0.5526
vn 0.9429 0.1185 -0.3111
vn 0.4701 0.3124 -0.8255
vn 0.4825 0.3152 -0.8172
vn -0.0250 -0.9984 -0.0510
vn -0.0000 -0.9985 -0.0547
vn -0.0473 -0.9981 -0.0399
vn 0.0250 -0.9984 -0.0510
vn -0.0632 -0.9978 -0.0221
vn 0.0473 -0.9981 -0.0399
vn -0.0691 -0.9976 -0.0000
vn 0.0633 -0.9978 -0.0221
vn -0.0633 -0.9978 0.0221
vn 0.0691 -0.9976 -0.0000
vn -0.0473 -0.9981 0.0399
vn 0.0633 -0.9978 0.0221
vn -0.0250 -0.9984 0.0510
vn 0.0473 -0.9981 0.0399
vn -0.0000 -0.9985 0.0547
vn 0.0250 -0.9984 0.0510
vn -0.0000 0.9929 -0.1190
vn -0.0543 0.9923 -0.1109
vn 0.0543 0.9923 -0.1109
vn -0.1028 0.9909 -0.0866
vn 0.1028 0.9909 -0.0866
vn -0.1373 0.9894 -0.0478
vn 0.1373 0.9894 -0.0478
vn -0.1499 0.9887 -0.0000
vn 0.1499 0.9887 -0.0000
vn -0.1373 0.9894 0.0479
vn 0.1373 0.9894 0.0479
vn -0.1028 0.9909 0.0867
vn 0.1028 0.9909 0.0867
vn -0.0543 0.9923 0.1109
vn 0.0543 0.9923 0.1109
vn -0.0000 0.9929 0.1190
vn -0.9084 -0.0059 0.4181
vn -0.9199 -0.0511 0.3888
vn -1.0000 0.0008 -0.0002
vn -0.8495 -0.0074 -0.5276
vn -0.8274 0.0588 -0.5586
vn -0.8010 0.0831 -0.5929
vn -0.9672 -0.0779 -0.2418
vn -0.9552 -0.0554 -0.2906
vn -0.9793 -0.0991 -0.1765
vn -0.9764 -0.0857 -0.1981
vn -0.9839 -0.1174 -0.1348
vn -0.9830 -0.1067 -0.1495
vn -0.9856 -0.1348 -0.1021
vn -0.9853 -0.1257 -0.1156
vn -0.9858 -0.1508 -0.0735
vn -0.9858 -0.1501 -0.0758
vn -0.9851 -0.1680 -0.0365
vn -0.9850 -0.1686 -0.0356
vn 0.6807 0.4820 -0.5517
vn -0.9185 -0.1819 -0.3512
vn -0.9995 0.0112 0.0303
vn -0.9996 0.0120 0.0260
vn -0.9999 0.0115 -0.0018
vn -0.9999 0.0115 -0.0017
vn -0.9999 0.0118 -0.0000
vn -0.9999 0.0119 -0.0002
vn -0.9999 0.0118 0.0015
vn -0.9999 0.0119 0.0018
vn -0.9999 0.0114 0.0034
vn -0.9999 0.0117 0.0032
vn -0.9999 0.0108 0.0051
vn -0.9999 0.0108 0.0053
vn -0.9999 0.0099 0.0066
vn -0.9999 0.0100 0.0068
vn -0.9988 0.0483 -0.0069
vn -0.9997 0.0251 0.0019
vn -0.9980 0.0608 -0.0169
vn -0.9980 0.0607 -0.0154
vn -0.4503 0.2722 0.8503
vn -0.4918 0.3636 0.7912
vn -0.8334 0.5414 0.1109
vn -0.8320 0.5443 0.1068
vn -0.8289 0.5139 0.2211
vn -0.8255 0.5170 0.2265
vn -0.7906 0.4950 0.3604
vn -0.7943 0.4966 0.3499
vn -0.7661 0.4610 0.4479
vn -0.7638 0.4594 0.4534
vn -0.7104 0.3976 0.5807
vn -0.7090 0.4087 0.5747
vn -0.5883 0.3713 0.7184
vn -0.6023 0.3614 0.7118
vn -0.4636 0.2631 0.8461
vn -0.5011 0.2831 0.8178
vn -0.4993 0.2295 0.8354
vn 0.8497 -0.0089 -0.5272
vn 0.8014 0.0818 -0.5926
vn 0.8277 0.0574 -0.5582
vn 0.9672 -0.0796 -0.2414
vn 0.9553 -0.0570 -0.2902
vn 0.9792 -0.1008 -0.1761
vn 0.9764 -0.0874 -0.1977
vn 0.9838 -0.1190 -0.1344
vn 0.9829 -0.1084 -0.1491
vn 0.9854 -0.1365 -0.1017
vn 0.9851 -0.1273 -0.1152
vn 0.9856 -0.1525 -0.0731
vn 0.9855 -0.1518 -0.0752
vn 0.9851 -0.1674 -0.0394
vn 0.9848 -0.1703 -0.0352
vn -0.6797 0.4826 -0.5523
vn -0.6770 0.4880 -0.5510
vn 0.9815 -0.1915 -0.0042
vn 0.9183 -0.1835 -0.3508
vn 0.9995 0.0086 0.0303
vn 1.0000 0.0087 -0.0043
vn 0.9996 0.0103 0.0264
vn 0.9995 0.0104 0.0313
vn 1.0000 0.0098 -0.0013
vn 1.0000 0.0099 -0.0011
vn 0.9999 0.0101 0.0004
vn 0.9999 0.0102 0.0002
vn 0.9999 0.0101 0.0020
vn 0.9999 0.0102 0.0022
vn 0.9999 0.0097 0.0038
vn 0.9999 0.0099 0.0038
vn 0.9999 0.0091 0.0055
vn 0.9999 0.0091 0.0058
vn 0.9999 0.0080 0.0073
vn 0.9999 0.0083 0.0072
vn 0.9989 0.0466 -0.0064
vn 0.9997 0.0234 0.0023
vn 0.9981 0.0591 -0.0165
vn 0.9981 0.0590 -0.0150
vn 0.4518 0.2686 0.8507
vn 0.8224 0.5688 -0.0112
vn 0.4921 0.3627 0.7914
vn 0.4552 0.2663 0.8496
vn 0.8329 0.5429 0.1072
vn 0.8345 0.5388 0.1157
vn 0.8297 0.5125 0.2214
vn 0.8263 0.5157 0.2266
vn 0.7913 0.4937 0.3608
vn 0.7950 0.4953 0.3502
vn 0.7667 0.4597 0.4482
vn 0.7644 0.4581 0.4537
vn 0.7108 0.3965 0.5810
vn 0.7094 0.4076 0.5750
vn 0.5886 0.3703 0.7186
vn 0.6026 0.3604 0.7120
vn 0.4637 0.2623 0.8463
vn 0.5012 0.2823 0.8180
vn 0.4994 0.2287 0.8357
vn -0.0007 0.0110 0.9999
vn 0.4835 -0.0000 0.8754
vn -0.0002 -0.0000 1.0000
vn 0.4834 0.0104 0.8753
vn 0.8018 -0.0000 0.5976
vn 0.8019 0.0091 0.5974
vn 0.9558 -0.0000 0.2941
vn 0.9558 0.0082 0.2939
vn 1.0000 -0.0000 0.0004
vn 1.0000 0.0079 0.0003
vn 0.9560 -0.0000 -0.2932
vn 0.9560 0.0082 -0.2932
vn 0.8024 -0.0000 -0.5968
vn 0.8024 0.0091 -0.5967
vn 0.4845 -0.0000 -0.8748
vn 0.4844 0.0104 -0.8748
vn 0.0010 -0.0000 -1.0000
vn 0.0005 0.0110 -0.9999
vn -0.4830 -0.0000 -0.8756
vn -0.4835 0.0103 -0.8753
vn -0.8016 -0.0000 -0.5978
vn -0.8019 0.0090 -0.5974
vn -0.9558 -0.0000 -0.2941
vn -0.9558 0.0081 -0.2939
vn -1.0000 -0.0000 -0.0003
vn -1.0000 0.0079 -0.0004
vn -0.9560 -0.0000 0.2935
vn -0.9560 0.0082 0.2931
vn -0.8021 -0.0000 0.5972
vn -0.8025 0.0091 0.5966
vn -0.4839 -0.0000 0.8751
vn -0.4846 0.0103 0.8747
vn -0.6187 0.7829 0.0649
vn -0.0739 -0.5253 -0.8477
vn -0.8222 0.0092 -0.5691
vn -0.8825 -0.4698 0.0195
vn -0.5939 0.5232 0.6112
vn -0.8675 -0.4966 0.0287
vn -0.6654 0.6407 0.3830
vn -0.9016 -0.4316 -0.0285
vn -0.6657 0.6975 0.2654
vn 0.0745 -0.9151 -0.3962
vn 0.1277 -0.9648 -0.2300
vn 0.1214 -0.9106 -0.3950
vn -0.9370 -0.3338 -0.1033
vn 0.0992 -0.7141 -0.6930
vn -0.9485 -0.2310 -0.2166
vn 0.0946 -0.5097 -0.8551
vn -0.9276 -0.2158 -0.3048
vn 0.1157 -0.6036 -0.7889
vn -0.8990 -0.2314 -0.3718
vn 0.0510 -0.8560 -0.5144
vn -0.8876 -0.2216 -0.4039
vn -0.1252 -0.9762 -0.1771
vn -0.9097 -0.1802 -0.3741
vn -0.3265 -0.9228 0.2045
vn -0.9838 -0.1246 -0.1286
vn -0.3177 -0.7864 0.5297
vn -0.9845 0.0507 0.1681
vn -0.2804 -0.7470 0.6028
vn -0.9571 0.1475 0.2494
vn -0.2994 -0.8039 0.5139
vn -0.9651 0.1552 0.2108
vn -0.3381 -0.8916 0.3013
vn -0.9871 0.1262 0.0980
vn -0.3306 -0.9432 -0.0316
vn -0.9888 0.1201 -0.0890
vn -0.2354 -0.8855 -0.4006
vn -0.9398 0.1501 -0.3070
vn -0.0670 -0.7383 -0.6712
vn -0.8356 0.2396 -0.4944
vn 0.0573 -0.6142 -0.7871
vn -0.7058 0.3280 -0.6279
vn -0.0098 -0.6514 -0.7587
vn -0.6076 0.3538 -0.7111
vn -0.4514 -0.7470 -0.4881
vn -0.6003 0.2932 -0.7441
vn -0.8321 -0.5327 -0.1546
vn -0.5474 0.4146 -0.7270
vn -0.9214 -0.3843 -0.0575
vn -0.5416 0.4935 -0.6805
vn 0.8179 -0.5650 0.1085
vn 0.7874 -0.5971 0.1532
vn 0.7227 -0.6706 0.1676
vn 0.5706 -0.8016 0.1784
vn 0.1724 -0.9246 0.3397
vn -0.0513 -0.7922 0.6081
vn -0.0703 -0.7587 0.6477
vn 0.8255 -0.5597 0.0733
vn -0.0419 -0.8444 0.5340
vn -0.9537 -0.3008 -0.0023
vn 0.8114 -0.5813 0.0614
vn -0.0147 -0.9553 0.2951
vn -0.9655 -0.2557 0.0496
vn 0.8028 -0.5919 0.0725
vn -0.0696 -0.9970 0.0331
vn -0.9486 -0.2421 0.2039
vn 0.7956 -0.5953 0.1120
vn -0.2082 -0.9675 -0.1433
vn -0.7795 -0.2988 0.5505
vn 0.7852 -0.5917 0.1825
vn -0.2228 -0.9360 -0.2725
vn -0.5598 -0.4256 0.7110
vn 0.7559 -0.5934 0.2766
vn -0.1065 -0.9464 -0.3049
vn -0.6437 -0.4526 0.6171
vn 0.8131 -0.5233 0.2549
vn 0.0276 -0.9849 -0.1709
vn -0.8376 -0.3947 0.3778
vn 0.9050 -0.4245 0.0284
vn 0.0877 -0.9942 0.0629
vn -0.9237 -0.3705 0.0975
vn 0.9641 -0.2023 -0.1719
vn -0.0118 -0.9987 0.0498
vn -0.9650 -0.2612 -0.0222
vn -0.1215 -0.9911 -0.0551
vn -0.9644 -0.2637 0.0185
vn 0.9419 -0.3316 -0.0534
vn 0.9638 -0.2606 0.0571
vn 0.9474 -0.3106 -0.0774
vn 0.5467 0.8360 -0.0482
vn 0.5331 0.8455 0.0317
vn -0.6652 0.7436 0.0682
vn 0.8285 -0.2819 -0.4839
vn 0.6445 0.7609 -0.0753
vn 0.5411 -0.1888 -0.8195
vn 0.6116 0.7660 -0.1980
vn -0.5862 0.8100 -0.0154
vn -0.6011 0.7979 -0.0459
vn -0.4460 0.8143 0.3715
vn 0.4351 -0.1439 -0.8888
vn 0.5312 0.7976 -0.2859
vn -0.2161 0.7358 0.6418
vn 0.7333 -0.2409 -0.6358
vn 0.4633 0.8539 -0.2370
vn -0.1452 0.6627 0.7347
vn 0.9410 -0.2795 -0.1908
vn 0.4589 0.8793 -0.1276
vn -0.4112 0.7215 0.5570
vn 0.9696 -0.2211 0.1046
vn 0.5186 0.8469 -0.1177
vn -0.5942 0.7961 0.1147
vn 0.9454 -0.1433 0.2927
vn 0.5393 0.8090 -0.2339
vn -0.5943 0.7607 -0.2611
vn 0.8964 -0.0567 0.4397
vn 0.5573 0.7476 -0.3612
vn -0.5747 0.6238 -0.5296
vn 0.8320 0.0056 0.5547
vn 0.5770 0.7196 -0.3862
vn 0.5260 0.7985 -0.2928
vn 0.6488 -0.0029 0.7609
vn 0.1111 0.9937 0.0175
vn 0.4233 0.0915 0.9013
vn -0.3495 0.8704 0.3467
vn 0.4219 0.1623 0.8920
vn -0.4451 0.7905 0.4208
vn 0.5688 0.3308 0.7530
vn -0.3740 0.8440 0.3844
vn 0.7347 0.4942 0.4647
vn -0.2697 0.9369 0.2223
vn 0.8259 0.5583 0.0782
vn -0.2076 0.9780 -0.0190
vn 0.8231 0.5050 -0.2597
vn -0.2281 0.9433 -0.2413
vn 0.7811 0.4212 -0.4610
vn -0.2766 0.8822 -0.3811
vn 0.7598 0.3776 -0.5292
vn -0.3303 0.8342 -0.4416
vn 0.7917 0.4448 -0.4187
vn -0.3739 0.8278 -0.4183
vn 0.7938 0.6068 -0.0410
vn -0.4386 0.8494 -0.2935
vn 0.6902 0.6399 0.3378
vn -0.4655 0.8829 -0.0624
vn 0.6347 0.5617 0.5307
vn -0.6032 0.7510 0.2685
vn 0.5767 0.4676 0.6699
vn -0.6734 0.4792 0.5629
vn 0.9788 -0.0763 -0.1899
vn -0.6645 0.3654 0.6518
vn 0.5133 0.4557 0.7272
vn 0.9907 -0.0804 -0.1097
vn -0.6375 0.5429 0.5466
vn 0.4826 0.6248 0.6138
vn 0.9870 -0.1280 -0.0976
vn -0.6339 0.6987 0.3315
vn 0.5000 0.8018 0.3273
vn 0.9749 -0.1531 -0.1618
vn 0.5281 0.8335 0.1627
vn 0.9516 -0.1549 -0.2656
vn 0.6962 0.1203 -0.7077
vn 0.5564 0.8077 0.1951
vn 0.6073 0.7349 0.3018
vn 0.3288 0.8997 -0.2870
vn -0.0464 -0.7203 -0.6921
vn 0.9037 -0.4277 -0.0178
vn 0.8216 -0.5700 -0.0016
vn -0.1095 -0.8560 -0.5053
vn -0.9209 -0.0216 -0.3891
vn 0.8100 -0.5688 0.1430
vn -0.9241 -0.1172 -0.3636
vn -0.5794 0.7221 0.3780
vn -0.2216 -0.9690 -0.1095
vn 0.8446 -0.4915 0.2125
vn -0.5261 0.8078 0.2659
vn 0.5987 0.4626 0.6539
vn -0.9623 -0.1266 -0.2407
vn -0.2298 -0.9720 -0.0488
vn 0.8598 -0.4946 0.1270
vn 0.7132 0.5142 0.4765
vn -0.3993 0.9162 -0.0342
vn 0.7651 0.5977 0.2397
vn -0.9710 -0.0413 -0.2357
vn -0.2132 -0.9583 -0.1901
vn 0.8176 -0.5724 -0.0620
vn 0.7357 0.6549 0.1726
vn -0.3478 0.9323 -0.0988
vn -0.9690 -0.0571 -0.2405
vn -0.2568 -0.9661 -0.0255
vn 0.7956 -0.5779 -0.1820
vn 0.6988 0.6651 0.2633
vn -0.4158 0.9087 0.0376
vn -0.9868 -0.1561 0.0429
vn -0.1079 -0.9101 0.4000
vn 0.9313 -0.3397 -0.1312
vn 0.7234 0.6898 0.0308
vn -0.5214 0.8514 0.0571
vn -0.8668 -0.1091 0.4865
vn 0.1263 -0.8940 0.4298
vn 0.9640 -0.1645 0.2087
vn 0.6026 0.5727 -0.5559
vn -0.5558 0.8295 -0.0541
vn -0.9252 -0.1526 0.3475
vn 0.1159 -0.9784 0.1710
vn 0.9756 -0.1351 0.1728
vn 0.5876 0.5977 -0.5455
vn -0.4705 0.8426 -0.2621
vn -0.9412 -0.3168 -0.1172
vn 0.0922 -0.9816 -0.1673
vn 0.9842 -0.0072 -0.1771
vn 0.5717 0.8195 -0.0384
vn -0.5305 0.8085 -0.2549
vn -0.9032 -0.3406 -0.2612
vn 0.1002 -0.8786 -0.4669
vn 0.8929 0.1245 -0.4327
vn 0.3820 0.8877 0.2569
vn -0.6964 0.7176 -0.0051
vn -0.9018 -0.4265 -0.0694
vn 0.0933 -0.7780 -0.6214
vn 0.9027 0.0949 -0.4197
vn 0.3604 0.8613 0.3580
vn -0.7316 0.5484 0.4050
vn -0.8166 -0.5747 0.0545
vn 0.2313 -0.8081 -0.5418
vn 0.9854 0.0154 -0.1693
vn 0.3842 0.8530 0.3534
vn -0.6610 0.3831 0.6452
vn -0.7349 -0.6768 0.0443
vn 0.3455 -0.9017 -0.2598
vn 0.9976 0.0157 -0.0668
vn 0.4094 0.8799 0.2412
vn -0.7246 0.4232 0.5440
vn -0.7549 -0.6558 0.0021
vn 0.3206 -0.9432 -0.0869
vn 0.9837 0.0366 -0.1761
vn 0.3579 0.9239 0.1350
vn -0.8124 0.5308 0.2411
vn -0.7971 -0.6037 0.0104
vn 0.3007 -0.9484 -0.1005
vn 0.9764 0.0384 -0.2127
vn 0.2816 0.9582 0.0494
vn -0.8342 0.5427 0.0979
vn -0.7896 -0.5996 0.1303
vn 0.3671 -0.9257 -0.0911
vn 0.9973 0.0230 0.0701
vn 0.2444 0.9695 -0.0193
vn -0.8226 0.5387 0.1821
vn -0.7612 -0.6320 0.1450
vn 0.3904 -0.9202 0.0274
vn 0.9842 -0.0607 0.1665
vn 0.3008 0.9533 -0.0268
vn -0.8129 0.5543 0.1787
vn -0.7474 -0.6642 -0.0141
vn 0.1956 -0.9512 0.2386
vn 0.9908 -0.0914 0.0995
vn 0.3499 0.9362 -0.0328
vn -0.8153 0.5778 -0.0386
vn -0.8005 -0.5963 -0.0597
vn 0.1452 -0.9414 0.3044
vn 0.9946 -0.0985 0.0321
vn 0.3567 0.9287 -0.1012
vn -0.8023 0.5440 -0.2459
vn -0.8822 -0.4654 0.0720
vn 0.1505 -0.9652 0.2137
vn 0.9878 -0.1183 -0.1009
vn 0.4412 0.8693 -0.2228
vn -0.7454 0.6134 -0.2608
vn -0.9082 -0.4039 0.1100
vn 0.1326 -0.9904 0.0389
vn 0.9378 -0.1306 -0.3217
vn 0.4503 0.8704 -0.1988
vn -0.7156 0.6759 -0.1761
vn -0.9100 -0.3951 0.1256
vn 0.0652 -0.9876 -0.1431
vn 0.8009 -0.0775 -0.5937
vn 0.4271 0.9005 -0.0820
vn -0.7086 0.7051 0.0257
vn -0.8780 -0.4109 0.2454
vn -0.0382 -0.9613 -0.2728
vn 0.6966 -0.0661 -0.7144
vn 0.4132 0.9098 -0.0389
vn -0.6690 0.6752 0.3107
vn -0.7732 -0.4589 0.4377
vn 0.0049 -0.9419 -0.3360
vn 0.8599 -0.1321 -0.4931
vn 0.3862 0.9208 -0.0542
vn -0.5136 0.6289 0.5836
vn -0.6902 -0.5392 0.4825
vn 0.1637 -0.9607 -0.2242
vn 0.9521 -0.1243 -0.2795
vn 0.1326 -0.9882 -0.0761
vn -0.7615 -0.5542 0.3362
vn -0.8648 -0.4435 0.2353
vn -0.4387 0.6262 0.6446
vn 0.4513 0.8862 -0.1050
vn -0.5786 0.6994 0.4197
vn -0.6984 0.6774 0.2310
vn 0.4992 0.8575 -0.1244
vn 0.3992 0.9134 -0.0790
vn -0.0934 0.9762 0.1959
vn -0.1035 0.9757 0.1930
vn -0.0936 0.9761 0.1961
vn -0.1033 0.9755 0.1943
vn -0.7750 -0.0095 -0.6318
vn -0.9478 -0.1978 -0.2502
vn -0.6137 -0.0439 -0.7883
vn 0.0284 0.8270 -0.5614
vn 0.5742 0.1057 -0.8119
vn 0.9197 -0.3272 -0.2170
vn 0.7296 0.6753 -0.1078
vn 0.5662 0.7427 0.3575
vn 0.6910 0.3855 0.6115
vn 0.6736 0.7197 -0.1680
vn 0.3468 0.7315 0.5870
vn 0.6675 -0.7438 0.0346
vn 0.7394 0.6723 -0.0349
vn 0.0887 -0.9692 0.2299
vn -0.5117 -0.7090 -0.4853
vn 0.7188 -0.6912 0.0741
vn 0.6661 0.7250 -0.1751
vn -0.0000 -0.9991 0.0424
vn 0.7533 -0.6393 0.1544
vn 0.6001 0.4148 -0.6839
vn 0.5599 -0.7085 -0.4297
vn -0.0000 -0.9721 0.2347
vn -0.7485 -0.6624 0.0310
vn -0.9624 -0.2601 -0.0778
vn -0.6833 -0.7295 -0.0308
vn -0.7533 -0.6393 0.1544
vn -0.6999 0.6966 -0.1580
vn -0.0000 -0.8550 -0.5186
vn -0.5599 -0.7085 -0.4297
vn -0.7404 0.6615 -0.1194
vn -0.6661 0.7250 -0.1751
vn -0.0009 0.9784 -0.2067
vn 0.0022 0.9920 -0.1265
vn -0.6001 0.4148 -0.6839
vn -0.0000 0.9720 -0.2348
vn -0.0000 0.5186 -0.8550
vn -0.0000 0.9867 -0.1628
vn -0.0000 0.9145 0.4046
vn -0.6491 0.7513 -0.1194
vn -0.6671 0.6918 0.2766
vn -0.8977 0.2597 0.3560
vn -0.3487 0.5500 0.7589
vn -0.7862 0.2726 0.5546
vn -0.2709 0.8505 0.4508
vn -0.8504 0.2147 0.4804
vn -0.9888 -0.0738 0.1295
vn -0.9459 -0.3100 -0.0961
vn -0.9541 -0.2825 0.0991
vn -0.0280 0.8269 -0.5616
vn -0.3469 0.7314 0.5871
vn -0.5690 0.0944 -0.8169
vn 0.2709 0.8505 0.4508
vn -0.6984 0.3907 0.5997
vn -0.5685 0.7468 0.3450
vn -0.7247 0.6777 -0.1243
vn -0.9197 -0.3120 -0.2384
vn 0.5957 -0.0736 -0.7999
vn 0.7853 0.0157 -0.6189
vn 0.9478 -0.1963 -0.2514
vn 0.2984 -0.7807 -0.5491
vn 0.9573 -0.2796 -0.0737
vn -0.6731 0.7206 -0.1663
vn -0.6741 -0.7380 0.0303
vn -0.7404 0.6714 -0.0315
vn -0.0000 -0.9991 0.0422
vn 0.7432 -0.6684 0.0298
vn -0.7194 -0.6903 0.0767
vn -0.7533 -0.6394 0.1544
vn -0.0000 -0.9721 0.2348
vn 0.6836 -0.7292 -0.0305
vn 0.6999 0.6965 -0.1580
vn 0.7448 0.6568 -0.1179
vn -0.0000 0.9920 -0.1265
vn 0.0006 0.9784 -0.2067
vn 0.6561 0.7468 -0.1086
vn -0.0030 0.9145 0.4046
vn 0.6596 0.6949 0.2865
vn 0.3470 0.5474 0.7615
vn 0.8962 0.2542 0.3637
vn 0.7862 0.2728 0.5544
vn 0.8463 0.2164 0.4868
vn 0.9888 -0.0737 0.1295
vn 0.9538 -0.2822 0.1029
vn 0.9461 -0.3103 -0.0923
vn -0.6332 -0.0000 0.7740
vn -0.9063 0.3942 -0.1523
vn -0.9851 0.0910 -0.1461
vn -0.6165 0.7766 0.1302
vn -0.9219 -0.3656 0.1282
vn -0.3126 0.7444 -0.5900
vn -0.0364 0.9993 0.0077
vn -0.6166 0.7766 0.1296
vn -0.0365 0.9993 0.0077
vn -0.4304 0.3638 0.8261
vn 0.0219 0.7260 0.6873
vn -0.9219 -0.3658 0.1274
vn -0.5640 -0.1051 0.8190
vn -0.5479 -0.8365 0.0072
vn -0.5477 -0.8366 0.0079
vn -0.3518 -0.6254 0.6965
vn -0.2920 0.1608 0.9428
vn -0.1871 0.5204 0.8332
vn 0.3986 0.6185 0.6772
vn -0.3357 -0.0000 0.9420
vn 0.4909 -0.2728 0.8274
vn 0.2860 -0.4769 0.8311
vn -0.1700 0.2808 0.9446
vn -0.5413 0.1856 0.8201
vn 0.1023 0.5424 0.8339
vn -0.1401 0.9811 0.1336
vn 0.4870 0.8734 0.0079
vn 0.4871 0.8733 0.0077
vn -0.1402 0.9810 0.1340
vn 0.1223 0.7983 -0.5897
vn -0.9820 0.1371 0.1298
vn -0.5961 0.7873 -0.1575
vn -0.0000 -0.5532 0.8331
vn -0.0000 0.3252 0.9456
vn -0.0000 -0.9776 0.2106
vn 0.5042 -0.8381 0.2082
vn -0.2860 -0.4769 0.8311
vn -0.5042 -0.8381 0.2081
vn 0.8564 -0.4745 0.2034
vn 0.5641 -0.0000 0.8257
vn -0.0000 -0.6855 0.7281
vn -0.3540 -0.5867 0.7283
vn 0.3540 -0.5867 0.7283
vn -0.5995 -0.3311 0.7286
vn 0.5995 -0.3312 0.7286
vn -0.6847 -0.0000 0.7288
vn -0.8565 -0.4745 0.2034
vn 0.9795 -0.0000 0.2013
vn 0.6847 -0.0000 0.7289
vn -0.4909 -0.2728 0.8274
vn -0.9796 -0.0000 0.2012
vn -0.5995 0.3311 0.7287
vn 0.1702 0.2813 0.9444
vn 0.4909 0.2728 0.8274
vn 0.8565 0.4744 0.2034
vn 0.5995 0.3311 0.7286
vn -0.2921 -0.1609 0.9428
vn -0.5642 -0.0000 0.8256
vn 0.2923 0.1610 0.9427
vn 0.5411 0.1855 0.8203
vn -0.8564 0.4745 0.2035
vn -0.3540 0.5868 0.7283
vn 0.3540 0.5867 0.7283
vn -0.0000 0.6855 0.7281
vn -0.5042 0.8381 0.2081
vn -0.4909 0.2727 0.8274
vn 0.5042 0.8381 0.2082
vn -0.0000 0.9776 0.2106
vn 0.2860 0.4769 0.8311
vn -0.2860 0.4769 0.8311
vn -0.0000 0.5532 0.8331
vn 0.3357 -0.0000 0.9420
vn -0.1697 -0.2805 0.9447
vn -0.5414 -0.1855 0.8201
vn 0.2924 -0.1611 0.9426
vn 0.1700 -0.2808 0.9446
vn 0.4307 -0.3637 0.8259
vn -0.0000 -0.3250 0.9457
vn -0.3695 -0.4230 0.8274
vn -0.1022 -0.5419 0.8342
vn 0.1024 -0.5420 0.8341
vn 0.3695 -0.4229 0.8274
vn 0.7290 0.0218 0.6842
vn -0.7289 0.0217 0.6843
vn -0.9994 -0.0333 0.0073
vn -0.7848 -0.6051 0.1339
vn -0.9994 -0.0333 0.0074
vn -0.7847 -0.6053 0.1337
vn 0.3752 -0.9170 0.1356
vn 0.6568 -0.3379 0.6741
vn -0.6185 0.3666 0.6950
vn 0.8589 -0.5121 0.0067
vn 0.3746 -0.9173 0.1353
vn -0.4133 -0.8980 -0.1508
vn -0.1125 -0.9812 -0.1571
vn 0.8591 -0.5118 0.0075
vn 0.5051 -0.6245 -0.5957
vn -0.0000 -0.6246 0.7809
vn 0.4133 -0.8980 -0.1509
vn -0.7402 -0.3018 -0.6009
vn 0.7402 -0.3016 -0.6009
vn 0.9994 -0.0331 0.0073
vn 0.7847 -0.6054 0.1334
vn 0.7848 -0.6051 0.1339
vn 0.1127 -0.9812 -0.1565
vn -0.3754 -0.9169 0.1358
vn 0.3235 -0.5368 0.7792
vn -0.5050 -0.6246 -0.5957
vn -0.8590 -0.5119 0.0071
vn -0.3751 -0.9170 0.1360
vn -0.8590 -0.5119 0.0076
vn -0.6562 -0.3377 0.6748
vn 0.8136 -0.5629 -0.1457
vn 0.3748 -0.6221 0.6874
vn 0.5522 -0.3053 0.7758
vn 0.6352 -0.3515 0.6877
vn -0.0000 -0.7265 0.6872
vn -0.3235 -0.5368 0.7792
vn 0.8722 -0.4838 0.0721
vn 0.5136 -0.8549 0.0737
vn 0.9975 -0.0000 0.0712
vn -0.0000 -0.9972 0.0745
vn 0.7259 -0.0000 0.6878
vn 0.8722 0.4838 0.0721
vn -0.3748 -0.6222 0.6874
vn -0.5136 -0.8549 0.0736
vn 0.6352 0.3515 0.6877
vn 0.5136 0.8549 0.0736
vn -0.6353 -0.3515 0.6877
vn -0.8722 -0.4838 0.0720
vn 0.6331 -0.0000 0.7741
vn 0.3748 0.6222 0.6874
vn -0.0000 0.9972 0.0745
vn -0.5523 -0.3054 0.7757
vn -0.7259 -0.0000 0.6878
vn -0.9975 -0.0000 0.0713
vn 0.5522 0.3053 0.7758
vn -0.0000 0.7264 0.6872
vn -0.5136 0.8549 0.0736
vn -0.6353 0.3515 0.6877
vn -0.8722 0.4838 0.0720
vn -0.3748 0.6222 0.6873
vn 0.3236 0.5368 0.7792
vn -0.5523 0.3054 0.7757
vn -0.3236 0.5368 0.7792
vn -0.0000 0.6246 0.7810
vn 0.1126 0.9812 -0.1565
vn -0.4134 0.8980 -0.1506
vn -0.8135 0.5630 -0.1461
vn 0.4135 0.8980 -0.1507
vn 0.7399 0.3017 -0.6013
vn -0.7398 0.3019 -0.6013
vn -0.9994 0.0333 0.0074
vn -0.1124 0.9812 -0.1570
vn 0.5049 0.6248 -0.5956
vn -0.7846 0.6053 0.1339
vn 0.3747 0.9172 0.1356
vn 0.8590 0.5120 0.0077
vn -0.7847 0.6053 0.1336
vn 0.3753 0.9169 0.1356
vn 0.8590 0.5119 0.0072
vn -0.3698 0.4231 0.8272
vn 0.6566 0.3379 0.6743
vn 0.3696 0.4230 0.8273
vn -0.7291 -0.0217 0.6840
vn 0.7292 -0.0218 0.6840
vn -0.1022 0.5420 0.8341
vn 0.7848 0.6052 0.1337
vn 0.9994 0.0331 0.0073
vn 0.7847 0.6052 0.1339
vn -0.3753 0.9169 0.1361
vn -0.6562 0.3376 0.6749
vn 0.6181 -0.3664 0.6954
vn -0.8590 0.5119 0.0075
vn -0.3751 0.9170 0.1357
vn -0.8590 0.5119 0.0073
vn -0.5052 0.6248 -0.5954
vn 0.7944 -0.0894 -0.6008
vn 0.8136 0.5629 -0.1457
vn 0.5962 0.7872 -0.1574
vn 0.1399 0.9811 0.1339
vn 0.9849 0.0915 -0.1467
vn 0.6493 -0.4726 -0.5958
vn 0.9064 0.3938 -0.1527
vn 0.6164 0.7767 0.1295
vn 0.9220 -0.3654 0.1277
vn 0.5481 -0.8364 0.0075
vn 0.9219 -0.3658 0.1277
vn 0.5478 -0.8366 0.0077
vn 0.9820 0.1369 0.1299
vn 0.8917 -0.4525 0.0077
vn 0.9819 0.1371 0.1305
vn 0.8918 -0.4524 0.0082
vn 0.6164 0.7767 0.1298
vn 0.0365 0.9993 0.0077
vn 0.0364 0.9993 0.0077
vn -0.0219 0.7258 0.6875
vn 0.4307 0.3637 0.8260
vn 0.1399 0.9811 0.1338
vn 0.5641 -0.1051 0.8190
vn 0.3519 -0.6255 0.6964
vn -0.4870 0.8734 0.0076
vn -0.4870 0.8734 0.0075
vn -0.3989 0.6189 0.6767
vn 0.1873 0.5201 0.8333
vn -0.0218 -0.7258 0.6875
vn 0.5639 0.1053 0.8191
vn 0.3519 0.6254 0.6964
vn 0.9219 0.3657 0.1280
vn 0.5480 0.8365 0.0074
vn 0.9218 0.3659 0.1280
vn 0.5480 0.8365 0.0079
vn 0.9850 -0.0916 -0.1465
vn 0.6495 0.4732 -0.5952
vn 0.9064 -0.3938 -0.1527
vn 0.6163 -0.7768 0.1295
vn 0.6164 -0.7766 0.1298
vn 0.1870 -0.5197 0.8336
vn 0.0365 -0.9993 0.0077
vn 0.3129 -0.7442 -0.5901
vn -0.3987 -0.6186 0.6771
vn 0.3126 0.7443 -0.5902
vn 0.5963 -0.7872 -0.1574
vn -0.1214 -0.7981 -0.5901
vn 0.1401 -0.9811 0.1339
vn -0.4867 -0.8735 0.0072
vn 0.1398 -0.9811 0.1340
vn -0.4870 -0.8734 0.0084
vn 0.5411 -0.1856 0.8202
vn 0.9819 -0.1369 0.1305
vn 0.9820 -0.1370 0.1299
vn 0.6182 0.3663 0.6954
vn 0.8918 0.4523 0.0079
vn 0.8917 0.4526 0.0077
vn 0.7943 0.0896 -0.6008
vn -0.9821 0.1371 0.1294
vn -0.9065 -0.3940 -0.1521
vn -0.3128 -0.7443 -0.5901
vn -0.6494 -0.4730 -0.5955
vn -0.6187 -0.3666 0.6949
vn -0.8919 -0.4522 0.0073
vn -0.8918 -0.4523 0.0073
vn -0.7942 -0.0892 -0.6011
vn -0.1218 0.7982 -0.5900
vn -0.5057 0.8358 0.2137
vn -0.5058 0.8358 0.2134
vn -0.5058 0.8357 0.2140
vn -0.5058 0.8359 0.2134
vn -0.5060 0.8358 0.2130
vn -0.5060 0.8358 0.2131
vn -0.5061 0.8358 0.2128
vn -0.0000 0.9765 0.2157
vn -0.0000 0.9764 0.2159
vn -0.0000 0.9764 0.2158
vn 0.8567 -0.4718 0.2084
vn 0.8567 -0.4719 0.2082
vn 0.8567 -0.4719 0.2081
vn 0.8568 -0.4718 0.2082
vn 0.8569 -0.4716 0.2081
vn 0.8569 -0.4718 0.2078
vn 0.8570 -0.4716 0.2077
vn 0.8570 -0.4718 0.2072
vn 0.4037 -0.6832 -0.6085
vn 0.4037 0.6832 -0.6085
vn 0.7901 -0.0000 -0.6130
vn -0.4037 -0.6832 -0.6085
vn -0.4037 0.6832 -0.6085
vn -0.7901 -0.0000 -0.6130
vn 0.5088 -0.8609 -0.0000
vn -0.5088 -0.8609 -0.0000
vn 0.5088 0.8609 -0.0000
vn -0.5087 0.8609 -0.0000
vn 0.4718 -0.7899 -0.3918
vn -0.4372 -0.7377 -0.5144
vn -0.4718 -0.7899 -0.3918
vn 0.4372 -0.7377 -0.5144
vn 0.9253 -0.0000 -0.3791
vn 0.4977 -0.8452 -0.1948
vn -0.4977 -0.8452 -0.1948
vn -0.5027 -0.8529 0.1411
vn 0.8643 -0.0000 -0.5030
vn 0.4718 0.7899 -0.3918
vn 0.9819 -0.0000 -0.1896
vn 0.5027 -0.8529 0.1410
vn 0.4372 0.7378 -0.5144
vn -0.4718 0.7899 -0.3918
vn 0.4978 0.8452 -0.1947
vn -0.4372 0.7378 -0.5144
vn -0.9254 -0.0000 -0.3791
vn 0.4630 -0.7830 0.4154
vn -0.4629 -0.7830 0.4154
vn -0.4824 -0.8093 0.3351
vn 0.9906 -0.0000 0.1369
vn -0.4977 0.8452 -0.1948
vn -0.8640 -0.0000 -0.5036
vn -0.9818 -0.0000 -0.1898
vn 0.4824 -0.8093 0.3352
vn -0.4953 -0.8411 0.2172
vn 0.5027 0.8529 0.1409
vn -0.9905 -0.0000 0.1372
vn -0.5027 0.8529 0.1410
vn -0.9141 -0.0000 0.4055
vn -0.4629 0.7830 0.4154
vn 0.4630 0.7830 0.4153
vn -0.9462 -0.0000 0.3237
vn -0.4824 0.8093 0.3352
vn -0.9773 -0.0000 0.2119
vn -0.3740 -0.6284 0.6821
vn -0.4953 0.8411 0.2172
vn 0.4823 0.8093 0.3352
vn 0.9142 -0.0000 0.4052
vn 0.9462 -0.0000 0.3236
vn -0.7365 -0.0000 0.6764
vn 0.4954 0.8411 0.2174
vn 0.4954 -0.8411 0.2173
vn 0.9773 -0.0000 0.2117
vn -0.6313 -0.0000 0.7755
vn -0.3158 -0.5287 0.7879
vn -0.3157 0.5286 0.7880
vn -0.3740 0.6284 0.6821
vn 0.3157 0.5285 0.7880
vn 0.3738 0.6283 0.6823
vn 0.6313 -0.0000 0.7756
vn 0.7366 -0.0000 0.6763
vn 0.3158 -0.5286 0.7879
vn 0.3738 -0.6284 0.6822
vn -0.0000 -0.0228 -0.9997
vn -0.0000 0.9802 -0.1979
vn 0.0001 1.0000 -0.0000
vn -0.0000 -0.9944 0.1058
vn 0.4507 -0.8889 0.0818
vn 0.1855 -0.9798 0.0744
vn 0.1827 -0.9830 0.0188
vn 0.4576 -0.8889 0.0232
vn 0.5312 -0.8472 -0.0000
vn -0.1852 -0.9825 0.0217
vn -0.4594 -0.8880 0.0204
vn -0.5312 -0.8472 -0.0000
vn -0.4495 -0.8896 0.0805
vn -0.1835 -0.9801 0.0753
vn -0.9095 -0.0000 -0.4157
vn 0.9095 -0.0000 -0.4156
vn -0.9997 -0.0005 -0.0246
vn -0.9997 -0.0002 -0.0238
vn -0.9997 -0.0000 -0.0225
vn 0.9997 -0.0002 -0.0238
vn 0.9997 -0.0005 -0.0246
vn 0.9997 -0.0000 -0.0225
vn 0.8723 -0.0000 -0.4889
vn -0.8723 -0.0000 -0.4889
vn -0.2296 0.9178 -0.3239
vn -0.2163 0.9325 -0.2893
vn -0.2147 0.9224 -0.3212
vn -0.2341 0.9274 -0.2920
vn 0.4165 -0.8351 -0.3594
vn 0.3853 -0.8607 -0.3327
vn 0.3863 -0.8475 -0.3640
vn 0.4150 -0.8484 -0.3286
vn -0.3923 -0.6777 -0.6219
vn -0.4295 -0.6630 -0.6132
vn -0.3924 -0.6774 -0.6222
vn -0.4297 -0.6597 -0.6166
vn -0.0000 -0.7463 -0.6656
vn 0.9949 -0.0362 -0.0945
vn 0.9948 -0.0358 -0.0954
vn 0.9950 -0.0354 -0.0931
vn 0.9943 -0.0387 -0.0990
vn 0.4353 0.8836 0.1723
vn 0.4224 0.8886 0.1791
vn 0.4233 0.8874 0.1828
vn 0.4351 0.8834 0.1739
vn 0.0934 0.9762 0.1958
vn 0.1038 0.9754 0.1947
vn 0.0936 0.9762 0.1956
vn 0.1041 0.9756 0.1931
vn -0.0008 0.9796 0.2008
vn -0.0002 0.9796 0.2010
vn -0.0000 0.9796 0.2010
vn -0.0009 0.9796 0.2008
vn -0.9948 -0.0363 -0.0947
vn -0.9949 -0.0364 -0.0940
vn -0.9949 -0.0355 -0.0947
vn -0.9948 -0.0377 -0.0944
vn -0.4955 -0.6408 -0.5864
vn -0.5034 -0.6348 -0.5861
vn -0.5031 -0.6365 -0.5845
vn -0.4956 -0.6411 -0.5861
vn 0.3924 -0.6774 -0.6222
vn 0.4296 -0.6595 -0.6168
vn 0.3925 -0.6777 -0.6219
vn 0.4294 -0.6626 -0.6137
vn 0.4955 -0.6411 -0.5861
vn 0.5033 -0.6368 -0.5841
vn 0.5036 -0.6348 -0.5860
vn 0.4955 -0.6407 -0.5865
vn 0.0005 0.9796 0.2009
vn 0.0006 0.9796 0.2009
vn -0.4358 0.8830 0.1744
vn -0.4234 0.8877 0.1806
vn -0.4212 0.8891 0.1791
vn -0.4351 0.8836 0.1731
vn -0.0000 0.8613 -0.5081
vn -0.0000 -0.6996 -0.7145
vn 0.2296 0.9178 -0.3238
vn 0.2162 0.9325 -0.2893
vn 0.2340 0.9274 -0.2919
vn 0.2146 0.9224 -0.3212
vn -0.4166 -0.8350 -0.3594
vn -0.3854 -0.8607 -0.3327
vn -0.4151 -0.8484 -0.3286
vn -0.3863 -0.8475 -0.3640
vn -0.8747 0.4847 -0.0000
vn -0.5154 0.8569 -0.0000
vn -0.5154 0.8570 -0.0000
vn 0.5154 0.8570 -0.0000
vn 0.8747 0.4847 -0.0000
vn 0.8747 -0.4847 -0.0000
vn 0.5154 -0.8570 -0.0000
vn -0.5154 -0.8570 -0.0000
vn -0.5154 -0.8569 -0.0000
vn -0.8747 -0.4847 -0.0000
vn -0.8747 -0.4846 -0.0000
vn 0.7553 -0.0000 -0.6554
vn 0.6614 0.3665 -0.6543
vn 0.3907 0.6496 -0.6522
vn 0.9941 -0.0828 -0.0696
vn -0.0000 0.7591 -0.6510
vn 0.8713 0.4188 -0.2558
vn -0.3907 0.6496 -0.6522
vn 0.4285 0.8979 -0.1006
vn -0.6614 0.3665 -0.6544
vn -0.4285 0.8979 -0.1006
vn 0.4285 0.8979 0.1006
vn -0.7553 -0.0000 -0.6554
vn -0.6614 -0.3665 -0.6544
vn -0.8743 0.4144 -0.2529
vn -0.3907 -0.6496 -0.6522
vn -0.9943 -0.0812 -0.0694
vn -0.0000 -0.7591 -0.6510
vn -0.9941 -0.0827 0.0696
vn 0.3907 -0.6496 -0.6522
vn 0.5154 -0.8569 -0.0000
vn 0.6614 -0.3665 -0.6544
vn 0.9943 -0.0811 0.0694
vn 0.8489 -0.4717 0.2387
vn 0.9716 -0.0000 0.2366
vn 0.4989 -0.8319 0.2428
vn -0.0000 -0.9696 0.2449
vn -0.4990 -0.8319 0.2428
vn 0.7423 -0.4108 0.5294
vn 0.8509 -0.0000 0.5253
vn 0.4348 -0.7220 0.5382
vn -0.0000 -0.8400 0.5426
vn 0.8286 -0.4570 0.3234
vn 0.9473 -0.0000 0.3203
vn 0.4882 -0.8078 0.3302
vn -0.0000 -0.9427 0.3337
vn -0.4882 -0.8078 0.3303
vn -0.4348 -0.7220 0.5382
vn -0.8286 -0.4569 0.3234
vn -0.7423 -0.4108 0.5294
vn -0.9473 -0.0000 0.3204
vn -0.8489 -0.4717 0.2387
vn -0.8286 0.4570 0.3234
vn -0.8509 -0.0000 0.5253
vn -0.9716 -0.0000 0.2366
vn -0.4882 0.8079 0.3302
vn -0.7423 0.4108 0.5294
vn -0.0000 0.9427 0.3336
vn -0.8489 0.4717 0.2387
vn -0.4348 0.7220 0.5382
vn 0.4882 0.8079 0.3302
vn -0.4989 0.8319 0.2428
vn -0.0000 0.8400 0.5426
vn 0.8286 0.4569 0.3234
vn 0.4348 0.7220 0.5382
vn 0.7423 0.4108 0.5294
vn -0.0000 0.9696 0.2449
vn 0.4989 0.8319 0.2428
vn 0.8489 0.4717 0.2387
vn -0.8713 0.4188 0.2558
vn 0.5154 0.8569 -0.0000
vn -0.4285 0.8979 0.1006
vn 0.8742 0.4144 0.2529
vn -0.0000 0.9763 0.2166
vn -0.0000 0.9761 0.2172
vn -0.0000 0.9761 0.2175
vn -0.6165 -0.7766 0.1302
vn -0.0365 -0.9993 0.0077
vn -0.6166 -0.7766 0.1295
vn 0.0219 -0.7258 0.6876
vn -0.4308 -0.3639 0.8258
vn -0.9217 0.3659 0.1284
vn -0.9220 0.3656 0.1279
vn -0.9850 -0.0913 -0.1463
vn -0.5477 0.8367 0.0079
vn -0.5480 0.8364 0.0075
vn -0.6492 0.4732 -0.5955
vn -0.5962 -0.7872 -0.1574
vn 0.1222 -0.7984 -0.5896
vn -0.8135 -0.5629 -0.1461
vn -0.7943 0.0891 -0.6009
vn -0.9820 -0.1370 0.1299
vn -0.8918 0.4524 0.0077
vn -0.1404 -0.9810 0.1339
vn 0.4870 -0.8734 0.0077
vn -0.9820 -0.1372 0.1300
vn -0.8918 0.4523 0.0075
vn -0.1402 -0.9810 0.1341
vn 0.4873 -0.8732 0.0085
vn 0.3989 -0.6183 0.6772
vn -0.1872 -0.5201 0.8334
vn -0.5638 0.1052 0.8192
vn -0.3519 0.6255 0.6963
vn -0.9783 -0.0000 0.2074
vn -0.9785 -0.0000 0.2064
vn -0.9782 -0.0000 0.2075
vn -0.9785 -0.0000 0.2063
vn -0.9787 -0.0000 0.2052
vn -0.9789 -0.0000 0.2043
vn -0.8569 0.4719 0.2076
vn -0.8567 0.4719 0.2081
vn -0.8568 0.4721 0.2076
vn -0.8568 0.4718 0.2080
vn -0.8569 0.4717 0.2081
vn -0.8569 0.4718 0.2078
vn -0.8569 0.4717 0.2076
vn -0.8569 0.4718 0.2077
vn 0.5061 0.8357 0.2131
vn 0.5060 0.8359 0.2128
vn 0.5061 0.8359 0.2124
vn 0.5060 0.8358 0.2133
vn 0.5058 0.8358 0.2137
vn 0.5059 0.8357 0.2137
vn 0.5057 0.8357 0.2142
vn 0.5059 0.8357 0.2136
vn 0.8568 0.4719 0.2080
vn 0.8568 0.4718 0.2080
vn 0.8567 0.4719 0.2082
vn 0.8567 0.4718 0.2083
vn 0.8569 0.4717 0.2078
vn 0.8569 0.4716 0.2082
vn 0.8570 0.4717 0.2074
vn 0.8568 0.4717 0.2083
vn 0.9786 -0.0000 0.2059
vn 0.9786 -0.0000 0.2060
vn 0.9785 -0.0000 0.2064
vn 0.9787 -0.0000 0.2053
vn 0.9789 -0.0000 0.2046
vn 0.5059 -0.8359 0.2128
vn 0.5061 -0.8358 0.2130
vn 0.5061 -0.8359 0.2127
vn 0.5060 -0.8359 0.2128
vn 0.5060 -0.8358 0.2133
vn 0.5059 -0.8358 0.2134
vn 0.5060 -0.8357 0.2136
vn 0.5059 -0.8358 0.2136
vn -0.0000 -0.9766 0.2151
vn -0.0000 -0.9766 0.2152
vn -0.0000 -0.9767 0.2148
vn -0.0000 -0.9765 0.2156
vn -0.5060 -0.8358 0.2130
vn -0.5059 -0.8357 0.2135
vn -0.5058 -0.8359 0.2132
vn -0.5061 -0.8358 0.2128
vn -0.5060 -0.8358 0.2131
vn -0.5060 -0.8357 0.2135
vn -0.5059 -0.8357 0.2138
vn -0.5058 -0.8357 0.2139
vn -0.8568 -0.4718 0.2082
vn -0.8568 -0.4718 0.2083
vn -0.8567 -0.4718 0.2084
vn -0.8568 -0.4719 0.2081
vn -0.8568 -0.4719 0.2080
vn -0.8568 -0.4719 0.2078
vn -0.8569 -0.4719 0.2074
vn -0.5002 -0.8421 0.2017
vn 0.5087 -0.8609 -0.0000
vn 0.5003 -0.8421 0.2015
vn 0.9810 -0.0000 0.1943
vn 0.5087 0.8609 -0.0000
vn 0.5001 0.8421 0.2019
vn -0.5088 0.8609 -0.0000
vn -0.5002 0.8421 0.2018
vn -0.9810 -0.0000 0.1942
vn -0.2548 0.8407 -0.4777
vn -0.6137 0.6979 0.3691
vn -0.2484 0.8512 0.4623
vn -0.9336 0.3156 -0.1695
vn -0.9257 0.3380 0.1696
vn -0.2607 -0.0099 0.9654
vn -0.5953 0.0175 0.8033
vn -0.6163 -0.0017 -0.7875
vn -0.5738 0.7168 -0.3962
vn -0.2686 -0.0054 -0.9632
vn -0.6220 -0.6844 -0.3804
vn -0.2174 -0.8510 -0.4781
vn -0.9307 0.0212 -0.3651
vn -0.6166 -0.6809 0.3951
vn -0.2811 -0.8244 0.4913
vn -0.9148 -0.0092 0.4039
vn -0.9292 -0.3318 -0.1627
vn -0.9148 -0.3546 0.1936
vn -0.9998 0.0111 -0.0161
vn -0.9999 0.0141 -0.0006
vn -0.9998 -0.0075 -0.0169
vn -1.0000 -0.0019 0.0026
vn -0.9999 0.0072 0.0070
vn -0.9998 0.0191 0.0017
vn -0.6108 -0.6851 -0.3969
vn -0.6227 -0.6974 0.3548
vn -0.6183 -0.0130 0.7858
vn -0.5909 0.6933 0.4125
vn -0.6146 -0.0154 -0.7887
vn -0.5963 0.6928 -0.4056
vn 0.6127 0.6826 -0.3984
vn 0.6090 0.6864 0.3975
vn 0.6041 -0.0156 0.7967
vn 0.6121 -0.6909 0.3846
vn 0.6093 -0.0160 -0.7928
vn 0.6121 -0.6910 -0.3845
vn 0.9999 0.0118 0.0007
vn 1.0000 -0.0014 0.0010
vn 1.0000 -0.0017 0.0007
vn 1.0000 -0.0015 0.0005
vn 1.0000 -0.0017 0.0009
vn 0.9999 0.0128 0.0006
vn 0.9292 0.0094 0.3694
vn 0.9257 0.3287 0.1871
vn 0.9233 -0.3361 0.1859
vn 0.9240 -0.3387 -0.1774
vn 0.9338 -0.0032 -0.3578
vn 0.9259 0.3290 -0.1856
vn 0.2512 0.8477 -0.4672
vn 0.2519 0.8474 0.4674
vn 0.6123 0.6908 -0.3846
vn 0.6056 -0.0001 -0.7958
vn 0.2315 -0.0187 0.9727
vn 0.2329 -0.8517 0.4695
vn 0.6122 0.6908 0.3847
vn 0.6055 -0.0001 0.7958
vn 0.2664 -0.0003 -0.9639
vn 0.2316 -0.8519 -0.4698
vn 0.6122 -0.6909 -0.3844
vn 0.6122 -0.6908 0.3846
vn 0.2934 0.9534 -0.0705
vn 0.0011 0.9967 -0.0807
vn 0.0007 1.0000 0.0098
vn 0.3630 0.9233 -0.1254
vn 0.2147 0.9689 -0.1228
vn 0.7644 -0.6445 -0.0181
vn 0.8533 -0.5164 0.0723
vn 0.7459 -0.6655 -0.0272
vn 0.8619 -0.4959 0.1058
vn 0.9424 -0.0019 -0.3346
vn 0.9424 0.0053 -0.3345
vn 0.9424 0.0020 -0.3346
vn 0.9424 -0.0052 -0.3346
vn 0.0002 -0.9999 -0.0123
vn 0.0012 -0.9976 -0.0698
vn 0.0871 -0.9932 -0.0778
vn 0.2291 -0.9628 -0.1436
vn 0.4125 -0.9105 -0.0293
vn 0.8186 0.5724 0.0479
vn 0.8508 0.5240 0.0399
vn 0.7923 0.6072 0.0598
vn 0.9032 0.4290 0.0118
vn 0.9995 0.0007 0.0304
vn 1.0000 -0.0001 -0.0000
vn 1.0000 0.0003 -0.0000
vn 0.9994 -0.0003 0.0335
vn 0.9987 -0.0001 0.0505
vn 0.9985 -0.0002 0.0543
vn 0.9977 0.0008 0.0680
vn 0.9977 0.0001 0.0683
vn 0.9977 -0.0003 0.0683
vn 0.9281 0.2760 -0.2499
vn 0.9282 0.2643 -0.2620
vn 0.9269 0.2742 -0.2563
vn 0.9287 0.2724 -0.2516
vn 0.9280 -0.2746 -0.2519
vn 0.9279 -0.2709 -0.2560
vn 0.9288 -0.2645 -0.2597
vn 0.9276 -0.2759 -0.2517
vn 0.1205 -0.7297 -0.6731
vn 0.1052 -0.7751 -0.6230
vn 0.1085 -0.7903 -0.6031
vn 0.1152 -0.7497 -0.6517
vn 0.2656 -0.0000 -0.9641
vn 0.1047 0.7755 -0.6226
vn 0.1204 0.7301 -0.6727
vn 0.1080 0.7907 -0.6026
vn 0.1150 0.7501 -0.6512
vn 1.0000 -0.0074 0.0066
vn 1.0000 -0.0062 0.0065
vn 0.9999 -0.0127 0.0035
vn 0.9999 -0.0130 0.0035
vn 0.9999 -0.0126 0.0034
vn 0.9999 -0.0120 0.0035
vn 0.2290 -0.9734 0.0016
vn 0.2249 -0.9744 0.0004
vn 0.2249 -0.9744 0.0006
vn 0.2289 -0.9735 0.0014
vn 0.9900 0.0007 0.1409
vn 0.9920 0.0326 0.1216
vn 0.9831 0.0203 0.1821
vn 0.9867 0.0644 0.1490
vn 0.9893 0.0435 0.1394
vn 0.9954 -0.0009 0.0960
vn 0.9474 -0.3032 0.1024
vn 0.9476 -0.3050 0.0952
vn 0.9473 -0.3033 0.1028
vn 0.9476 -0.3050 0.0948
vn 0.0408 0.9932 0.1092
vn 0.0751 0.9964 0.0402
vn 0.0687 0.9963 0.0522
vn 0.0550 0.9973 0.0484
vn 0.1094 0.9940 -0.0087
vn 0.0871 0.9961 0.0133
vn -0.1482 -0.9888 0.0179
vn 0.0327 -0.9974 -0.0641
vn -0.0832 -0.9947 0.0601
vn 0.0254 -0.9992 -0.0314
vn 0.9431 0.0095 -0.3324
vn 0.9781 0.0308 -0.2057
vn 0.9819 0.0340 -0.1865
vn 0.9385 0.0079 -0.3451
vn 0.2461 0.9692 -0.0105
vn 0.2114 0.9774 -0.0089
vn 0.2125 0.9772 -0.0030
vn 0.2459 0.9692 -0.0112
vn 0.9985 0.0439 -0.0333
vn -0.7517 -0.6592 -0.0205
vn -0.8417 -0.5354 0.0707
vn -0.8514 -0.5143 0.1029
vn -0.7334 -0.6792 -0.0291
vn -0.2937 0.9533 -0.0709
vn -0.3606 0.9241 -0.1263
vn -0.2152 0.9689 -0.1217
vn -0.9373 -0.0018 -0.3485
vn -0.9373 0.0050 -0.3485
vn -0.9373 -0.0050 -0.3485
vn -0.9373 0.0019 -0.3485
vn -0.0857 -0.9933 -0.0773
vn -0.2296 -0.9629 -0.1421
vn -0.4148 -0.9095 -0.0256
vn -0.8122 0.5812 0.0511
vn -0.8414 0.5386 0.0439
vn -0.8898 0.4559 0.0196
vn -0.7888 0.6116 0.0616
vn -0.9995 0.0007 0.0329
vn -0.9993 -0.0004 0.0362
vn -0.9983 -0.0002 0.0579
vn -0.9983 -0.0002 0.0590
vn -0.9972 0.0011 0.0746
vn -0.9972 -0.0004 0.0749
vn -0.9213 0.2883 -0.2608
vn -0.9214 0.2771 -0.2725
vn -0.9218 0.2854 -0.2623
vn -0.9204 0.2855 -0.2670
vn -0.9212 -0.2870 -0.2626
vn -0.9212 -0.2832 -0.2669
vn -0.9210 -0.2883 -0.2622
vn -0.9218 -0.2772 -0.2709
vn -0.1246 -0.7308 -0.6711
vn -0.1092 -0.7743 -0.6233
vn -0.1194 -0.7500 -0.6506
vn -0.1123 -0.7888 -0.6043
vn -0.2660 -0.0000 -0.9640
vn -0.1087 0.7747 -0.6229
vn -0.1245 0.7313 -0.6707
vn -0.1192 0.7504 -0.6501
vn -0.1118 0.7892 -0.6039
vn -0.9999 -0.0131 0.0035
vn -0.9999 -0.0118 0.0038
vn -0.9999 -0.0126 0.0034
vn -0.9999 -0.0138 0.0034
vn -0.9999 -0.0120 0.0034
vn -0.2267 -0.9740 0.0010
vn -0.2266 -0.9740 0.0003
vn -0.2266 -0.9740 0.0007
vn -0.2239 -0.9746 0.0005
vn -0.2239 -0.9746 0.0001
vn -0.2238 -0.9746 -0.0001
vn -0.9899 0.0370 0.1368
vn -0.9831 0.0203 0.1819
vn -0.9701 -0.0004 0.2426
vn -0.9869 0.0641 0.1484
vn -0.9894 0.0433 0.1386
vn -0.9954 -0.0008 0.0954
vn -0.9474 -0.3032 0.1024
vn -0.9476 -0.3050 0.0952
vn -0.9476 -0.3050 0.0948
vn -0.9473 -0.3033 0.1028
vn -0.0359 0.9942 0.1010
vn -0.0951 0.9954 0.0087
vn -0.1087 0.9940 -0.0090
vn -0.0672 0.9964 0.0521
vn 0.1490 -0.9887 0.0179
vn -0.0323 -0.9974 -0.0641
vn -0.0252 -0.9992 -0.0312
vn 0.0840 -0.9947 0.0599
vn -0.9431 0.0095 -0.3324
vn -0.9781 0.0308 -0.2057
vn -0.9385 0.0079 -0.3451
vn -0.9819 0.0340 -0.1865
vn -0.2456 0.9693 -0.0104
vn -0.2109 0.9775 -0.0089
vn -0.2454 0.9694 -0.0112
vn -0.2119 0.9773 -0.0030
vn -0.9985 0.0439 -0.0333
vn 0.0001 -0.4512 -0.8924
vn -0.1610 -0.2802 -0.9463
vn 0.0846 -0.4680 -0.8797
vn -0.0845 -0.4678 -0.8798
vn 0.1610 -0.2802 -0.9464
vn -0.0206 -0.7782 -0.6276
vn -0.0198 -0.7760 -0.6304
vn -0.0202 -0.7769 -0.6293
vn -0.0916 -0.8503 -0.5182
vn -0.0192 -0.7821 -0.6228
vn 0.0210 -0.7805 -0.6248
vn 0.0151 -0.7797 -0.6259
vn 0.0076 -0.7794 -0.6265
vn 0.0004 0.3372 0.9414
vn -0.0012 0.3372 0.9414
vn 0.0021 0.3372 0.9414
vn -0.0004 0.3372 0.9414
vn -0.0016 -0.7548 -0.6560
vn 0.0016 -0.7548 -0.6560
vn -0.0000 -0.7521 -0.6590
vn -0.0000 -0.7710 -0.6368
vn -0.0000 1.0000 -0.0010
vn -0.0000 0.8115 0.5844
vn -0.0000 0.8049 0.5934
vn -0.0000 0.7749 0.6320
vn -0.0000 -0.7501 -0.6614
vn -0.0000 -0.7502 -0.6612
vn -0.0000 -0.0320 -0.9995
vn -0.0000 -0.8090 -0.5878
vn -0.0000 -0.9540 -0.3000
vn -0.2227 0.3418 0.9130
vn -0.0470 0.4212 0.9057
vn 0.7661 0.3434 0.5434
vn 0.5644 0.4473 0.6938
vn 0.0417 0.5083 0.8602
vn 0.0001 0.4754 0.8798
vn 0.0588 0.3787 0.9237
vn -0.5016 0.4661 0.7288
vn 0.0306 0.5154 0.8564
vn -0.6362 0.4072 0.6553
vn -0.7603 0.4130 0.5015
vn -0.7745 0.3977 0.4919
vn -0.7569 0.4174 0.5028
vn -0.7760 0.3930 0.4934
vn -0.0487 -0.4094 0.9111
vn -0.0728 -0.3845 0.9203
vn -0.0207 -0.4004 0.9161
vn -0.1880 -0.3137 0.9307
vn -0.0000 -0.4571 0.8894
vn 0.0003 -0.4569 0.8895
vn 0.0714 -0.3823 0.9213
vn 0.2211 -0.2641 0.9388
vn 0.0303 -0.3952 0.9181
vn 0.0458 -0.4214 0.9057
vn 0.7751 0.3935 0.4944
vn 0.7610 0.4162 0.4976
vn 0.7753 0.3962 0.4918
vn 0.7588 0.4179 0.4996
vn 0.7253 -0.4303 0.5374
vn 0.7384 -0.3985 0.5441
vn 0.7246 -0.4321 0.5368
vn 0.7408 -0.3952 0.5431
vn -0.7388 -0.3975 0.5442
vn -0.7350 -0.4216 0.5311
vn -0.7382 -0.3969 0.5455
vn -0.7322 -0.4270 0.5305
vn -0.0000 -0.9624 -0.2716
vn -0.0000 0.9659 0.2588
vn -0.0000 -1.0000 0.0074
vn -0.0000 0.9878 -0.1557
vn -0.0000 0.8627 -0.5058
vn -0.0001 0.8623 -0.5064
vn -0.0086 0.8649 -0.5018
vn 0.0001 0.8623 -0.5064
vn 0.0086 0.8649 -0.5018
vn -0.0000 -0.9497 0.3132
vn -0.4562 0.0002 0.8899
vn -0.4423 -0.1648 0.8816
vn -0.4561 0.0002 0.8899
vn -0.4443 -0.1561 0.8822
vn -0.4449 0.1565 0.8818
vn -0.3840 -0.3455 0.8563
vn -0.4421 0.1653 0.8816
vn -0.3941 -0.3301 0.8577
vn -0.3953 0.3306 0.8570
vn -0.2434 -0.5143 0.8223
vn -0.3828 0.3461 0.8566
vn -0.2798 -0.5031 0.8176
vn -0.2813 0.5036 0.8169
vn 0.0008 -0.5961 0.8029
vn -0.2411 0.5146 0.8228
vn 0.0078 0.3452 0.9385
vn 0.0073 -0.3452 0.9385
vn 0.2410 -0.5145 0.8229
vn 0.0003 0.5961 0.8029
vn 0.2812 -0.5038 0.8168
vn 0.2797 0.5032 0.8176
vn 0.3826 -0.3460 0.8567
vn 0.2433 0.5144 0.8223
vn 0.3952 -0.3305 0.8571
vn 0.3940 0.3301 0.8578
vn 0.4419 -0.1652 0.8817
vn 0.3838 0.3456 0.8563
vn 0.4447 -0.1565 0.8819
vn 0.4442 0.1562 0.8822
vn 0.4560 -0.0001 0.8900
vn 0.4422 0.1649 0.8817
vn 0.7932 -0.0214 0.6086
vn 0.8815 -0.3189 0.3482
vn 0.8338 0.2210 0.5060
vn 0.8970 -0.2855 0.3374
vn 0.6981 0.6046 0.3837
vn 0.7427 -0.3888 0.5452
vn 0.7164 0.5225 0.4623
vn 0.5481 -0.7050 0.4500
vn 0.6047 0.6960 0.3872
vn 0.8479 0.3673 0.3824
vn 0.9494 0.1238 0.2888
vn -0.0313 -0.9033 0.4279
vn 0.4396 0.8483 0.2951
vn 0.2710 -0.9185 0.2878
vn 0.2829 0.9013 0.3280
vn 0.0233 -0.9784 0.2053
vn -0.0766 0.9000 0.4292
vn 0.3923 0.4724 0.7893
vn -0.3926 -0.4721 0.7893
vn 0.0766 -0.8999 0.4292
vn -0.0234 0.9785 0.2051
vn -0.2830 -0.9013 0.3280
vn -0.2710 0.9186 0.2877
vn -0.4473 -0.8857 0.1240
vn 0.0312 0.9033 0.4278
vn -0.6953 -0.7023 0.1529
vn -0.5476 0.7051 0.4505
vn -0.8944 -0.1052 0.4348
vn -0.3775 0.8488 0.3701
vn -0.8476 -0.3587 0.3911
vn -0.9277 0.2590 0.2691
vn -0.7572 -0.5846 0.2913
vn -0.8807 -0.1446 0.4510
vn -0.7903 -0.5192 0.3252
vn -0.8593 0.3617 0.3616
vn -0.9069 -0.0574 0.4174
vt 0.888359 0.823792
vt 0.881684 0.887157
vt 0.881684 0.823792
vt 0.888359 0.887157
vt 0.895348 0.823792
vt 0.895348 0.887157
vt 0.901920 0.823792
vt 0.903287 0.887157
vt 0.909455 0.823792
vt 0.909455 0.887157
vt 0.915842 0.823792
vt 0.915842 0.887157
vt 0.921869 0.823792
vt 0.921869 0.887157
vt 0.927999 0.823792
vt 0.927999 0.887157
vt 0.934299 0.823792
vt 0.934299 0.887157
vt 0.941173 0.823792
vt 0.941173 0.887157
vt 0.948442 0.823792
vt 0.948442 0.887157
vt 0.955532 0.823792
vt 0.955532 0.887157
vt 0.962393 0.823792
vt 0.962393 0.887157
vt 0.968767 0.823792
vt 0.968767 0.887157
vt 0.974794 0.823792
vt 0.974794 0.887157
vt 0.980775 0.823792
vt 0.980775 0.887157
vt 0.986844 0.823792
vt 0.986844 0.887157
vt 0.881684 0.820339
vt 0.888359 0.820339
vt 0.895348 0.820339
vt 0.901710 0.820339
vt 0.909455 0.820339
vt 0.915842 0.820339
vt 0.921869 0.820339
vt 0.927999 0.820339
vt 0.934299 0.820339
vt 0.941173 0.820339
vt 0.948442 0.820339
vt 0.955532 0.820339
vt 0.962393 0.820339
vt 0.968767 0.820339
vt 0.974794 0.820339
vt 0.980775 0.820339
vt 0.986844 0.820339
vt 0.888359 0.891981
vt 0.881684 0.891981
vt 0.895348 0.891981
vt 0.902992 0.891981
vt 0.909455 0.891981
vt 0.915842 0.891981
vt 0.921869 0.891981
vt 0.927999 0.891981
vt 0.934299 0.891981
vt 0.941173 0.891981
vt 0.948442 0.891981
vt 0.955532 0.891981
vt 0.962393 0.891981
vt 0.968767 0.891981
vt 0.974794 0.891981
vt 0.980775 0.891981
vt 0.986844 0.891981
vt 0.805600 0.462710
vt 0.800567 0.463899
vt 0.800591 0.446232
vt 0.804627 0.444364
vt 0.817790 0.458894
vt 0.812333 0.433476
vt 0.947405 0.901106
vt 0.923134 0.915807
vt 0.923134 0.901106
vt 0.947405 0.915807
vt 0.909525 0.977160
vt 0.886054 0.970115
vt 0.909525 0.970115
vt 0.886054 0.977160
vt 0.901297 0.934892
vt 0.877169 0.925616
vt 0.901297 0.925616
vt 0.877169 0.934892
vt 0.909525 0.952092
vt 0.886054 0.944963
vt 0.909525 0.944963
vt 0.886054 0.952092
vt 0.947405 0.925324
vt 0.923134 0.925325
vt 0.877169 0.915604
vt 0.901297 0.901375
vt 0.901297 0.915604
vt 0.877169 0.901375
vt 0.908784 0.915604
vt 0.908784 0.925616
vt 0.871090 0.925616
vt 0.871090 0.915604
vt 0.916115 0.925325
vt 0.916115 0.915807
vt 0.953676 0.915807
vt 0.953676 0.925324
vt 0.947405 0.935094
vt 0.953676 0.935094
vt 0.908784 0.934892
vt 0.916633 0.944963
vt 0.916633 0.952092
vt 0.877583 0.952092
vt 0.877583 0.944963
vt 0.916633 0.970115
vt 0.916633 0.977160
vt 0.877583 0.977160
vt 0.877583 0.970115
vt 0.871090 0.901375
vt 0.908784 0.901375
vt 0.916115 0.901106
vt 0.953676 0.901106
vt 0.959292 0.466755
vt 0.968263 0.471132
vt 0.959293 0.471134
vt 0.966635 0.466753
vt 0.974931 0.465382
vt 0.970552 0.463376
vt 0.974928 0.450602
vt 0.970549 0.450602
vt 0.970594 0.503082
vt 0.974991 0.488307
vt 0.974973 0.503087
vt 0.970609 0.490309
vt 0.968328 0.482550
vt 0.966696 0.486927
vt 0.959359 0.482539
vt 0.959354 0.486919
vt 0.804529 0.430793
vt 0.793248 0.446222
vt 0.793269 0.430778
vt 0.804511 0.444132
vt 0.728629 0.427840
vt 0.735944 0.445519
vt 0.728602 0.445508
vt 0.735972 0.427852
vt 0.741001 0.429055
vt 0.753180 0.432906
vt 0.747649 0.458309
vt 0.739974 0.447398
vt 0.871090 0.934892
vt 0.793224 0.463889
vt 0.916115 0.935094
vt 0.923134 0.935094
vt 0.728578 0.460952
vt 0.739858 0.447630
vt 0.739838 0.460969
vt 0.972037 0.955514
vt 0.984460 0.960081
vt 0.976842 0.960081
vt 0.972037 0.942928
vt 0.984460 0.942928
vt 0.965918 0.939472
vt 0.965918 0.922165
vt 0.972037 0.918709
vt 0.984460 0.918709
vt 0.972037 0.906123
vt 0.976842 0.901556
vt 0.984460 0.901556
vt 0.953208 0.950780
vt 0.931376 0.947609
vt 0.947015 0.947609
vt 0.931376 0.950780
vt 0.953208 0.965859
vt 0.931376 0.965859
vt 0.947015 0.969030
vt 0.931376 0.969030
vt 1.805600 0.462710
vt 1.800591 0.446232
vt 1.800567 0.463899
vt 1.804627 0.444364
vt 1.817790 0.458894
vt 1.812333 0.433476
vt 1.947405 0.901106
vt 1.923134 0.915807
vt 1.947405 0.915807
vt 1.923134 0.901106
vt 1.909525 0.977160
vt 1.886054 0.970115
vt 1.886054 0.977160
vt 1.909525 0.970115
vt 1.901297 0.934892
vt 1.877169 0.925616
vt 1.877169 0.934892
vt 1.901297 0.925616
vt 1.909525 0.952092
vt 1.886054 0.944963
vt 1.886054 0.952092
vt 1.909525 0.944963
vt 1.947405 0.925324
vt 1.923134 0.925325
vt 1.877169 0.915604
vt 1.901297 0.901375
vt 1.877169 0.901375
vt 1.901297 0.915604
vt 1.908784 0.915604
vt 1.908784 0.925616
vt 1.871090 0.925616
vt 1.871090 0.915604
vt 1.916115 0.925325
vt 1.916115 0.915807
vt 1.953676 0.915807
vt 1.953676 0.925324
vt 1.947405 0.935094
vt 1.953676 0.935094
vt 1.908784 0.934892
vt 1.916633 0.944963
vt 1.916633 0.952092
vt 1.877583 0.952092
vt 1.877583 0.944963
vt 1.916633 0.970115
vt 1.916633 0.977160
vt 1.877583 0.977160
vt 1.877583 0.970115
vt 1.871090 0.901375
vt 1.908784 0.901375
vt 1.916115 0.901106
vt 1.953676 0.901106
vt 1.959292 0.466755
vt 1.959293 0.471134
vt 1.968263 0.471132
vt 1.966635 0.466753
vt 1.974931 0.465382
vt 1.970551 0.463376
vt 1.974928 0.450602
vt 1.970549 0.450602
vt 1.970594 0.503082
vt 1.974973 0.503087
vt 1.974991 0.488307
vt 1.970609 0.490309
vt 1.968328 0.482550
vt 1.966696 0.486927
vt 1.959359 0.482539
vt 1.959354 0.486919
vt 1.793248 0.446222
vt 1.804529 0.430793
vt 1.793269 0.430778
vt 1.804511 0.444132
vt 1.728629 0.427840
vt 1.735944 0.445519
vt 1.735972 0.427852
vt 1.728602 0.445508
vt 1.741001 0.429055
vt 1.747649 0.458309
vt 1.753180 0.432906
vt 1.739974 0.447398
vt 1.871090 0.934892
vt 1.793224 0.463889
vt 1.916115 0.935094
vt 1.923134 0.935094
vt 1.728578 0.460952
vt 1.739858 0.447630
vt 1.739838 0.460969
vt 1.984460 0.960081
vt 1.972037 0.955514
vt 1.976842 0.960081
vt 1.984460 0.942928
vt 1.972037 0.942928
vt 1.965918 0.939472
vt 1.965918 0.922165
vt 1.984460 0.918709
vt 1.972037 0.918709
vt 1.972037 0.906123
vt 1.984460 0.901556
vt 1.976842 0.901556
vt 1.953207 0.950780
vt 1.947015 0.947609
vt 1.931376 0.947609
vt 1.931376 0.950780
vt 1.953207 0.965859
vt 1.931376 0.965859
vt 1.947015 0.969030
vt 1.931376 0.969030
vt 0.828571 0.480949
vt 0.829764 0.485616
vt 0.814165 0.485637
vt 0.825184 0.476995
vt 0.828583 0.490287
vt 0.820120 0.474356
vt 0.825207 0.494250
vt 0.814149 0.473435
vt 0.820150 0.496902
vt 0.808180 0.474372
vt 0.814181 0.497839
vt 0.803123 0.477024
vt 0.808210 0.496918
vt 0.799747 0.480987
vt 0.803146 0.494279
vt 0.798566 0.485658
vt 0.799759 0.490325
vt 0.909344 0.453720
vt 0.907976 0.459108
vt 0.891385 0.453717
vt 0.907979 0.448332
vt 0.904083 0.463679
vt 0.904087 0.443760
vt 0.898257 0.466737
vt 0.898262 0.440700
vt 0.891382 0.467812
vt 0.891387 0.439622
vt 0.884508 0.466734
vt 0.884513 0.440697
vt 0.878682 0.463674
vt 0.878686 0.443755
vt 0.874791 0.459102
vt 0.874793 0.448326
vt 0.873425 0.453714
vt 0.525565 0.042310
vt 0.510791 0.007844
vt 0.512161 0.008663
vt 0.521812 0.042403
vt 0.538141 0.077975
vt 0.530326 0.078193
vt 0.548447 0.116185
vt 0.537017 0.116463
vt 0.556859 0.156555
vt 0.542573 0.156986
vt 0.562845 0.196288
vt 0.546589 0.196541
vt 0.567173 0.242869
vt 0.549666 0.243154
vt 0.550931 0.291208
vt 0.568700 0.290974
vt 0.570035 0.345344
vt 0.551957 0.345582
vt 0.523093 0.345928
vt 0.522327 0.291550
vt 0.521134 0.243575
vt 0.519217 0.196944
vt 0.517525 0.157649
vt 0.515539 0.117031
vt 0.513379 0.078562
vt 0.511676 0.042618
vt 0.509548 0.007831
vt 0.518625 0.345975
vt 0.518076 0.291596
vt 0.517191 0.243627
vt 0.515934 0.196988
vt 0.514742 0.157718
vt 0.513347 0.117084
vt 0.511863 0.078591
vt 0.510605 0.042637
vt 1.525565 0.042310
vt 1.510791 0.007844
vt 1.521812 0.042403
vt 1.538141 0.077975
vt 1.530326 0.078193
vt 1.548447 0.116185
vt 1.537017 0.116463
vt 1.556859 0.156555
vt 1.542573 0.156986
vt 1.562845 0.196288
vt 1.546589 0.196541
vt 1.567173 0.242869
vt 1.549666 0.243154
vt 1.550931 0.291208
vt 1.568700 0.290974
vt 1.570035 0.345344
vt 1.551957 0.345582
vt 1.522327 0.291550
vt 1.523093 0.345928
vt 1.521134 0.243575
vt 1.519217 0.196944
vt 1.517525 0.157649
vt 1.515539 0.117031
vt 1.513379 0.078562
vt 1.511676 0.042618
vt 1.509548 0.007831
vt 1.518076 0.291596
vt 1.518625 0.345975
vt 1.517191 0.243627
vt 1.515934 0.196988
vt 1.514742 0.157718
vt 1.513347 0.117084
vt 1.511863 0.078591
vt 1.510605 0.042637
vt 0.371760 0.769328
vt 0.376807 0.870566
vt 0.371760 0.870566
vt 0.376807 0.769328
vt 0.382500 0.870566
vt 0.382500 0.769328
vt 0.388995 0.870566
vt 0.388995 0.769328
vt 0.396003 0.870566
vt 0.396003 0.769328
vt 0.403011 0.870566
vt 0.403011 0.769328
vt 0.409509 0.870566
vt 0.409509 0.769328
vt 0.415206 0.870566
vt 0.415206 0.769328
vt 0.420256 0.870566
vt 0.420256 0.769328
vt 0.425309 0.870566
vt 0.425309 0.769328
vt 0.431003 0.870566
vt 0.431003 0.769328
vt 0.437499 0.870566
vt 0.437499 0.769328
vt 0.444506 0.870566
vt 0.444506 0.769328
vt 0.451514 0.870566
vt 0.451514 0.769328
vt 0.458010 0.870566
vt 0.458010 0.769328
vt 0.463703 0.870566
vt 0.463703 0.769328
vt 0.468755 0.870566
vt 0.468755 0.769328
vt 0.988880 0.008519
vt 0.981997 0.014683
vt 0.985093 0.010760
vt 0.985807 0.015054
vt 0.989418 0.012894
vt 0.985355 0.023665
vt 0.989462 0.023420
vt 0.985789 0.035019
vt 0.989855 0.034450
vt 0.980733 0.023838
vt 0.981150 0.035180
vt 0.981602 0.044694
vt 0.986288 0.044532
vt 0.982168 0.052750
vt 0.986754 0.052770
vt 0.982214 0.060730
vt 0.986792 0.061071
vt 0.981871 0.069022
vt 0.986672 0.069439
vt 0.981656 0.078267
vt 0.986561 0.078532
vt 0.981940 0.090528
vt 0.986597 0.090472
vt 0.983019 0.108136
vt 0.986723 0.108027
vt 0.984121 0.127964
vt 0.988466 0.127874
vt 0.984605 0.152429
vt 0.989583 0.152342
vt 0.984460 0.174739
vt 0.989691 0.174990
vt 0.983919 0.184738
vt 0.989140 0.184769
vt 0.983632 0.193001
vt 0.988858 0.193029
vt 0.983701 0.200512
vt 0.988954 0.200508
vt 0.984338 0.208911
vt 0.989808 0.208823
vt 0.984383 0.225421
vt 0.990116 0.225894
vt 0.983834 0.244117
vt 0.989473 0.244094
vt 0.983089 0.259163
vt 0.988584 0.259031
vt 0.985529 0.272418
vt 0.990952 0.271881
vt 0.987643 0.285255
vt 0.992214 0.284968
vt 0.973099 0.200500
vt 0.973707 0.207978
vt 0.974814 0.225784
vt 0.976673 0.244432
vt 0.977889 0.259182
vt 0.977802 0.272339
vt 0.978401 0.285614
vt 0.972782 0.193080
vt 0.979201 0.298333
vt 0.988836 0.298512
vt 0.973470 0.184812
vt 0.979722 0.311138
vt 0.989423 0.311012
vt 0.974045 0.175103
vt 0.981278 0.326024
vt 0.989247 0.325743
vt 0.975142 0.151922
vt 0.981464 0.339066
vt 0.988484 0.339561
vt 0.977361 0.127966
vt 0.978034 0.351778
vt 0.987307 0.352449
vt 0.978235 0.108345
vt 0.978030 0.366867
vt 0.987439 0.366610
vt 0.974736 0.091014
vt 0.978179 0.376109
vt 0.986184 0.377221
vt 0.974343 0.078329
vt 0.979315 0.386696
vt 0.987752 0.388624
vt 0.973587 0.069109
vt 0.980501 0.403826
vt 0.989519 0.405948
vt 0.977865 0.433771
vt 0.987401 0.434809
vt 0.970623 0.432992
vt 0.967758 0.402538
vt 0.970062 0.388529
vt 0.963530 0.403842
vt 0.964896 0.433549
vt 0.960758 0.434672
vt 0.970469 0.376691
vt 0.964766 0.390084
vt 0.971250 0.365612
vt 0.962976 0.377341
vt 0.961001 0.391958
vt 0.960571 0.405928
vt 0.956933 0.405948
vt 0.954815 0.434809
vt 0.955524 0.391636
vt 0.958887 0.378231
vt 0.952667 0.378590
vt 0.967534 0.351456
vt 0.962237 0.364967
vt 0.958746 0.365253
vt 0.953886 0.364420
vt 0.967333 0.338793
vt 0.962732 0.351895
vt 0.959490 0.352529
vt 0.954721 0.352449
vt 0.968033 0.326452
vt 0.962736 0.339119
vt 0.959678 0.339593
vt 0.955897 0.339561
vt 0.968146 0.311057
vt 0.963426 0.326435
vt 0.960307 0.325997
vt 0.956661 0.325743
vt 0.968128 0.298193
vt 0.963688 0.310881
vt 0.960535 0.310853
vt 0.956836 0.311012
vt 0.967750 0.285530
vt 0.963430 0.298297
vt 0.960236 0.298487
vt 0.956250 0.298512
vt 0.967290 0.271753
vt 0.962895 0.285123
vt 0.959627 0.284968
vt 0.955056 0.285255
vt 0.962076 0.271470
vt 0.958365 0.271881
vt 0.967626 0.259062
vt 0.960730 0.258969
vt 0.955998 0.259031
vt 0.966662 0.244619
vt 0.961251 0.244417
vt 0.956886 0.244094
vt 0.966236 0.226443
vt 0.961648 0.226546
vt 0.957529 0.225894
vt 0.965681 0.207361
vt 0.961317 0.207833
vt 0.957221 0.208823
vt 0.964992 0.200489
vt 0.960622 0.200494
vt 0.956367 0.200508
vt 0.964884 0.193157
vt 0.960541 0.193125
vt 0.956272 0.193029
vt 0.965088 0.184888
vt 0.960726 0.184861
vt 0.956554 0.184769
vt 0.965465 0.175565
vt 0.961136 0.175495
vt 0.957105 0.174990
vt 0.965286 0.151522
vt 0.960948 0.151790
vt 0.956996 0.152342
vt 0.964329 0.127874
vt 0.959811 0.127817
vt 0.955879 0.127874
vt 0.962522 0.108365
vt 0.957897 0.108168
vt 0.954137 0.108027
vt 0.964095 0.091257
vt 0.958468 0.090923
vt 0.954010 0.090472
vt 0.964413 0.078634
vt 0.958634 0.078759
vt 0.953974 0.078532
vt 0.963973 0.069581
vt 0.958553 0.069785
vt 0.954086 0.069439
vt 0.972261 0.060800
vt 0.958381 0.061352
vt 0.954205 0.061071
vt 0.963333 0.061185
vt 0.970603 0.053122
vt 0.958212 0.053156
vt 0.954168 0.052770
vt 0.962903 0.053373
vt 0.970437 0.044795
vt 0.957763 0.044552
vt 0.953702 0.044532
vt 0.962731 0.044706
vt 0.971280 0.034696
vt 0.957268 0.034450
vt 0.953202 0.035019
vt 0.962606 0.034279
vt 0.972064 0.023699
vt 0.972061 0.009224
vt 0.962576 0.023441
vt 0.956875 0.023420
vt 0.962165 0.011185
vt 0.956831 0.012894
vt 0.961505 0.007925
vt 0.956294 0.008519
vt 0.982620 0.004857
vt 0.979457 0.433556
vt 0.989204 0.432831
vt 0.985423 0.427571
vt 0.980915 0.428223
vt 0.973890 0.432807
vt 0.985536 0.415212
vt 0.975213 0.427542
vt 0.969851 0.431619
vt 0.980817 0.414910
vt 0.987978 0.402627
vt 0.970601 0.426468
vt 0.965168 0.431634
vt 0.975012 0.415134
vt 0.979981 0.402168
vt 0.987243 0.389964
vt 0.965047 0.426486
vt 0.959166 0.432831
vt 0.955385 0.427571
vt 0.970471 0.415591
vt 0.964966 0.415636
vt 0.955497 0.415212
vt 0.974036 0.402745
vt 0.980093 0.390224
vt 0.986006 0.385551
vt 0.965043 0.403461
vt 0.957939 0.402627
vt 0.969796 0.403532
vt 0.974386 0.389622
vt 0.980262 0.385812
vt 0.985929 0.383357
vt 0.965355 0.389254
vt 0.957205 0.389964
vt 0.970150 0.389062
vt 0.974730 0.385432
vt 0.980353 0.382484
vt 0.988584 0.375767
vt 0.965538 0.382359
vt 0.955967 0.385551
vt 0.970375 0.384454
vt 0.974712 0.382201
vt 0.981770 0.374013
vt 0.991235 0.363301
vt 0.965591 0.384350
vt 0.955890 0.383357
vt 0.970397 0.382289
vt 0.974664 0.373545
vt 0.982677 0.363345
vt 0.990468 0.343997
vt 0.964425 0.376386
vt 0.958546 0.375767
vt 0.969673 0.375012
vt 0.975613 0.363830
vt 0.981430 0.344064
vt 0.989824 0.338918
vt 0.965305 0.363760
vt 0.961196 0.363301
vt 0.970448 0.364086
vt 0.976364 0.343219
vt 0.981912 0.338888
vt 0.990416 0.334529
vt 0.967381 0.343105
vt 0.960429 0.343997
vt 0.972041 0.342984
vt 0.976779 0.338628
vt 0.983078 0.334973
vt 0.989643 0.321660
vt 0.967392 0.338565
vt 0.959785 0.338918
vt 0.972353 0.338453
vt 0.978027 0.334653
vt 0.984209 0.321652
vt 0.989599 0.312622
vt 0.968262 0.333668
vt 0.960377 0.334529
vt 0.973510 0.333713
vt 0.978772 0.321010
vt 0.983981 0.313123
vt 0.989883 0.299453
vt 0.967653 0.320868
vt 0.959604 0.321660
vt 0.973805 0.320407
vt 0.978530 0.312240
vt 0.983043 0.300180
vt 0.990589 0.275685
vt 0.967232 0.311300
vt 0.959561 0.312622
vt 0.973482 0.311061
vt 0.978127 0.301356
vt 0.982271 0.274645
vt 0.990319 0.252323
vt 0.968117 0.300270
vt 0.959845 0.299453
vt 0.973539 0.301479
vt 0.977848 0.272659
vt 0.984223 0.250721
vt 0.989909 0.224306
vt 0.968864 0.274281
vt 0.960550 0.275685
vt 0.973680 0.272420
vt 0.978465 0.247199
vt 0.981997 0.226168
vt 0.986348 0.196771
vt 0.967014 0.250033
vt 0.960281 0.252323
vt 0.973317 0.246719
vt 0.979102 0.228961
vt 0.982579 0.197618
vt 0.988237 0.162272
vt 0.965470 0.225810
vt 0.959870 0.224306
vt 0.973189 0.228879
vt 0.978144 0.203380
vt 0.981798 0.160656
vt 0.992224 0.121865
vt 0.969004 0.202300
vt 0.956309 0.196771
vt 0.974039 0.206418
vt 0.977057 0.165011
vt 0.981273 0.120384
vt 0.991481 0.084934
vt 0.967580 0.167956
vt 0.958199 0.162272
vt 0.972474 0.169391
vt 0.975994 0.124360
vt 0.981287 0.085694
vt 0.989812 0.072625
vt 0.967005 0.126306
vt 0.962185 0.121865
vt 0.971413 0.127865
vt 0.976135 0.086918
vt 0.981552 0.072442
vt 0.990572 0.063324
vt 0.967321 0.085742
vt 0.961442 0.084934
vt 0.971681 0.086913
vt 0.976719 0.071783
vt 0.981893 0.062725
vt 0.989885 0.043447
vt 0.967499 0.072065
vt 0.959773 0.072625
vt 0.972181 0.071558
vt 0.977254 0.061084
vt 0.983504 0.041953
vt 0.989166 0.018735
vt 0.968451 0.061981
vt 0.960533 0.063324
vt 0.973139 0.060619
vt 0.977956 0.038565
vt 0.984372 0.018911
vt 0.992697 0.009177
vt 0.980986 0.009638
vt 0.978151 0.019216
vt 0.976925 0.010763
vt 0.973253 0.037749
vt 0.967322 0.040683
vt 0.959846 0.043447
vt 0.972531 0.019225
vt 0.972798 0.010997
vt 0.965596 0.018913
vt 0.959128 0.018735
vt 0.968465 0.010017
vt 0.962658 0.009177
vt 0.688254 0.294789
vt 0.688670 0.304370
vt 0.688574 0.294732
vt 0.688739 0.305002
vt 0.325400 0.678250
vt 0.328137 0.675009
vt 0.324071 0.678741
vt 0.325931 0.678560
vt 0.324690 0.679662
vt 0.323498 0.680533
vt 0.332432 0.687147
vt 0.334815 0.684254
vt 0.334291 0.678029
vt 0.331769 0.687516
vt 0.334493 0.676951
vt 0.323126 0.681035
vt 0.304185 0.712211
vt 0.321624 0.679230
vt 0.322366 0.678938
vt 0.300888 0.709924
vt 0.303775 0.712455
vt 0.300079 0.709269
vt 0.300484 0.710678
vt 0.298808 0.716787
vt 0.295744 0.715514
vt 0.299621 0.709964
vt 0.320896 0.678271
vt 0.321636 0.677577
vt 0.299805 0.708814
vt 0.299177 0.709609
vt 0.296905 0.706721
vt 0.295755 0.715019
vt 0.295701 0.714380
vt 0.312001 0.672170
vt 0.296650 0.707113
vt 0.310815 0.671796
vt 0.296587 0.706507
vt 0.293883 0.712634
vt 0.296321 0.707019
vt 0.293643 0.712997
vt 0.293174 0.713641
vt 0.295569 0.706738
vt 0.292871 0.712126
vt 0.295674 0.706229
vt 0.308236 0.671069
vt 0.308187 0.669939
vt 0.310956 0.671004
vt 0.310848 0.666164
vt 0.313628 0.667441
vt 0.312248 0.671518
vt 0.314156 0.668245
vt 0.324955 0.668507
vt 0.324959 0.667342
vt 0.324943 0.664819
vt 0.313624 0.664838
vt 0.330646 0.665014
vt 0.332611 0.668259
vt 0.331809 0.664918
vt 0.333622 0.668179
vt 0.333178 0.674097
vt 0.328567 0.675751
vt 0.334290 0.674873
vt 0.334393 0.676042
vt 0.297247 0.136470
vt 0.291758 0.142507
vt 0.298330 0.136048
vt 0.291663 0.141858
vt 0.295415 0.144298
vt 0.300408 0.146690
vt 0.303467 0.144507
vt 0.299555 0.134687
vt 0.297357 0.135178
vt 0.297022 0.136059
vt 0.291851 0.139443
vt 0.298479 0.132972
vt 0.297486 0.131776
vt 0.303760 0.143949
vt 0.300235 0.134450
vt 0.333092 0.126464
vt 0.299061 0.132428
vt 0.298475 0.131382
vt 0.331991 0.122978
vt 0.331644 0.122118
vt 0.332751 0.122849
vt 0.333404 0.126166
vt 0.338194 0.120212
vt 0.332379 0.121917
vt 0.331524 0.121950
vt 0.337787 0.120093
vt 0.338520 0.123236
vt 0.332205 0.121440
vt 0.337326 0.119934
vt 0.336246 0.117938
vt 0.330746 0.118579
vt 0.336611 0.117827
vt 0.330279 0.118502
vt 0.295976 0.121850
vt 0.330774 0.118270
vt 0.336209 0.117622
vt 0.336130 0.116930
vt 0.330767 0.117545
vt 0.330272 0.118341
vt 0.330295 0.117471
vt 0.295939 0.118577
vt 0.295961 0.120840
vt 0.294951 0.118498
vt 0.295342 0.120752
vt 0.295559 0.121837
vt 0.292473 0.121730
vt 0.291208 0.119938
vt 0.292818 0.122321
vt 0.287861 0.130328
vt 0.285816 0.129194
vt 0.283620 0.134005
vt 0.288840 0.130873
vt 0.285496 0.136943
vt 0.283410 0.134360
vt 0.285286 0.137342
vt 0.288144 0.138782
vt 0.288030 0.139243
vt 0.292006 0.140056
vt 0.337266 0.117595
vt 0.690724 0.888014
vt 0.688471 0.890606
vt 0.689238 0.896561
vt 0.687230 0.891949
vt 0.687918 0.896357
vt 0.688317 0.889635
vt 0.686844 0.890642
vt 0.684021 0.892865
vt 0.683632 0.891621
vt 0.682766 0.893019
vt 0.683133 0.892017
vt 0.684497 0.895871
vt 0.683220 0.896539
vt 0.684492 0.897173
vt 0.687944 0.897721
vt 0.683850 0.897435
vt 0.680797 0.897829
vt 0.682800 0.899196
vt 0.683680 0.898504
vt 0.680281 0.892829
vt 0.676554 0.897224
vt 0.675337 0.899829
vt 0.678746 0.902438
vt 0.681312 0.902386
vt 0.679558 0.904438
vt 0.683908 0.899617
vt 0.684301 0.898377
vt 0.687730 0.899056
vt 0.687284 0.900346
vt 0.688914 0.898844
vt 0.682541 0.902331
vt 0.688636 0.899948
vt 0.672975 0.901501
vt 0.674649 0.905441
vt 0.672726 0.900877
vt 0.674800 0.899412
vt 0.670085 0.901839
vt 0.670199 0.901172
vt 0.675878 0.897126
vt 0.676296 0.894373
vt 0.672573 0.900483
vt 0.670273 0.900753
vt 0.674465 0.899149
vt 0.668140 0.899870
vt 0.675455 0.897064
vt 0.666860 0.897952
vt 0.667849 0.900216
vt 0.675661 0.894618
vt 0.675262 0.894771
vt 0.667365 0.900790
vt 0.666459 0.898101
vt 0.666735 0.895663
vt 0.669561 0.905982
vt 0.674635 0.892047
vt 0.674205 0.892569
vt 0.673933 0.892898
vt 0.677346 0.888755
vt 0.665819 0.898331
vt 0.664432 0.904008
vt 0.668015 0.907314
vt 0.666286 0.895570
vt 0.667677 0.893551
vt 0.671836 0.891958
vt 0.669547 0.892201
vt 0.667355 0.893275
vt 0.665627 0.895444
vt 0.671911 0.891539
vt 0.669406 0.891800
vt 0.672029 0.890874
vt 0.666846 0.892833
vt 0.669182 0.891164
vt 0.661741 0.899608
vt 0.672773 0.886678
vt 0.674127 0.884847
vt 0.661456 0.894573
vt 0.663640 0.890026
vt 0.659085 0.898990
vt 0.667767 0.887144
vt 0.667985 0.884801
vt 0.662553 0.887677
vt 0.671473 0.884464
vt 0.665458 0.885711
vt 0.665973 0.884754
vt 0.666984 0.884390
vt 0.666503 0.884042
vt 0.667753 0.883738
vt 0.665223 0.881247
vt 0.666560 0.880959
vt 0.670912 0.883621
vt 0.672269 0.883963
vt 0.673185 0.884044
vt 0.672044 0.883462
vt 0.671003 0.880494
vt 0.665391 0.879612
vt 0.671270 0.878775
vt 0.672361 0.880465
vt 0.672338 0.879495
vt 0.663761 0.877736
vt 0.662281 0.881031
vt 0.665017 0.880704
vt 0.663653 0.881326
vt 0.663944 0.881701
vt 0.662725 0.882320
vt 0.665366 0.884448
vt 0.664425 0.885094
vt 0.657480 0.884514
vt 0.658994 0.884773
vt 0.655034 0.884012
vt 0.657401 0.885520
vt 0.657944 0.885648
vt 0.661670 0.886666
vt 0.660700 0.887522
vt 0.661463 0.887800
vt 0.655418 0.887215
vt 0.650440 0.877886
vt 0.650331 0.893709
vt 0.643095 0.890243
vt 0.663240 0.870378
vt 0.674224 0.876096
vt 0.638946 0.887537
vt 0.647875 0.873210
vt 0.638745 0.904901
vt 0.662059 0.865242
vt 0.643174 0.904140
vt 0.647964 0.919605
vt 0.678065 0.869732
vt 0.678237 0.864758
vt 0.650654 0.915851
vt 0.663078 0.927106
vt 0.690943 0.876120
vt 0.693077 0.872329
vt 0.650837 0.904534
vt 0.663532 0.922240
vt 0.679350 0.926377
vt 0.684155 0.879721
vt 0.698424 0.887832
vt 0.702106 0.886825
vt 0.657098 0.913222
vt 0.678357 0.921594
vt 0.693373 0.918208
vt 0.698502 0.901728
vt 0.702019 0.903921
vt 0.691157 0.914086
vt 0.667472 0.916573
vt 0.691652 0.898592
vt 0.687010 0.908197
vt 0.678313 0.914415
vt 0.669863 0.914014
vt 0.679031 0.911617
vt 0.686124 0.905399
vt 0.675742 0.912804
vt 0.676443 0.911692
vt 0.677833 0.911119
vt 0.677627 0.910428
vt 0.683788 0.907978
vt 0.684387 0.906816
vt 0.678846 0.909808
vt 0.676327 0.907381
vt 0.682578 0.907355
vt 0.683628 0.906480
vt 0.677489 0.906820
vt 0.680024 0.905164
vt 0.680994 0.904307
vt 0.676680 0.906464
vt 0.680694 0.904143
vt 0.674157 0.907414
vt 0.676220 0.907418
vt 0.675212 0.907795
vt 0.670695 0.907627
vt 0.673941 0.908090
vt 0.675191 0.907786
vt 0.676348 0.910881
vt 0.675011 0.911169
vt 0.670935 0.908403
vt 0.669756 0.908041
vt 0.668516 0.907879
vt 0.669650 0.908367
vt 0.670568 0.911634
vt 0.669200 0.911629
vt 0.668555 0.912996
vt 0.667073 0.912714
vt 0.666357 0.913689
vt 0.660406 0.912326
vt 0.662357 0.909518
vt 0.657682 0.910254
vt 0.658723 0.909563
vt 0.654256 0.905186
vt 0.656164 0.903879
vt 0.659098 0.907244
vt 0.660025 0.908123
vt 0.661344 0.904710
vt 0.662254 0.905532
vt 0.666531 0.911108
vt 0.667854 0.911454
vt 0.667203 0.907915
vt 0.668456 0.908211
vt 0.659344 0.902431
vt 0.658582 0.901309
vt 0.655310 0.902709
vt 0.659085 0.900974
vt 0.660085 0.901439
vt 0.664377 0.906842
vt 0.662729 0.904594
vt 0.662592 0.905222
vt 0.663246 0.906224
vt 0.661139 0.908894
vt 0.663626 0.905908
vt 0.664501 0.906051
vt 0.658708 0.899975
vt 0.658756 0.895512
vt 0.658147 0.894572
vt 0.657197 0.895959
vt 0.657201 0.894656
vt 0.653709 0.896034
vt 0.653676 0.894560
vt 0.652418 0.895984
vt 0.653079 0.894701
vt 0.653002 0.901968
vt 0.654342 0.900179
vt 0.657673 0.898965
vt 0.659217 0.892857
vt 0.658062 0.900208
vt 0.654727 0.901488
vt 0.654042 0.902151
vt 0.658339 0.893508
vt 0.654156 0.903313
vt 0.652888 0.892610
vt 0.653106 0.893497
vt 0.654287 0.891783
vt 0.653841 0.893072
vt 0.657786 0.892212
vt 0.657393 0.893452
vt 0.660772 0.889704
vt 0.659153 0.889498
vt 0.656280 0.887791
vt 0.660752 0.888611
vt 0.659891 0.888428
vt 0.657037 0.886654
vt 0.656547 0.886478
vt 0.685291 0.904338
vt 0.687047 0.887493
vt 0.687691 0.888243
vt 0.688785 0.897368
vt 0.681395 0.903322
vt 0.681803 0.903401
vt 0.684535 0.905474
vt 0.685134 0.905536
vt 0.659366 0.910780
vt 0.162162 0.327166
vt 0.162339 0.318856
vt 0.159985 0.322933
vt 0.167400 0.327166
vt 0.167048 0.318856
vt 0.169402 0.322933
vt 0.162042 0.328155
vt 0.167810 0.328155
vt 0.158324 0.328155
vt 0.158324 0.327171
vt 0.154570 0.328155
vt 0.154570 0.327171
vt 0.150816 0.328155
vt 0.150816 0.327171
vt 0.147100 0.328155
vt 0.147100 0.327171
vt 0.141023 0.327171
vt 0.141023 0.328155
vt 0.162042 0.363916
vt 0.167810 0.364880
vt 0.167810 0.363916
vt 0.162042 0.364880
vt 0.158324 0.363916
vt 0.162042 0.365179
vt 0.167810 0.365179
vt 0.167810 0.372647
vt 0.158324 0.364880
vt 0.154570 0.363916
vt 0.158324 0.365179
vt 0.162042 0.372647
vt 0.154570 0.364880
vt 0.150816 0.363916
vt 0.154570 0.365179
vt 0.150816 0.364880
vt 0.147100 0.363916
vt 0.162042 0.372944
vt 0.167810 0.372944
vt 0.167810 0.373331
vt 0.158324 0.372647
vt 0.150816 0.365179
vt 0.147100 0.364880
vt 0.141023 0.363916
vt 0.141023 0.364880
vt 0.141023 0.365179
vt 0.147100 0.365179
vt 0.162042 0.373331
vt 0.167810 0.378621
vt 0.154570 0.372647
vt 0.147100 0.372647
vt 0.141023 0.372647
vt 0.141023 0.372944
vt 0.150816 0.372647
vt 0.147100 0.372944
vt 0.150816 0.372944
vt 0.154570 0.372944
vt 0.147100 0.373331
vt 0.141023 0.373331
vt 0.150816 0.373331
vt 0.147100 0.378621
vt 0.141023 0.378621
vt 0.141023 0.378894
vt 0.150816 0.378621
vt 0.154570 0.373331
vt 0.158324 0.372944
vt 0.158324 0.373331
vt 0.147100 0.378894
vt 0.154570 0.378621
vt 0.162042 0.378621
vt 0.158324 0.378621
vt 0.147100 0.380149
vt 0.141023 0.380149
vt 0.150816 0.380149
vt 0.150816 0.378894
vt 0.154570 0.380149
vt 0.154570 0.378894
vt 0.158324 0.380149
vt 0.158324 0.378894
vt 0.162042 0.380149
vt 0.162042 0.378894
vt 0.167810 0.380149
vt 0.167810 0.378894
vt 0.702527 0.306136
vt 0.708040 0.295156
vt 0.701726 0.295197
vt 0.707511 0.305796
vt 0.687422 0.287690
vt 0.675408 0.258477
vt 0.687055 0.287747
vt 0.683704 0.288718
vt 0.684967 0.294887
vt 0.688178 0.294320
vt 0.688329 0.294234
vt 0.685058 0.295221
vt 0.684472 0.294932
vt 0.683366 0.288754
vt 0.672252 0.259660
vt 0.677514 0.290786
vt 0.679944 0.296409
vt 0.679401 0.296655
vt 0.671944 0.259799
vt 0.675236 0.257932
vt 0.675742 0.258547
vt 0.675650 0.257845
vt 0.672092 0.259100
vt 0.671641 0.259266
vt 0.666138 0.261981
vt 0.665934 0.261416
vt 0.677323 0.290836
vt 0.665914 0.262048
vt 0.665662 0.261535
vt 0.662734 0.263297
vt 0.662475 0.262668
vt 0.662073 0.262931
vt 0.662384 0.263505
vt 0.674299 0.291938
vt 0.674053 0.291961
vt 0.676267 0.297702
vt 0.676013 0.297783
vt 0.676122 0.298107
vt 0.676376 0.298023
vt 0.679524 0.297038
vt 0.711408 0.287646
vt 0.715274 0.259147
vt 0.710768 0.287529
vt 0.708352 0.287398
vt 0.708476 0.293984
vt 0.710823 0.292928
vt 0.710994 0.293447
vt 0.708673 0.294530
vt 0.711776 0.293240
vt 0.711578 0.292591
vt 0.708141 0.294230
vt 0.707877 0.287523
vt 0.707758 0.259140
vt 0.701658 0.287648
vt 0.701602 0.294302
vt 0.701261 0.294065
vt 0.707493 0.259135
vt 0.715256 0.258545
vt 0.715532 0.259159
vt 0.715522 0.258549
vt 0.707781 0.258542
vt 0.707463 0.258540
vt 0.701317 0.259223
vt 0.701370 0.258546
vt 0.701205 0.287625
vt 0.700770 0.259249
vt 0.700751 0.258653
vt 0.693416 0.259062
vt 0.693523 0.258456
vt 0.693017 0.258477
vt 0.693018 0.259084
vt 0.698454 0.287643
vt 0.698083 0.287650
vt 0.698559 0.293229
vt 0.698215 0.293118
vt 0.697926 0.293547
vt 0.698487 0.293775
vt 0.701087 0.294591
vt 0.691014 0.303863
vt 0.691039 0.303555
vt 0.719670 0.303008
vt 0.722136 0.304525
vt 0.722368 0.303647
vt 0.719705 0.303344
vt 0.733985 0.306145
vt 0.734310 0.284222
vt 0.733942 0.284226
vt 0.734584 0.306003
vt 0.738376 0.275951
vt 0.738916 0.306021
vt 0.738828 0.275945
vt 0.739295 0.305995
vt 0.746696 0.275846
vt 0.747105 0.305879
vt 0.747148 0.275841
vt 0.747721 0.305875
vt 0.751422 0.284006
vt 0.752017 0.305831
vt 0.751790 0.284002
vt 0.752554 0.305906
vt 0.732889 0.258109
vt 0.732979 0.257490
vt 0.721754 0.286973
vt 0.721622 0.293387
vt 0.721441 0.293960
vt 0.692172 0.308419
vt 0.693288 0.305415
vt 0.692750 0.305586
vt 0.693633 0.308279
vt 0.717982 0.305221
vt 0.718475 0.307627
vt 0.720510 0.306943
vt 0.717460 0.305359
vt 0.680504 0.296991
vt 0.685887 0.304704
vt 0.686184 0.305162
vt 0.684285 0.295624
vt 0.679620 0.307750
vt 0.679117 0.307524
vt 0.682148 0.306962
vt 0.682504 0.306408
vt 0.290435 0.826038
vt 0.290435 0.790614
vt 0.287483 0.790614
vt 0.287483 0.826038
vt 0.284531 0.790614
vt 0.284531 0.826038
vt 0.281579 0.790614
vt 0.281579 0.826038
vt 0.278627 0.790614
vt 0.278627 0.826038
vt 0.275675 0.790614
vt 0.275675 0.826038
vt 0.272723 0.790614
vt 0.272723 0.826038
vt 0.269771 0.790614
vt 0.269771 0.826038
vt 0.266819 0.790614
vt 0.266819 0.826038
vt 0.263867 0.790614
vt 0.263867 0.826038
vt 0.260915 0.790614
vt 0.260915 0.826038
vt 0.257963 0.790614
vt 0.257963 0.826038
vt 0.255011 0.790614
vt 0.255011 0.826038
vt 0.332298 0.524765
vt 0.333034 0.524765
vt 0.333034 0.528737
vt 0.332298 0.528737
vt 0.333034 0.534274
vt 0.319041 0.524763
vt 0.332298 0.534274
vt 0.333034 0.545328
vt 0.319041 0.528737
vt 0.332298 0.545328
vt 0.333034 0.556382
vt 0.319041 0.534274
vt 0.332298 0.556382
vt 0.333034 0.561919
vt 0.319041 0.545328
vt 0.319041 0.556382
vt 0.305539 0.534274
vt 0.332298 0.561919
vt 0.333034 0.565891
vt 0.332298 0.565891
vt 0.333034 0.569740
vt 0.305539 0.545328
vt 0.319041 0.561919
vt 0.332298 0.569740
vt 0.333034 0.573976
vt 0.319041 0.565891
vt 0.332298 0.573976
vt 0.333034 0.578627
vt 0.319041 0.569740
vt 0.305539 0.565891
vt 0.332298 0.578627
vt 0.333034 0.583278
vt 0.319041 0.573976
vt 0.332298 0.583278
vt 0.333034 0.587515
vt 0.305539 0.569740
vt 0.319041 0.578627
vt 0.332298 0.587515
vt 0.333034 0.591364
vt 0.332298 0.591364
vt 0.319041 0.583278
vt 0.319041 0.587515
vt 0.319041 0.591364
vt 0.305539 0.573976
vt 0.305539 0.578627
vt 0.305539 0.587515
vt 0.305539 0.591364
vt 0.305539 0.583278
vt 0.296750 0.587515
vt 0.296750 0.591364
vt 0.296750 0.583278
vt 0.296750 0.578627
vt 0.296750 0.573976
vt 0.296750 0.569740
vt 0.296391 0.587515
vt 0.296391 0.591364
vt 0.296391 0.583278
vt 0.296391 0.578627
vt 0.296391 0.573976
vt 0.293691 0.586824
vt 0.293691 0.590401
vt 0.293691 0.582895
vt 0.293691 0.578627
vt 0.293420 0.586711
vt 0.293420 0.590239
vt 0.293420 0.582834
vt 0.281643 0.586711
vt 0.281643 0.590239
vt 0.281643 0.582834
vt 0.281643 0.578627
vt 0.293420 0.578627
vt 0.281643 0.574421
vt 0.293420 0.574421
vt 0.281643 0.570544
vt 0.293691 0.574359
vt 0.293420 0.570544
vt 0.281643 0.567015
vt 0.293691 0.570430
vt 0.293420 0.567015
vt 0.281643 0.563472
vt 0.296391 0.569740
vt 0.293420 0.563472
vt 0.281643 0.558622
vt 0.293691 0.566854
vt 0.296391 0.565891
vt 0.293420 0.558622
vt 0.281643 0.545328
vt 0.293691 0.563241
vt 0.296750 0.565891
vt 0.293420 0.545328
vt 0.281643 0.532034
vt 0.296391 0.561919
vt 0.293691 0.558259
vt 0.293420 0.532034
vt 0.281643 0.527177
vt 0.296750 0.561919
vt 0.296391 0.556382
vt 0.293691 0.545328
vt 0.293411 0.527148
vt 0.281625 0.523568
vt 0.293401 0.523568
vt 0.293691 0.532397
vt 0.293691 0.527414
vt 0.293692 0.523801
vt 0.296391 0.545328
vt 0.296750 0.556382
vt 0.296391 0.534274
vt 0.296391 0.528737
vt 0.296391 0.524765
vt 0.296750 0.545328
vt 0.305539 0.561919
vt 0.296750 0.534274
vt 0.296750 0.528737
vt 0.296750 0.524765
vt 0.305539 0.556382
vt 0.305539 0.528737
vt 0.305539 0.524763
vt 0.310942 0.563370
vt 0.307833 0.560974
vt 0.313639 0.563370
vt 0.307833 0.558448
vt 0.316747 0.558448
vt 0.316747 0.560974
vt 0.307833 0.532208
vt 0.307833 0.529681
vt 0.316747 0.532208
vt 0.310942 0.527283
vt 0.316747 0.529681
vt 0.313639 0.527283
vt 0.685492 0.888291
vt 0.683112 0.890520
vt 0.686261 0.889419
vt 0.682412 0.889429
vt 0.682704 0.891025
vt 0.681680 0.890564
vt 0.682557 0.884926
vt 0.680412 0.887150
vt 0.683181 0.882913
vt 0.681547 0.884005
vt 0.679440 0.886297
vt 0.682145 0.882921
vt 0.680312 0.881029
vt 0.680821 0.882106
vt 0.674698 0.879005
vt 0.674010 0.879575
vt 0.675041 0.881020
vt 0.673739 0.880630
vt 0.679214 0.882611
vt 0.680432 0.883234
vt 0.674490 0.883914
vt 0.673294 0.883600
vt 0.677490 0.885280
vt 0.678447 0.885606
vt 0.678461 0.886118
vt 0.677353 0.886211
vt 0.679516 0.887805
vt 0.679322 0.886762
vt 0.473932 0.954622
vt 0.457388 0.958928
vt 0.466237 0.958991
vt 0.478412 0.946989
vt 0.478475 0.938140
vt 0.474105 0.930445
vt 0.466474 0.925966
vt 0.457625 0.925902
vt 0.449929 0.930272
vt 0.445450 0.937904
vt 0.445386 0.946753
vt 0.449757 0.954449
vt 0.167810 0.380560
vt 0.162042 0.502846
vt 0.167810 0.502846
vt 0.162042 0.380560
vt 0.158324 0.502851
vt 0.158324 0.380560
vt 0.154570 0.502855
vt 0.154570 0.380560
vt 0.150816 0.502859
vt 0.150816 0.380560
vt 0.147100 0.502865
vt 0.147100 0.380560
vt 0.141023 0.502870
vt 0.141023 0.380560
vt 0.053832 0.285261
vt 0.053516 0.284428
vt 0.053401 0.284400
vt 0.053570 0.285810
vt 0.052661 0.284312
vt 0.053785 0.283722
vt 0.053835 0.283829
vt 0.054647 0.284962
vt 0.053897 0.285115
vt 0.054732 0.285022
vt 0.054925 0.284370
vt 0.055015 0.284349
vt 0.055262 0.285460
vt 0.054556 0.283815
vt 0.054620 0.283724
vt 0.053356 0.283072
vt 0.055695 0.284246
vt 0.054982 0.283044
vt 0.052378 0.284293
vt 0.053115 0.282781
vt 0.055215 0.282753
vt 0.055970 0.284232
vt 0.053470 0.286034
vt 0.055454 0.285637
vt 0.052228 0.284285
vt 0.053415 0.286156
vt 0.055556 0.285730
vt 0.056116 0.284228
vt 0.052878 0.282611
vt 0.055306 0.282611
vt 0.055306 0.263096
vt 0.057862 0.263096
vt 0.057862 0.282611
vt 0.060419 0.263096
vt 0.060419 0.282611
vt 0.062976 0.263096
vt 0.062976 0.282611
vt 0.052878 0.263096
vt 0.050320 0.282611
vt 0.050320 0.263096
vt 0.047762 0.263096
vt 0.047762 0.282611
vt 0.052968 0.262930
vt 0.055072 0.262922
vt 0.055958 0.261427
vt 0.052168 0.261391
vt 0.052013 0.261403
vt 0.055811 0.261423
vt 0.055407 0.259904
vt 0.053291 0.259559
vt 0.053236 0.259436
vt 0.055303 0.259995
vt 0.053204 0.262630
vt 0.052462 0.261364
vt 0.054835 0.262634
vt 0.055534 0.261409
vt 0.055104 0.260167
vt 0.053394 0.259786
vt 0.053649 0.260335
vt 0.053218 0.261225
vt 0.053712 0.260477
vt 0.054470 0.260678
vt 0.053591 0.261933
vt 0.054418 0.261988
vt 0.053336 0.261196
vt 0.053655 0.261834
vt 0.054563 0.260621
vt 0.054831 0.261347
vt 0.054729 0.261329
vt 0.054356 0.261891
vt 1.366619 0.526848
vt 1.359830 0.468216
vt 1.355291 0.525966
vt 1.378212 0.527459
vt 1.383236 0.469682
vt 1.461724 0.528262
vt 1.439080 0.482674
vt 1.439636 0.528733
vt 1.457461 0.469934
vt 1.405075 0.446313
vt 1.428119 0.471455
vt 1.435478 0.446313
vt 1.412520 0.471345
vt 1.484854 0.527076
vt 1.481102 0.468780
vt 1.473416 0.527809
vt 1.400071 0.528253
vt 1.401393 0.482523
vt 1.431006 0.539147
vt 1.408466 0.538873
vt 1.443615 0.422102
vt 1.479921 0.461546
vt 1.405075 0.420962
vt 1.435478 0.420962
vt 1.397060 0.422287
vt 1.361008 0.461306
vt 1.265132 0.891036
vt 1.312985 0.991742
vt 1.313282 0.952367
vt 1.265132 0.954510
vt 1.212570 0.954145
vt 1.319890 0.956397
vt 1.319524 0.995669
vt 1.476410 0.407131
vt 1.483456 0.386626
vt 1.358923 0.386824
vt 1.483191 0.361221
vt 1.358666 0.314717
vt 1.381985 0.277009
vt 1.409665 0.276976
vt 1.498081 0.392067
vt 1.491053 0.412145
vt 1.344158 0.325031
vt 1.344314 0.386626
vt 1.497452 0.386310
vt 1.497252 0.366486
vt 1.382563 0.273418
vt 1.408608 0.273435
vt 1.362728 0.099923
vt 1.349866 0.187277
vt 1.362831 0.195509
vt 1.351665 0.099628
vt 1.406720 0.157436
vt 1.409519 0.165899
vt 1.381722 0.220428
vt 1.382649 0.223718
vt 0.461606 0.528133
vt 0.439026 0.482676
vt 0.457355 0.469972
vt 0.439581 0.528604
vt 0.366772 0.526724
vt 0.355476 0.525844
vt 0.360003 0.468259
vt 0.378332 0.527332
vt 0.383341 0.469721
vt 0.405118 0.446418
vt 0.428096 0.471488
vt 0.412542 0.471379
vt 0.435435 0.446418
vt 0.484669 0.526951
vt 0.473264 0.527682
vt 0.480929 0.468821
vt 0.400128 0.528125
vt 0.401447 0.482525
vt 0.430975 0.538987
vt 0.408500 0.538714
vt 0.443548 0.422276
vt 0.479751 0.461607
vt 0.405118 0.421140
vt 0.435434 0.421140
vt 0.397126 0.422461
vt 0.361176 0.461368
vt 0.265132 0.891036
vt 0.313282 0.952367
vt 0.312985 0.991742
vt 0.265132 0.954510
vt 0.212570 0.954145
vt 0.319890 0.956397
vt 0.319524 0.995669
vt 0.476410 0.407131
vt 0.358923 0.386824
vt 0.483456 0.386626
vt 0.483191 0.361221
vt 0.358666 0.314717
vt 0.381985 0.277009
vt 0.409665 0.276976
vt 0.498081 0.392067
vt 0.491053 0.412145
vt 0.344158 0.325031
vt 0.344314 0.386626
vt 0.497452 0.386310
vt 0.497252 0.366486
vt 0.382563 0.273418
vt 0.408608 0.273435
vt 0.362728 0.099923
vt 0.349866 0.187277
vt 0.351665 0.099628
vt 0.362831 0.195509
vt 0.406720 0.157436
vt 0.409519 0.165899
vt 0.381722 0.220428
vt 0.382649 0.223718
vt 0.249727 0.981029
vt 0.236451 0.985277
vt 0.241526 0.970520
vt 0.257993 0.970520
vt 0.263067 0.985277
vt 0.337723 0.425029
vt 0.337478 0.507677
vt 0.331561 0.513060
vt 0.331501 0.502076
vt 0.325618 0.507679
vt 0.325249 0.425029
vt 0.441088 0.145506
vt 0.419533 0.130734
vt 0.436471 0.130734
vt 0.414916 0.145506
vt 0.327475 0.855203
vt 0.353646 0.855203
vt 0.340594 0.862507
vt 0.327475 0.743384
vt 0.353646 0.743384
vt 0.483352 0.271842
vt 0.459155 0.222146
vt 0.482667 0.222146
vt 0.458469 0.271842
vt 0.482605 0.218728
vt 0.459216 0.218728
vt 0.459887 0.187465
vt 0.481935 0.187465
vt 0.470878 0.176807
vt 0.350261 0.550860
vt 0.330860 0.550860
vt 0.340528 0.545594
vt 0.329306 0.623252
vt 0.351815 0.623252
vt 0.351980 0.632164
vt 0.329141 0.632164
vt 0.453029 0.566768
vt 0.445525 0.555427
vt 0.471596 0.554992
vt 0.481222 0.565766
vt 0.455832 0.580145
vt 0.484267 0.579534
vt 0.453571 0.593698
vt 0.481968 0.593551
vt 0.446368 0.605612
vt 0.472836 0.604891
vt 0.434268 0.616023
vt 0.450589 0.622002
vt 0.394010 0.555734
vt 0.358431 0.567760
vt 0.367582 0.556448
vt 0.386806 0.567644
vt 0.356109 0.581776
vt 0.384543 0.581195
vt 0.359176 0.595613
vt 0.387343 0.594571
vt 0.368818 0.606359
vt 0.394845 0.605913
vt 0.449285 0.539362
vt 0.433741 0.545424
vt 0.406133 0.545314
vt 0.389837 0.539323
vt 0.391136 0.622002
vt 0.406657 0.615935
vt 0.327669 0.739694
vt 0.353452 0.739694
vt 0.483996 0.275421
vt 0.457825 0.275421
vt 0.470878 0.331788
vt 0.483996 0.319756
vt 0.457825 0.319756
vt 0.513925 0.398085
vt 0.507124 0.418239
vt 0.420392 0.612556
vt 0.412847 0.593783
vt 0.420322 0.594940
vt 0.408079 0.610043
vt 0.432777 0.610000
vt 0.406610 0.590579
vt 0.427802 0.593642
vt 0.398248 0.602664
vt 0.442614 0.602245
vt 0.402518 0.586028
vt 0.434023 0.590310
vt 0.391712 0.592713
vt 0.449044 0.592030
vt 0.401040 0.580866
vt 0.438032 0.585674
vt 0.389301 0.581071
vt 0.451073 0.580270
vt 0.402343 0.575671
vt 0.439334 0.580479
vt 0.391332 0.569313
vt 0.448660 0.568628
vt 0.406352 0.571037
vt 0.437856 0.575316
vt 0.397762 0.559101
vt 0.442122 0.558677
vt 0.412572 0.567705
vt 0.433763 0.570766
vt 0.407597 0.551349
vt 0.432288 0.551302
vt 0.420051 0.566407
vt 0.427525 0.567564
vt 0.419978 0.548793
vt 0.419991 0.543918
vt 0.420381 0.617432
s 1
f 1/1/1 3/2/2 2/3/2
f 1/1/1 4/4/1 3/2/2
f 5/5/3 4/4/1 1/1/1
f 5/5/3 6/6/3 4/4/1
f 7/7/4 6/6/3 5/5/3
f 7/7/4 8/8/4 6/6/3
f 9/9/5 8/8/4 7/7/4
f 9/9/5 10/10/5 8/8/4
f 11/11/6 10/10/5 9/9/5
f 11/11/6 12/12/6 10/10/5
f 13/13/7 12/12/6 11/11/6
f 13/13/7 14/14/7 12/12/6
f 15/15/8 14/14/7 13/13/7
f 15/15/8 16/16/8 14/14/7
f 17/17/9 16/16/8 15/15/8
f 17/17/9 18/18/9 16/16/8
f 19/19/10 18/18/9 17/17/9
f 19/19/10 20/20/10 18/18/9
f 21/21/11 20/20/10 19/19/10
f 21/21/11 22/22/11 20/20/10
f 23/23/12 22/22/11 21/21/11
f 23/23/12 24/24/12 22/22/11
f 25/25/13 24/24/12 23/23/12
f 25/25/13 26/26/13 24/24/12
f 27/27/14 26/26/13 25/25/13
f 27/27/14 28/28/14 26/26/13
f 29/29/15 28/28/14 27/27/14
f 29/29/15 30/30/15 28/28/14
f 31/31/16 30/30/15 29/29/15
f 31/31/16 32/32/16 30/30/15
f 2/33/2 32/32/16 31/31/16
f 2/33/2 3/34/2 32/32/16
f 1/1/17 2/3/18 33/35/19
f 1/1/17 33/35/19 34/36/20
f 5/5/21 1/1/17 34/36/20
f 5/5/21 34/36/20 35/37/21
f 7/7/22 5/5/21 35/37/21
f 7/7/22 35/37/21 36/38/23
f 9/9/24 7/7/22 36/38/23
f 9/9/24 36/38/23 37/39/25
f 11/11/26 9/9/24 37/39/25
f 11/11/26 37/39/25 38/40/27
f 13/13/28 11/11/26 38/40/27
f 13/13/28 38/40/27 39/41/28
f 15/15/29 13/13/28 39/41/28
f 15/15/29 39/41/28 40/42/30
f 17/17/31 15/15/29 40/42/30
f 17/17/31 40/42/30 41/43/32
f 19/19/33 17/17/31 41/43/32
f 19/19/33 41/43/32 42/44/34
f 21/21/35 19/19/33 42/44/34
f 21/21/35 42/44/34 43/45/35
f 23/23/36 21/21/35 43/45/35
f 23/23/36 43/45/35 44/46/37
f 25/25/38 23/23/36 44/46/37
f 25/25/38 44/46/37 45/47/39
f 27/27/40 25/25/38 45/47/39
f 27/27/40 45/47/39 46/48/41
f 29/29/42 27/27/40 46/48/41
f 29/29/42 46/48/41 47/49/42
f 31/31/43 29/29/42 47/49/42
f 31/31/43 47/49/42 48/50/44
f 2/33/18 31/31/43 48/50/44
f 2/33/18 48/50/44 33/51/19
f 3/2/45 50/52/46 49/53/47
f 3/2/45 4/4/48 50/52/46
f 4/4/48 51/54/49 50/52/46
f 4/4/48 6/6/49 51/54/49
f 6/6/49 52/55/50 51/54/49
f 6/6/49 8/8/51 52/55/50
f 8/8/51 53/56/52 52/55/50
f 8/8/51 10/10/53 53/56/52
f 10/10/53 54/57/54 53/56/52
f 10/10/53 12/12/55 54/57/54
f 12/12/55 55/58/56 54/57/54
f 12/12/55 14/14/56 55/58/56
f 14/14/56 56/59/57 55/58/56
f 14/14/56 16/16/58 56/59/57
f 16/16/58 57/60/59 56/59/57
f 16/16/58 18/18/60 57/60/59
f 18/18/60 58/61/61 57/60/59
f 18/18/60 20/20/62 58/61/61
f 20/20/62 59/62/63 58/61/61
f 20/20/62 22/22/63 59/62/63
f 22/22/63 60/63/64 59/62/63
f 22/22/63 24/24/65 60/63/64
f 24/24/65 61/64/66 60/63/64
f 24/24/65 26/26/67 61/64/66
f 26/26/67 62/65/68 61/64/66
f 26/26/67 28/28/69 62/65/68
f 28/28/69 63/66/70 62/65/68
f 28/28/69 30/30/70 63/66/70
f 30/30/70 64/67/71 63/66/70
f 30/30/70 32/32/72 64/67/71
f 32/32/72 49/68/47 64/67/71
f 32/32/72 3/34/45 49/68/47
f 65/69/73 67/70/74 66/71/75
f 65/69/73 66/71/75 68/72/76
f 69/73/11 65/69/73 68/72/76
f 69/73/11 68/72/77 70/74/11
f 71/75/78 73/76/78 72/77/78
f 71/75/78 74/78/78 73/76/78
f 71/79/79 76/80/80 75/81/81
f 71/79/79 72/82/82 76/80/80
f 77/83/83 79/84/83 78/85/83
f 77/83/83 80/86/83 79/84/83
f 81/87/84 83/88/85 82/89/86
f 81/87/84 84/90/87 83/88/85
f 81/87/88 76/80/88 84/90/88
f 81/87/88 75/81/88 76/80/88
f 73/76/89 86/91/90 85/92/91
f 73/76/89 74/78/92 86/91/90
f 87/93/78 83/94/78 88/95/78
f 87/93/78 82/96/78 83/94/78
f 78/85/93 90/97/93 89/98/93
f 78/85/93 88/95/93 90/97/93
f 87/93/94 92/99/94 91/100/94
f 87/93/94 79/84/94 92/99/94
f 73/76/95 94/101/95 93/102/95
f 73/76/95 85/92/95 94/101/95
f 86/91/96 96/103/96 95/104/96
f 86/91/96 74/78/96 96/103/96
f 97/105/97 95/104/97 98/106/97
f 97/105/97 86/91/97 95/104/97
f 77/83/98 89/98/98 99/107/98
f 77/83/98 78/85/98 89/98/98
f 100/108/99 81/87/99 82/89/99
f 100/108/99 101/109/99 81/87/99
f 102/110/100 83/88/100 84/90/100
f 102/110/100 103/111/100 83/88/100
f 104/112/101 71/79/101 75/81/101
f 104/112/101 105/113/101 71/79/101
f 106/114/102 76/80/102 72/82/102
f 106/114/102 107/115/102 76/80/102
f 91/100/103 82/96/103 87/93/103
f 91/100/103 100/116/103 82/96/103
f 103/117/104 88/95/104 83/94/104
f 103/117/104 90/97/104 88/95/104
f 84/90/104 107/115/104 102/110/104
f 84/90/104 76/80/104 107/115/104
f 72/77/104 93/102/104 106/118/104
f 72/77/104 73/76/104 93/102/104
f 101/109/105 75/81/105 81/87/105
f 101/109/105 104/112/105 75/81/105
f 105/119/103 74/78/103 71/75/103
f 105/119/103 96/103/103 74/78/103
f 78/85/106 87/93/107 88/95/108
f 78/85/106 79/84/109 87/93/107
f 108/120/110 94/121/110 109/122/110
f 108/120/110 67/123/110 94/121/110
f 67/123/110 93/124/110 94/121/110
f 67/123/110 65/125/110 93/124/110
f 65/125/110 106/126/110 93/124/110
f 65/125/110 69/127/110 106/126/110
f 110/128/110 90/129/110 103/130/110
f 110/128/110 111/131/110 90/129/110
f 111/131/110 89/132/110 90/129/110
f 111/131/110 112/133/110 89/132/110
f 112/133/110 99/134/110 89/132/110
f 112/133/110 113/135/110 99/134/110
f 70/136/111 115/137/111 114/138/111
f 115/137/111 70/136/111 68/139/111
f 115/137/111 68/139/111 66/71/111
f 113/140/112 117/141/112 116/142/112
f 113/140/112 112/143/112 117/141/112
f 111/144/113 110/145/11 118/146/11
f 111/144/114 118/146/11 119/147/115
f 112/143/116 111/144/114 119/147/115
f 112/143/116 119/147/115 117/141/117
f 79/84/118 120/148/118 92/99/118
f 79/84/118 80/86/118 120/148/118
f 67/70/119 115/137/119 66/71/119
f 67/70/119 108/149/119 115/137/119
f 85/92/120 109/150/120 94/101/120
f 85/92/120 121/151/120 109/150/120
f 86/91/121 121/151/121 85/92/121
f 86/91/121 97/105/121 121/151/121
f 117/141/122 122/152/122 116/142/122
f 122/152/122 117/141/122 119/153/122
f 122/152/122 119/153/122 118/154/122
f 96/155/123 98/156/123 95/157/123
f 105/158/123 98/156/123 96/155/123
f 98/156/123 105/158/123 123/159/123
f 104/160/123 123/159/123 105/158/123
f 101/161/123 123/159/123 104/160/123
f 100/162/123 123/159/123 101/161/123
f 123/159/123 100/162/123 124/163/123
f 91/164/123 124/163/123 100/162/123
f 92/165/123 124/163/123 91/164/123
f 124/163/123 92/165/123 120/166/123
f 102/167/110 125/168/110 103/169/110
f 102/167/110 126/170/110 125/168/110
f 107/171/110 126/170/110 102/167/110
f 107/171/110 127/172/110 126/170/110
f 106/173/110 127/172/110 107/171/110
f 106/173/110 128/174/110 127/172/110
f 129/175/124 131/176/125 130/177/126
f 129/175/124 132/178/127 131/176/125
f 133/179/3 132/178/127 129/175/124
f 133/179/3 134/180/3 132/178/127
f 135/181/128 137/182/128 136/183/128
f 135/181/128 138/184/128 137/182/128
f 135/185/129 139/186/130 138/187/131
f 135/185/129 140/188/132 139/186/130
f 77/189/83 141/190/83 80/191/83
f 77/189/83 142/192/83 141/190/83
f 143/193/133 145/194/134 144/195/135
f 143/193/133 146/196/136 145/194/134
f 143/193/137 139/186/137 140/188/137
f 143/193/137 144/195/137 139/186/137
f 137/182/138 147/197/139 136/183/140
f 137/182/138 148/198/141 147/197/139
f 149/199/128 145/200/128 146/201/128
f 149/199/128 150/202/128 145/200/128
f 142/192/142 151/203/142 150/202/142
f 142/192/142 152/204/142 151/203/142
f 149/199/143 153/205/143 141/190/143
f 149/199/143 154/206/143 153/205/143
f 137/182/144 155/207/144 148/198/144
f 137/182/144 156/208/144 155/207/144
f 147/197/145 157/209/145 136/183/145
f 147/197/145 158/210/145 157/209/145
f 97/211/97 158/210/97 147/197/97
f 97/211/97 98/212/97 158/210/97
f 77/189/98 152/204/98 142/192/98
f 77/189/98 99/213/98 152/204/98
f 159/214/146 143/193/146 160/215/146
f 159/214/146 146/196/146 143/193/146
f 161/216/147 145/194/147 162/217/147
f 161/216/147 144/195/147 145/194/147
f 163/218/148 135/185/148 164/219/148
f 163/218/148 140/188/148 135/185/148
f 165/220/149 139/186/149 166/221/149
f 165/220/149 138/187/149 139/186/149
f 154/206/150 146/201/150 159/222/150
f 154/206/150 149/199/150 146/201/150
f 162/223/151 150/202/151 151/203/151
f 162/223/151 145/200/151 150/202/151
f 144/195/151 166/221/151 139/186/151
f 144/195/151 161/216/151 166/221/151
f 138/184/151 156/208/151 137/182/151
f 138/184/151 165/224/151 156/208/151
f 160/215/152 140/188/152 163/218/152
f 160/215/152 143/193/152 140/188/152
f 164/225/150 136/183/150 157/209/150
f 164/225/150 135/181/150 136/183/150
f 142/192/153 149/199/154 141/190/155
f 142/192/153 150/202/156 149/199/154
f 108/226/110 109/227/110 155/228/110
f 108/226/110 155/228/110 130/229/110
f 130/229/110 155/228/110 156/230/110
f 130/229/110 156/230/110 129/231/110
f 129/231/110 156/230/110 165/232/110
f 129/231/110 165/232/110 133/233/110
f 167/234/110 162/235/110 151/236/110
f 167/234/110 151/236/110 168/237/110
f 168/237/110 151/236/110 152/238/110
f 168/237/110 152/238/110 169/239/110
f 169/239/110 152/238/110 99/240/110
f 169/239/110 99/240/110 113/241/110
f 115/242/111 134/243/111 114/244/111
f 134/243/111 115/242/111 132/245/111
f 132/245/111 115/242/111 131/176/157
f 113/246/112 170/247/112 169/248/112
f 113/246/112 116/249/112 170/247/112
f 168/250/158 171/251/3 167/252/3
f 168/250/158 172/253/159 171/251/3
f 169/248/160 172/253/159 168/250/158
f 169/248/160 170/247/161 172/253/159
f 141/190/118 120/254/118 80/191/118
f 141/190/118 153/205/118 120/254/118
f 130/177/119 115/242/119 108/255/119
f 130/177/119 131/176/119 115/242/119
f 148/198/120 109/256/120 121/257/120
f 148/198/120 155/207/120 109/256/120
f 147/197/121 121/257/121 97/211/121
f 147/197/121 148/198/121 121/257/121
f 122/258/122 170/247/122 116/249/122
f 170/247/122 122/258/122 172/259/122
f 172/259/122 122/258/122 171/260/122
f 98/261/123 157/262/123 158/263/123
f 123/264/123 157/262/123 98/261/123
f 157/262/123 123/264/123 164/265/123
f 123/264/123 163/266/123 164/265/123
f 123/264/123 160/267/123 163/266/123
f 124/268/123 160/267/123 123/264/123
f 160/267/123 124/268/123 159/269/123
f 124/268/123 154/270/123 159/269/123
f 120/271/123 154/270/123 124/268/123
f 154/270/123 120/271/123 153/272/123
f 161/273/110 162/274/110 125/275/110
f 161/273/110 125/275/110 126/276/110
f 166/277/110 161/273/110 126/276/110
f 166/277/110 126/276/110 127/278/110
f 165/279/110 166/277/110 127/278/110
f 165/279/110 127/278/110 128/280/110
f 62/281/162 63/282/163 173/283/123
f 61/284/164 62/281/162 173/283/123
f 63/282/163 64/285/165 173/283/123
f 60/286/166 61/284/164 173/283/123
f 64/285/165 49/287/167 173/283/123
f 59/288/168 60/286/166 173/283/123
f 49/287/167 50/289/169 173/283/123
f 58/290/170 59/288/168 173/283/123
f 50/289/169 51/291/171 173/283/123
f 57/292/172 58/290/170 173/283/123
f 51/291/171 52/293/173 173/283/123
f 56/294/174 57/292/172 173/283/123
f 52/293/173 53/295/175 173/283/123
f 55/296/176 56/294/174 173/283/123
f 53/295/175 54/297/177 173/283/123
f 54/297/177 55/296/176 173/283/123
f 47/298/178 46/299/179 174/300/110
f 48/301/180 47/298/178 174/300/110
f 46/299/179 45/302/181 174/300/110
f 33/303/182 48/301/180 174/300/110
f 45/302/181 44/304/183 174/300/110
f 34/305/184 33/303/182 174/300/110
f 44/304/183 43/306/185 174/300/110
f 35/307/186 34/305/184 174/300/110
f 43/306/185 42/308/187 174/300/110
f 36/309/188 35/307/186 174/300/110
f 42/308/187 41/310/189 174/300/110
f 37/311/190 36/309/188 174/300/110
f 41/310/189 40/312/191 174/300/110
f 38/313/192 37/311/190 174/300/110
f 40/312/191 39/314/193 174/300/110
f 39/314/193 38/313/192 174/300/110
f 175/315/194 177/316/195 176/317/196
f 175/315/197 178/318/198 177/316/199
f 179/319/200 178/318/198 175/315/197
f 179/319/200 180/320/201 178/318/198
f 180/320/201 179/319/200 181/321/202
f 180/320/201 181/321/202 182/322/203
f 182/322/203 181/321/202 183/323/204
f 182/322/203 183/323/204 184/324/205
f 184/324/205 183/323/204 185/325/206
f 184/324/205 185/325/206 186/326/207
f 187/327/208 186/326/207 185/325/206
f 187/327/208 188/328/209 186/326/207
f 187/327/208 189/329/210 188/328/209
f 187/327/208 190/330/211 189/329/210
f 191/331/212 189/329/210 190/330/211
f 191/331/212 192/332/213 189/329/210
f 192/332/214 193/333/215 194/334/216
f 192/332/214 194/334/216 189/329/217
f 188/328/218 189/329/217 194/334/216
f 188/328/218 194/334/216 195/335/219
f 188/328/218 195/335/219 196/336/220
f 188/328/218 196/336/220 186/326/221
f 197/337/222 186/326/221 196/336/220
f 197/337/222 184/324/223 186/326/221
f 198/338/224 184/324/223 197/337/222
f 198/338/224 182/322/225 184/324/223
f 199/339/226 182/322/225 198/338/224
f 199/339/226 180/320/227 182/322/225
f 180/320/227 199/339/226 200/340/228
f 180/320/227 200/340/228 178/318/229
f 178/318/229 200/340/228 201/341/230
f 178/318/229 201/341/230 177/316/231
f 193/333/232 202/342/233 203/343/234
f 193/333/232 203/343/234 194/334/235
f 203/343/234 195/335/236 194/334/235
f 203/343/234 204/344/237 195/335/236
f 195/335/236 204/344/237 205/345/238
f 195/335/236 205/345/238 196/336/239
f 205/345/238 197/337/240 196/336/239
f 205/345/238 206/346/241 197/337/240
f 197/337/240 206/346/241 207/347/242
f 197/337/240 207/347/242 198/338/243
f 207/347/242 199/339/244 198/338/243
f 207/347/242 208/348/245 199/339/244
f 209/349/246 199/339/244 208/348/245
f 209/349/246 200/340/247 199/339/244
f 201/341/248 200/340/247 209/349/246
f 175/350/249 177/351/250 210/352/251
f 179/353/252 175/350/249 210/352/251
f 179/353/252 210/352/251 211/354/253
f 211/354/253 181/355/254 179/353/252
f 211/354/253 212/356/255 181/355/254
f 212/356/255 183/357/256 181/355/254
f 212/356/255 213/358/257 183/357/256
f 213/358/257 185/359/258 183/357/256
f 213/358/257 214/360/259 185/359/258
f 187/361/260 185/359/258 214/360/259
f 187/361/260 214/360/259 215/362/261
f 187/361/260 215/362/261 216/363/262
f 187/361/260 216/363/262 190/364/263
f 191/365/264 190/364/263 216/363/262
f 191/365/265 216/363/266 217/366/267
f 217/366/268 219/367/269 218/368/270
f 217/366/271 216/363/272 219/367/273
f 215/362/274 219/367/273 216/363/272
f 215/362/274 220/369/275 219/367/273
f 215/362/274 221/370/276 220/369/275
f 215/362/274 214/360/277 221/370/276
f 222/371/278 221/370/276 214/360/277
f 222/371/278 214/360/277 213/358/279
f 223/372/280 222/371/278 213/358/279
f 223/372/280 213/358/279 212/356/281
f 224/373/282 223/372/280 212/356/281
f 224/373/282 212/356/281 211/354/283
f 211/354/283 225/374/284 224/373/282
f 211/354/283 210/352/285 225/374/284
f 210/352/285 201/375/286 225/374/284
f 210/352/285 177/351/287 201/375/286
f 218/368/288 203/376/289 202/377/290
f 218/368/291 219/367/292 203/376/293
f 203/376/293 219/367/292 220/369/294
f 203/376/293 220/369/294 204/378/295
f 220/369/294 205/379/296 204/378/295
f 220/369/294 221/370/297 205/379/296
f 205/379/296 221/370/297 222/371/298
f 205/379/296 222/371/298 206/380/299
f 222/371/298 207/381/300 206/380/299
f 222/371/298 223/372/301 207/381/300
f 207/381/300 223/372/301 224/373/302
f 207/381/300 224/373/302 208/382/303
f 209/383/304 208/382/303 224/373/302
f 209/383/304 224/373/302 225/374/305
f 201/375/306 209/383/304 225/374/305
f 226/384/307 228/385/308 227/386/309
f 226/384/307 229/387/310 228/385/308
f 229/387/310 230/388/311 228/385/308
f 229/387/310 231/389/312 230/388/311
f 231/389/312 232/390/313 230/388/311
f 231/389/312 233/391/314 232/390/313
f 233/391/314 234/392/315 232/390/313
f 233/391/314 235/393/316 234/392/315
f 235/393/316 236/394/317 234/392/315
f 235/393/316 237/395/318 236/394/317
f 237/395/318 238/396/319 236/394/317
f 237/395/318 239/397/320 238/396/319
f 239/397/320 240/398/321 238/396/319
f 239/397/320 241/399/322 240/398/321
f 241/399/322 242/400/323 240/398/321
f 241/399/322 243/401/324 242/400/323
f 243/401/324 244/402/325 242/400/323
f 243/401/324 245/403/326 244/402/325
f 245/403/326 246/404/327 244/402/325
f 245/403/326 247/405/328 246/404/327
f 247/405/328 248/406/329 246/404/327
f 247/405/328 249/407/330 248/406/329
f 249/407/330 250/408/331 248/406/329
f 249/407/330 251/409/332 250/408/331
f 251/409/332 252/410/333 250/408/331
f 251/409/332 253/411/334 252/410/333
f 253/411/334 254/412/335 252/410/333
f 253/411/334 255/413/336 254/412/335
f 255/413/336 256/414/337 254/412/335
f 255/413/336 257/415/338 256/414/337
f 257/415/338 227/416/309 256/414/337
f 257/415/338 226/417/307 227/416/309
f 258/418/339 260/419/340 259/420/341
f 258/418/339 259/420/341 261/421/342
f 258/418/339 261/421/342 262/422/343
f 262/422/343 261/421/342 263/423/344
f 262/422/343 263/423/344 264/424/345
f 264/424/345 263/423/344 265/425/346
f 264/424/345 265/425/346 266/426/347
f 261/421/342 267/427/348 263/423/344
f 263/423/344 268/428/349 265/425/346
f 263/423/344 267/427/348 268/428/349
f 261/421/342 260/419/340 267/427/348
f 259/420/341 260/419/340 261/421/342
f 265/425/346 268/428/349 269/429/350
f 265/425/346 269/429/350 270/430/351
f 270/430/351 269/429/350 271/431/352
f 270/430/351 271/431/352 272/432/353
f 272/432/353 271/431/352 273/433/354
f 272/432/353 273/433/354 274/434/355
f 274/434/355 273/433/354 275/435/356
f 274/434/355 275/435/356 276/436/357
f 276/436/357 275/435/356 277/437/358
f 276/436/357 277/437/358 278/438/359
f 278/438/359 277/437/358 279/439/360
f 278/438/359 279/439/360 280/440/361
f 280/440/361 279/439/360 281/441/362
f 280/440/361 281/441/362 282/442/363
f 282/442/363 281/441/362 283/443/364
f 282/442/363 283/443/364 284/444/365
f 284/444/365 283/443/364 285/445/366
f 284/444/365 285/445/366 286/446/367
f 286/446/367 285/445/366 287/447/368
f 286/446/367 287/447/368 288/448/369
f 288/448/369 287/447/368 289/449/370
f 288/448/369 289/449/370 290/450/371
f 290/450/371 289/449/370 291/451/372
f 290/450/371 291/451/372 292/452/373
f 292/452/373 291/451/372 293/453/374
f 292/452/373 293/453/374 294/454/375
f 294/454/375 293/453/374 295/455/376
f 294/454/375 295/455/376 296/456/377
f 296/456/377 295/455/376 297/457/378
f 296/456/377 297/457/378 298/458/379
f 298/458/379 297/457/378 299/459/380
f 298/458/379 299/459/380 300/460/381
f 300/460/381 299/459/380 301/461/382
f 300/460/381 301/461/382 302/462/383
f 302/462/383 301/461/382 303/463/384
f 302/462/383 303/463/384 304/464/385
f 304/464/385 303/463/384 305/465/386
f 304/464/385 305/465/386 306/466/387
f 291/451/372 307/467/388 293/453/374
f 293/453/374 308/468/389 295/455/376
f 293/453/374 307/467/388 308/468/389
f 295/455/376 309/469/390 297/457/378
f 295/455/376 308/468/389 309/469/390
f 297/457/378 310/470/391 299/459/380
f 297/457/378 309/469/390 310/470/391
f 299/459/380 311/471/392 301/461/382
f 299/459/380 310/470/391 311/471/392
f 301/461/382 312/472/393 303/463/384
f 301/461/382 311/471/392 312/472/393
f 303/463/384 313/473/394 305/465/386
f 303/463/384 312/472/393 313/473/394
f 291/451/372 314/474/395 307/467/388
f 289/449/370 314/474/395 291/451/372
f 305/465/386 313/473/394 315/475/396
f 305/465/386 315/475/396 316/476/397
f 289/449/370 317/477/398 314/474/395
f 287/447/368 317/477/398 289/449/370
f 316/476/397 315/475/396 318/478/399
f 316/476/397 318/478/399 319/479/400
f 287/447/368 320/480/401 317/477/398
f 285/445/366 320/480/401 287/447/368
f 319/479/400 318/478/399 321/481/402
f 319/479/400 321/481/402 322/482/403
f 285/445/366 323/483/404 320/480/401
f 283/443/364 323/483/404 285/445/366
f 322/482/403 321/481/402 324/484/405
f 322/482/403 324/484/405 325/485/406
f 283/443/364 326/486/407 323/483/404
f 281/441/362 326/486/407 283/443/364
f 325/485/406 324/484/405 327/487/408
f 325/485/406 327/487/408 328/488/409
f 281/441/362 329/489/410 326/486/407
f 279/439/360 329/489/410 281/441/362
f 328/488/409 327/487/408 330/490/411
f 328/488/409 330/490/411 331/491/412
f 279/439/360 332/492/413 329/489/410
f 277/437/358 332/492/413 279/439/360
f 331/491/412 330/490/411 333/493/414
f 331/491/412 333/493/414 334/494/415
f 277/437/358 335/495/416 332/492/413
f 275/435/356 335/495/416 277/437/358
f 334/494/415 333/493/414 336/496/417
f 334/494/415 336/496/417 337/497/418
f 275/435/356 338/498/419 335/495/416
f 273/433/354 338/498/419 275/435/356
f 337/497/418 336/496/417 339/499/420
f 337/497/418 339/499/420 340/500/421
f 340/500/421 339/499/420 341/501/422
f 340/500/421 341/501/422 342/502/423
f 339/499/420 343/503/424 341/501/422
f 336/496/417 344/504/425 339/499/420
f 339/499/420 344/504/425 343/503/424
f 333/493/414 345/505/426 336/496/417
f 336/496/417 345/505/426 344/504/425
f 343/503/424 344/504/425 346/506/427
f 343/503/424 346/506/427 347/507/428
f 346/506/427 348/508/429 347/507/428
f 333/493/414 349/509/430 345/505/426
f 330/490/411 349/509/430 333/493/414
f 350/510/431 344/504/425 345/505/426
f 350/510/431 346/506/427 344/504/425
f 349/509/430 350/510/431 345/505/426
f 330/490/411 351/511/432 349/509/430
f 327/487/408 351/511/432 330/490/411
f 349/509/430 352/512/433 350/510/431
f 351/511/432 352/512/433 349/509/430
f 353/513/434 346/506/427 350/510/431
f 352/512/433 353/513/434 350/510/431
f 346/506/427 354/514/435 348/508/429
f 353/513/434 354/514/435 346/506/427
f 348/508/429 354/514/435 340/515/421
f 348/508/429 340/515/421 342/516/423
f 337/517/418 340/515/421 354/514/435
f 337/517/418 354/514/435 353/513/434
f 355/518/436 337/517/418 353/513/434
f 352/512/433 355/518/436 353/513/434
f 355/518/436 334/519/415 337/517/418
f 327/487/408 356/520/437 351/511/432
f 324/484/405 356/520/437 327/487/408
f 351/511/432 357/521/438 352/512/433
f 357/521/438 355/518/436 352/512/433
f 356/520/437 357/521/438 351/511/432
f 358/522/439 334/519/415 355/518/436
f 357/521/438 358/522/439 355/518/436
f 358/522/439 331/523/412 334/519/415
f 324/484/405 359/524/440 356/520/437
f 321/481/402 359/524/440 324/484/405
f 356/520/437 360/525/441 357/521/438
f 360/525/441 358/522/439 357/521/438
f 359/524/440 360/525/441 356/520/437
f 361/526/442 331/523/412 358/522/439
f 360/525/441 361/526/442 358/522/439
f 361/526/442 328/527/409 331/523/412
f 321/481/402 362/528/443 359/524/440
f 318/478/399 362/528/443 321/481/402
f 359/524/440 363/529/444 360/525/441
f 363/529/444 361/526/442 360/525/441
f 362/528/443 363/529/444 359/524/440
f 364/530/445 328/527/409 361/526/442
f 363/529/444 364/530/445 361/526/442
f 364/530/445 325/531/406 328/527/409
f 318/478/399 365/532/446 362/528/443
f 315/475/396 365/532/446 318/478/399
f 362/528/443 366/533/447 363/529/444
f 366/533/447 364/530/445 363/529/444
f 365/532/446 366/533/447 362/528/443
f 367/534/448 325/531/406 364/530/445
f 366/533/447 367/534/448 364/530/445
f 367/534/448 322/535/403 325/531/406
f 315/475/396 368/536/449 365/532/446
f 313/473/394 368/536/449 315/475/396
f 365/532/446 369/537/450 366/533/447
f 369/537/450 367/534/448 366/533/447
f 368/536/449 369/537/450 365/532/446
f 370/538/451 322/535/403 367/534/448
f 369/537/450 370/538/451 367/534/448
f 370/538/451 319/539/400 322/535/403
f 313/473/394 371/540/452 368/536/449
f 312/472/393 371/540/452 313/473/394
f 368/536/449 372/541/453 369/537/450
f 372/541/453 370/538/451 369/537/450
f 371/540/452 372/541/453 368/536/449
f 373/542/454 319/539/400 370/538/451
f 372/541/453 373/542/454 370/538/451
f 373/542/454 316/543/397 319/539/400
f 312/472/393 374/544/455 371/540/452
f 311/471/392 374/544/455 312/472/393
f 371/540/452 375/545/456 372/541/453
f 375/545/456 373/542/454 372/541/453
f 374/544/455 375/545/456 371/540/452
f 306/546/387 316/543/397 373/542/454
f 375/545/456 306/546/387 373/542/454
f 306/546/387 305/547/386 316/543/397
f 376/548/457 306/546/387 375/545/456
f 374/544/455 376/548/457 375/545/456
f 376/548/457 304/549/385 306/546/387
f 311/471/392 377/550/458 374/544/455
f 377/550/458 376/548/457 374/544/455
f 310/470/391 377/550/458 311/471/392
f 378/551/459 304/549/385 376/548/457
f 377/550/458 378/551/459 376/548/457
f 378/551/459 302/552/383 304/549/385
f 310/470/391 379/553/460 377/550/458
f 379/553/460 378/551/459 377/550/458
f 309/469/390 379/553/460 310/470/391
f 380/554/461 302/552/383 378/551/459
f 379/553/460 380/554/461 378/551/459
f 380/554/461 300/555/381 302/552/383
f 309/469/390 381/556/462 379/553/460
f 381/556/462 380/554/461 379/553/460
f 308/468/389 381/556/462 309/469/390
f 382/557/463 300/555/381 380/554/461
f 381/556/462 382/557/463 380/554/461
f 382/557/463 298/558/379 300/555/381
f 308/468/389 383/559/464 381/556/462
f 383/559/464 382/557/463 381/556/462
f 307/467/388 383/559/464 308/468/389
f 384/560/465 298/558/379 382/557/463
f 383/559/464 384/560/465 382/557/463
f 384/560/465 296/561/377 298/558/379
f 307/467/388 385/562/466 383/559/464
f 385/562/466 384/560/465 383/559/464
f 314/474/395 385/562/466 307/467/388
f 386/563/467 296/561/377 384/560/465
f 385/562/466 386/563/467 384/560/465
f 386/563/467 294/564/375 296/561/377
f 314/474/395 387/565/468 385/562/466
f 387/565/468 386/563/467 385/562/466
f 317/477/398 387/565/468 314/474/395
f 388/566/469 294/564/375 386/563/467
f 387/565/468 388/566/469 386/563/467
f 388/566/469 292/567/373 294/564/375
f 317/477/398 389/568/470 387/565/468
f 389/568/470 388/566/469 387/565/468
f 320/480/401 389/568/470 317/477/398
f 390/569/471 292/567/373 388/566/469
f 389/568/470 390/569/471 388/566/469
f 390/569/471 290/570/371 292/567/373
f 320/480/401 391/571/472 389/568/470
f 391/571/472 390/569/471 389/568/470
f 323/483/404 391/571/472 320/480/401
f 392/572/473 290/570/371 390/569/471
f 391/571/472 392/572/473 390/569/471
f 392/572/473 288/573/369 290/570/371
f 323/483/404 393/574/474 391/571/472
f 393/574/474 392/572/473 391/571/472
f 326/486/407 393/574/474 323/483/404
f 394/575/475 288/573/369 392/572/473
f 393/574/474 394/575/475 392/572/473
f 394/575/475 286/576/367 288/573/369
f 326/486/407 395/577/476 393/574/474
f 395/577/476 394/575/475 393/574/474
f 329/489/410 395/577/476 326/486/407
f 396/578/477 286/576/367 394/575/475
f 395/577/476 396/578/477 394/575/475
f 396/578/477 284/579/365 286/576/367
f 329/489/410 397/580/478 395/577/476
f 397/580/478 396/578/477 395/577/476
f 332/492/413 397/580/478 329/489/410
f 398/581/479 284/579/365 396/578/477
f 397/580/478 398/581/479 396/578/477
f 398/581/479 282/582/363 284/579/365
f 332/492/413 399/583/480 397/580/478
f 399/583/480 398/581/479 397/580/478
f 335/495/416 399/583/480 332/492/413
f 400/584/481 282/582/363 398/581/479
f 399/583/480 400/584/481 398/581/479
f 400/584/481 280/585/361 282/582/363
f 335/495/416 401/586/482 399/583/480
f 401/586/482 400/584/481 399/583/480
f 338/498/419 401/586/482 335/495/416
f 402/587/483 280/585/361 400/584/481
f 401/586/482 402/587/483 400/584/481
f 402/587/483 278/588/359 280/585/361
f 338/498/419 403/589/484 401/586/482
f 403/589/484 402/587/483 401/586/482
f 404/590/485 278/588/359 402/587/483
f 403/589/484 404/590/485 402/587/483
f 404/590/485 276/591/357 278/588/359
f 405/592/486 403/589/484 338/498/419
f 273/433/354 405/592/486 338/498/419
f 271/431/352 405/592/486 273/433/354
f 406/593/487 276/591/357 404/590/485
f 406/593/487 274/594/355 276/591/357
f 407/595/488 404/590/485 403/589/484
f 405/592/486 407/595/488 403/589/484
f 407/595/488 406/593/487 404/590/485
f 271/431/352 408/596/489 405/592/486
f 408/596/489 407/595/488 405/592/486
f 269/429/350 408/596/489 271/431/352
f 409/597/490 274/594/355 406/593/487
f 409/597/490 272/598/353 274/594/355
f 410/599/491 406/593/487 407/595/488
f 408/596/489 410/599/491 407/595/488
f 410/599/491 409/597/490 406/593/487
f 269/429/350 411/600/492 408/596/489
f 411/600/492 410/599/491 408/596/489
f 268/428/349 411/600/492 269/429/350
f 412/601/493 272/598/353 409/597/490
f 412/601/493 270/602/351 272/598/353
f 413/603/494 409/597/490 410/599/491
f 411/600/492 413/603/494 410/599/491
f 413/603/494 412/601/493 409/597/490
f 268/428/349 414/604/495 411/600/492
f 414/604/495 413/603/494 411/600/492
f 267/427/348 414/604/495 268/428/349
f 266/605/347 270/602/351 412/601/493
f 266/605/347 265/606/346 270/602/351
f 415/607/496 412/601/493 413/603/494
f 414/604/495 415/607/496 413/603/494
f 415/607/496 266/605/347 412/601/493
f 267/427/348 416/608/497 414/604/495
f 416/608/497 415/607/496 414/604/495
f 260/419/340 416/608/497 267/427/348
f 260/419/340 417/609/498 416/608/497
f 418/610/499 266/605/347 415/607/496
f 416/608/497 418/610/499 415/607/496
f 418/610/499 264/611/345 266/605/347
f 417/609/498 418/610/499 416/608/497
f 419/612/500 264/611/345 418/610/499
f 417/609/498 419/612/500 418/610/499
f 419/612/500 262/613/343 264/611/345
f 417/609/498 420/614/501 419/612/500
f 420/614/501 262/613/343 419/612/500
f 420/614/501 258/615/339 262/613/343
f 260/419/340 420/616/501 417/609/498
f 420/616/501 260/419/340 258/418/339
f 421/617/502 423/618/503 422/619/504
f 421/617/502 422/619/504 424/620/505
f 425/621/506 421/617/502 424/620/505
f 424/620/505 422/619/504 426/622/507
f 425/621/506 424/620/505 427/623/508
f 428/624/509 425/621/506 427/623/508
f 424/620/505 426/622/507 429/625/510
f 427/623/508 424/620/505 429/625/510
f 429/625/510 426/622/507 430/626/511
f 428/624/509 427/623/508 431/627/512
f 432/628/513 428/624/509 431/627/512
f 427/623/508 429/625/510 433/629/514
f 431/627/512 427/623/508 433/629/514
f 429/625/510 430/626/511 434/630/515
f 433/629/514 429/625/510 434/630/515
f 434/630/515 430/626/511 435/631/516
f 432/628/513 431/627/512 436/632/517
f 423/633/503 432/628/513 436/632/517
f 423/633/503 436/632/517 422/634/504
f 431/627/512 433/629/514 437/635/518
f 436/632/517 431/627/512 437/635/518
f 422/634/504 436/632/517 438/636/519
f 436/632/517 437/635/518 438/636/519
f 422/634/504 438/636/519 426/637/507
f 433/629/514 434/630/515 439/638/520
f 437/635/518 433/629/514 439/638/520
f 434/630/515 435/631/516 440/639/521
f 439/638/520 434/630/515 440/639/521
f 440/639/521 435/631/516 441/640/522
f 426/637/507 438/636/519 442/641/523
f 426/637/507 442/641/523 430/642/511
f 438/636/519 437/635/518 443/643/524
f 437/635/518 439/638/520 443/643/524
f 438/636/519 443/643/524 442/641/523
f 439/638/520 440/639/521 444/644/525
f 443/643/524 439/638/520 444/644/525
f 440/639/521 441/640/522 445/645/526
f 444/644/525 440/639/521 445/645/526
f 445/645/526 441/640/522 446/646/527
f 430/642/511 442/641/523 447/647/528
f 430/642/511 447/647/528 435/648/516
f 442/641/523 443/643/524 448/649/529
f 443/643/524 444/644/525 448/649/529
f 442/641/523 448/649/529 447/647/528
f 444/644/525 445/645/526 449/650/530
f 448/649/529 444/644/525 449/650/530
f 445/645/526 446/646/527 450/651/531
f 449/650/530 445/645/526 450/651/531
f 450/651/531 446/646/527 451/652/532
f 435/648/516 447/647/528 452/653/533
f 435/648/516 452/653/533 441/654/522
f 447/647/528 448/649/529 453/655/534
f 448/649/529 449/650/530 453/655/534
f 447/647/528 453/655/534 452/653/533
f 449/650/530 450/651/531 454/656/535
f 453/655/534 449/650/530 454/656/535
f 450/651/531 451/652/532 455/657/536
f 454/656/535 450/651/531 455/657/536
f 455/657/536 451/652/532 456/658/537
f 441/654/522 452/653/533 457/659/538
f 441/654/522 457/659/538 446/660/527
f 452/653/533 453/655/534 458/661/539
f 453/655/534 454/656/535 458/661/539
f 452/653/533 458/661/539 457/659/538
f 454/656/535 455/657/536 459/662/540
f 458/661/539 454/656/535 459/662/540
f 455/657/536 456/658/537 460/663/541
f 459/662/540 455/657/536 460/663/541
f 460/663/541 456/658/537 461/664/542
f 446/660/527 457/659/538 462/665/543
f 446/660/527 462/665/543 451/666/532
f 457/659/538 458/661/539 463/667/544
f 458/661/539 459/662/540 463/667/544
f 457/659/538 463/667/544 462/665/543
f 459/662/540 460/663/541 464/668/545
f 463/667/544 459/662/540 464/668/545
f 460/663/541 461/664/542 465/669/546
f 464/668/545 460/663/541 465/669/546
f 465/669/546 461/664/542 466/670/547
f 451/666/532 462/665/543 467/671/548
f 451/666/532 467/671/548 456/672/537
f 462/665/543 463/667/544 468/673/549
f 463/667/544 464/668/545 468/673/549
f 462/665/543 468/673/549 467/671/548
f 464/668/545 465/669/546 469/674/550
f 468/673/549 464/668/545 469/674/550
f 465/669/546 466/670/547 470/675/551
f 469/674/550 465/669/546 470/675/551
f 470/675/551 466/670/547 471/676/552
f 456/672/537 467/671/548 472/677/553
f 456/672/537 472/677/553 461/678/542
f 467/671/548 468/673/549 473/679/554
f 468/673/549 469/674/550 473/679/554
f 467/671/548 473/679/554 472/677/553
f 469/674/550 470/675/551 474/680/555
f 473/679/554 469/674/550 474/680/555
f 470/675/551 471/676/552 475/681/556
f 474/680/555 470/675/551 475/681/556
f 475/681/556 471/676/552 476/682/557
f 461/678/542 472/677/553 477/683/558
f 461/678/542 477/683/558 466/684/547
f 472/677/553 473/679/554 478/685/559
f 473/679/554 474/680/555 478/685/559
f 472/677/553 478/685/559 477/683/558
f 474/680/555 475/681/556 479/686/560
f 478/685/559 474/680/555 479/686/560
f 475/681/556 476/682/557 480/687/561
f 479/686/560 475/681/556 480/687/561
f 480/687/561 476/682/557 481/688/562
f 466/684/547 477/683/558 482/689/563
f 466/684/547 482/689/563 471/690/552
f 477/683/558 478/685/559 483/691/564
f 478/685/559 479/686/560 483/691/564
f 477/683/558 483/691/564 482/689/563
f 479/686/560 480/687/561 484/692/565
f 483/691/564 479/686/560 484/692/565
f 480/687/561 481/688/562 485/693/566
f 484/692/565 480/687/561 485/693/566
f 485/693/566 481/688/562 486/694/567
f 471/690/552 482/689/563 487/695/568
f 471/690/552 487/695/568 476/696/557
f 482/689/563 483/691/564 488/697/569
f 483/691/564 484/692/565 488/697/569
f 482/689/563 488/697/569 487/695/568
f 484/692/565 485/693/566 489/698/570
f 488/697/569 484/692/565 489/698/570
f 485/693/566 486/694/567 490/699/571
f 489/698/570 485/693/566 490/699/571
f 490/699/571 486/694/567 491/700/572
f 476/696/557 487/695/568 492/701/573
f 476/696/557 492/701/573 481/702/562
f 487/695/568 488/697/569 493/703/574
f 488/697/569 489/698/570 493/703/574
f 487/695/568 493/703/574 492/701/573
f 489/698/570 490/699/571 494/704/575
f 493/703/574 489/698/570 494/704/575
f 490/699/571 491/700/572 495/705/576
f 494/704/575 490/699/571 495/705/576
f 495/705/576 491/700/572 496/706/577
f 481/702/562 492/701/573 497/707/578
f 481/702/562 497/707/578 486/708/567
f 492/701/573 493/703/574 498/709/579
f 493/703/574 494/704/575 498/709/579
f 492/701/573 498/709/579 497/707/578
f 494/704/575 495/705/576 499/710/580
f 498/709/579 494/704/575 499/710/580
f 495/705/576 496/706/577 500/711/581
f 499/710/580 495/705/576 500/711/581
f 500/711/581 496/706/577 501/712/582
f 486/708/567 497/707/578 502/713/583
f 486/708/567 502/713/583 491/714/572
f 497/707/578 498/709/579 503/715/584
f 498/709/579 499/710/580 503/715/584
f 497/707/578 503/715/584 502/713/583
f 499/710/580 500/711/581 504/716/585
f 503/715/584 499/710/580 504/716/585
f 500/711/581 501/712/582 505/717/586
f 504/716/585 500/711/581 505/717/586
f 505/717/586 501/712/582 506/718/587
f 491/714/572 502/713/583 507/719/588
f 491/714/572 507/719/588 496/720/577
f 502/713/583 503/715/584 508/721/589
f 503/715/584 504/716/585 508/721/589
f 502/713/583 508/721/589 507/719/588
f 504/716/585 505/717/586 509/722/590
f 508/721/589 504/716/585 509/722/590
f 505/717/586 506/718/587 510/723/591
f 509/722/590 505/717/586 510/723/591
f 510/723/591 506/718/587 511/724/592
f 496/720/577 507/719/588 512/725/593
f 496/720/577 512/725/593 501/726/582
f 507/719/588 508/721/589 513/727/594
f 508/721/589 509/722/590 513/727/594
f 507/719/588 513/727/594 512/725/593
f 509/722/590 510/723/591 514/728/595
f 513/727/594 509/722/590 514/728/595
f 510/723/591 511/724/592 515/729/596
f 514/728/595 510/723/591 515/729/596
f 515/729/596 511/724/592 516/730/597
f 501/726/582 512/725/593 517/731/598
f 501/726/582 517/731/598 506/732/587
f 512/725/593 513/727/594 518/733/599
f 513/727/594 514/728/595 518/733/599
f 512/725/593 518/733/599 517/731/598
f 514/728/595 515/729/596 519/734/600
f 518/733/599 514/728/595 519/734/600
f 515/729/596 516/730/597 520/735/601
f 519/734/600 515/729/596 520/735/601
f 520/735/601 516/730/597 521/736/602
f 506/732/587 517/731/598 522/737/603
f 506/732/587 522/737/603 511/738/592
f 517/731/598 518/733/599 523/739/604
f 518/733/599 519/734/600 523/739/604
f 517/731/598 523/739/604 522/737/603
f 519/734/600 520/735/601 524/740/605
f 523/739/604 519/734/600 524/740/605
f 520/735/601 521/736/602 525/741/606
f 524/740/605 520/735/601 525/741/606
f 525/741/606 521/736/602 526/742/607
f 511/738/592 522/737/603 527/743/608
f 511/738/592 527/743/608 516/744/597
f 522/737/603 523/739/604 528/745/609
f 523/739/604 524/740/605 528/745/609
f 522/737/603 528/745/609 527/743/608
f 524/740/605 525/741/606 529/746/610
f 528/745/609 524/740/605 529/746/610
f 525/741/606 526/742/607 530/747/611
f 529/746/610 525/741/606 530/747/611
f 530/747/611 526/742/607 531/748/612
f 516/744/597 527/743/608 532/749/613
f 516/744/597 532/749/613 521/750/602
f 527/743/608 528/745/609 533/751/614
f 528/745/609 529/746/610 533/751/614
f 527/743/608 533/751/614 532/749/613
f 529/746/610 530/747/611 534/752/615
f 533/751/614 529/746/610 534/752/615
f 530/747/611 531/748/612 535/753/616
f 534/752/615 530/747/611 535/753/616
f 535/753/616 531/748/612 536/754/617
f 521/750/602 532/749/613 537/755/618
f 521/750/602 537/755/618 526/756/607
f 532/749/613 533/751/614 538/757/619
f 533/751/614 534/752/615 538/757/619
f 532/749/613 538/757/619 537/755/618
f 534/752/615 535/753/616 539/758/620
f 538/757/619 534/752/615 539/758/620
f 535/753/616 536/754/617 540/759/621
f 539/758/620 535/753/616 540/759/621
f 540/759/621 536/754/617 541/760/622
f 526/756/607 537/755/618 542/761/623
f 526/756/607 542/761/623 531/762/612
f 537/755/618 538/757/619 543/763/624
f 538/757/619 539/758/620 543/763/624
f 537/755/618 543/763/624 542/761/623
f 539/758/620 540/759/621 544/764/625
f 543/763/624 539/758/620 544/764/625
f 540/759/621 541/760/622 545/765/626
f 544/764/625 540/759/621 545/765/626
f 545/765/626 541/760/622 546/766/627
f 545/765/626 546/766/627 547/767/628
f 547/767/628 548/768/629 545/765/626
f 544/764/625 545/765/626 548/768/629
f 547/767/628 549/769/630 548/768/629
f 543/763/624 544/764/625 550/770/631
f 542/761/623 543/763/624 550/770/631
f 550/770/631 544/764/625 548/768/629
f 531/762/612 542/761/623 551/771/632
f 542/761/623 550/770/631 551/771/632
f 531/762/612 551/771/632 536/772/617
f 552/773/633 548/768/629 549/769/630
f 550/770/631 548/768/629 552/773/633
f 551/771/632 550/770/631 552/773/633
f 552/773/633 549/769/630 553/774/634
f 536/772/617 551/771/632 554/775/635
f 551/771/632 552/773/633 554/775/635
f 554/775/635 552/773/633 553/774/634
f 536/772/617 554/775/635 541/776/622
f 554/775/635 553/774/634 555/777/636
f 541/776/622 554/775/635 555/777/636
f 541/776/622 555/777/636 546/778/627
f 556/779/637 558/780/638 557/781/639
f 556/779/637 559/782/640 558/780/638
f 560/783/641 562/784/642 561/785/643
f 563/786/644 560/783/641 561/785/643
f 563/786/644 561/785/643 564/787/645
f 565/788/646 564/787/645 561/785/643
f 565/788/646 567/789/647 566/790/648
f 565/788/646 566/790/648 568/791/649
f 565/788/646 569/792/650 567/789/647
f 568/791/649 564/787/645 565/788/646
f 568/791/649 570/793/651 564/787/645
f 565/788/646 571/794/652 569/792/650
f 572/795/653 569/792/650 571/794/652
f 565/788/646 573/796/654 571/794/652
f 565/788/646 574/797/655 573/796/654
f 572/795/653 571/794/652 575/798/656
f 575/798/656 576/799/657 572/795/653
f 571/794/652 577/800/658 575/798/656
f 571/794/652 573/796/654 577/800/658
f 575/798/656 578/801/659 576/799/657
f 577/800/658 578/801/659 575/798/656
f 578/801/659 579/802/660 576/799/657
f 578/801/659 580/803/661 579/802/660
f 581/804/662 580/803/661 578/801/659
f 577/800/658 581/804/662 578/801/659
f 574/797/655 582/805/663 573/796/654
f 574/797/655 583/806/664 582/805/663
f 573/796/654 584/807/665 577/800/658
f 584/807/665 581/804/662 577/800/658
f 573/796/654 582/805/663 584/807/665
f 584/807/665 585/808/666 581/804/662
f 582/805/663 586/809/667 584/807/665
f 586/809/667 585/808/666 584/807/665
f 585/808/666 587/810/668 581/804/662
f 581/804/662 587/810/668 580/803/661
f 585/808/666 588/811/669 587/810/668
f 583/806/664 589/812/670 582/805/663
f 582/805/663 589/812/670 586/809/667
f 586/809/667 590/813/671 585/808/666
f 590/813/671 588/811/669 585/808/666
f 586/809/667 589/812/670 591/814/672
f 592/815/673 590/813/671 586/809/667
f 586/809/667 591/814/672 592/815/673
f 590/813/671 593/816/674 588/811/669
f 594/817/675 593/816/674 590/813/671
f 592/815/673 594/817/675 590/813/671
f 588/811/669 593/816/674 595/818/676
f 594/817/675 595/818/676 593/816/674
f 588/811/669 595/818/676 587/810/668
f 587/810/668 595/818/676 579/819/660
f 587/810/668 579/819/660 580/803/661
f 576/820/657 595/818/676 594/817/675
f 576/820/657 579/821/660 595/818/676
f 572/822/653 576/820/657 594/817/675
f 572/822/653 594/817/675 592/815/673
f 592/815/673 569/823/650 572/822/653
f 592/815/673 591/814/672 569/823/650
f 567/824/647 569/823/650 591/814/672
f 567/824/647 591/814/672 596/825/677
f 566/826/648 567/824/647 596/825/677
f 596/825/677 591/814/672 589/812/670
f 566/826/648 596/825/677 597/827/678
f 596/825/677 589/812/670 598/828/679
f 597/827/678 596/825/677 598/828/679
f 583/806/664 598/828/679 589/812/670
f 597/827/678 598/828/679 599/829/680
f 600/830/681 599/829/680 598/828/679
f 600/830/681 598/828/679 583/806/664
f 601/831/682 597/827/678 599/829/680
f 601/831/682 599/829/680 600/830/681
f 568/832/649 597/827/678 601/831/682
f 568/832/649 566/833/648 597/827/678
f 601/831/682 570/834/651 568/832/649
f 601/831/682 602/835/683 570/834/651
f 600/830/681 602/835/683 601/831/682
f 603/836/684 570/834/651 602/835/683
f 603/836/684 602/835/683 604/837/685
f 604/837/685 602/835/683 605/838/686
f 600/830/681 605/838/686 602/835/683
f 562/784/642 600/830/681 583/806/664
f 562/784/642 605/838/686 600/830/681
f 561/785/643 562/784/642 583/806/664
f 561/785/643 583/806/664 574/797/655
f 565/788/646 561/785/643 574/797/655
f 606/839/687 605/838/686 562/784/642
f 560/783/641 606/839/687 562/784/642
f 606/839/687 607/840/688 605/838/686
f 604/837/685 605/838/686 607/840/688
f 563/786/644 570/793/651 603/841/684
f 563/786/644 564/787/645 570/793/651
f 608/842/689 610/843/690 609/844/691
f 608/842/689 611/845/692 610/843/690
f 609/844/691 610/843/690 612/846/693
f 612/846/693 614/847/694 613/848/695
f 612/846/693 613/848/695 615/849/696
f 616/850/697 609/844/691 615/849/696
f 608/842/689 609/844/691 616/850/697
f 608/842/689 616/850/697 617/851/698
f 617/851/698 616/850/697 618/852/699
f 616/850/697 615/849/696 619/853/700
f 620/854/701 616/850/697 619/853/700
f 615/849/696 613/848/695 621/855/702
f 615/849/696 621/855/702 622/856/703
f 622/856/703 621/855/702 623/857/704
f 615/849/696 624/858/705 619/853/700
f 615/849/696 622/856/703 624/858/705
f 619/853/700 624/858/705 625/859/706
f 619/853/700 625/859/706 620/854/701
f 622/856/703 623/857/704 626/860/707
f 627/861/658 624/858/705 622/856/703
f 627/861/658 622/856/703 626/860/707
f 623/857/704 628/862/708 626/860/707
f 623/857/704 629/863/671 628/862/708
f 629/863/671 630/864/669 628/862/708
f 626/860/707 628/862/708 631/865/709
f 626/860/707 631/865/709 627/861/658
f 632/866/710 624/858/705 627/861/658
f 632/866/710 625/859/706 624/858/705
f 628/862/708 633/867/668 631/865/709
f 628/862/708 630/864/669 633/867/668
f 629/863/671 634/868/674 630/864/669
f 627/861/658 631/865/709 635/869/659
f 627/861/658 635/869/659 632/866/710
f 631/865/709 633/867/668 636/870/661
f 631/865/709 636/870/661 635/869/659
f 633/867/668 637/871/660 636/870/661
f 635/869/659 636/870/661 637/871/660
f 632/866/710 635/869/659 638/872/657
f 635/869/659 637/871/660 638/872/657
f 633/867/668 639/873/676 637/871/660
f 638/872/657 637/871/660 639/873/676
f 640/874/711 625/859/706 632/866/710
f 632/866/710 638/872/657 640/874/711
f 640/874/711 641/875/712 625/859/706
f 620/854/701 625/859/706 641/875/712
f 640/874/711 638/872/657 642/876/675
f 638/872/657 639/877/676 642/876/675
f 642/876/675 639/873/676 634/878/674
f 642/876/675 634/878/674 629/879/671
f 643/880/713 642/876/675 629/879/671
f 640/874/711 642/876/675 643/880/713
f 643/880/713 629/879/671 623/881/704
f 621/882/702 643/880/713 623/881/704
f 644/883/714 640/874/711 643/880/713
f 621/882/702 644/883/714 643/880/713
f 644/883/714 641/875/712 640/874/711
f 613/884/695 644/883/714 621/882/702
f 645/885/677 641/875/712 644/883/714
f 613/884/695 645/885/677 644/883/714
f 620/854/701 641/875/712 646/886/715
f 645/885/677 646/886/715 641/875/712
f 647/887/716 645/885/677 613/884/695
f 647/887/716 613/884/695 614/888/694
f 648/889/717 646/886/715 645/885/677
f 620/854/701 646/886/715 648/889/717
f 648/889/717 645/885/677 647/887/716
f 649/890/718 647/887/716 614/888/694
f 649/890/718 614/888/694 612/891/693
f 610/892/690 649/890/718 612/891/693
f 650/893/719 648/889/717 647/887/716
f 620/854/701 648/889/717 650/893/719
f 650/893/719 647/887/716 649/890/718
f 610/892/690 651/894/720 649/890/718
f 651/894/720 650/893/719 649/890/718
f 611/895/692 651/894/720 610/892/690
f 611/895/692 652/896/721 651/894/720
f 652/896/721 653/897/722 651/894/720
f 651/894/720 653/897/722 650/893/719
f 652/896/721 654/898/723 653/897/722
f 655/899/724 653/897/722 654/898/723
f 650/893/719 618/852/699 620/854/701
f 650/893/719 653/897/722 618/852/699
f 655/899/724 618/852/699 653/897/722
f 620/854/701 618/852/699 616/850/697
f 617/851/698 618/852/699 655/899/724
f 630/864/669 639/873/676 633/867/668
f 630/864/669 634/900/674 639/873/676
f 609/844/691 612/846/693 615/849/696
f 656/901/725 658/902/726 657/903/727
f 658/902/726 660/904/728 659/905/729
f 661/906/730 660/904/728 658/902/726
f 661/906/730 662/907/731 660/904/728
f 663/908/732 660/904/728 662/907/731
f 663/908/732 662/907/731 664/909/733
f 665/910/734 663/908/732 664/909/733
f 665/910/734 664/909/733 666/911/735
f 667/912/736 660/904/728 663/908/732
f 668/913/737 667/912/736 663/908/732
f 667/912/736 659/905/729 660/904/728
f 659/905/729 667/912/736 669/914/738
f 659/905/729 669/914/738 670/915/739
f 671/916/740 669/914/738 667/912/736
f 657/903/727 659/905/729 670/915/739
f 658/902/726 659/905/729 657/903/727
f 671/916/740 667/912/736 668/913/737
f 668/913/737 663/908/732 665/910/734
f 665/910/734 672/917/741 668/913/737
f 673/918/742 674/919/743 671/916/740
f 673/918/742 668/913/737 672/917/741
f 673/918/742 671/916/740 668/913/737
f 665/910/734 675/920/744 672/917/741
f 675/920/744 676/921/745 672/917/741
f 672/917/741 676/921/745 677/922/746
f 672/917/741 677/922/746 678/923/747
f 673/918/742 672/917/741 678/923/747
f 673/918/742 678/923/747 679/924/748
f 680/925/749 679/924/748 678/923/747
f 679/924/748 681/926/750 673/918/742
f 673/918/742 681/926/750 682/927/751
f 681/926/750 683/928/752 682/927/751
f 681/926/750 684/929/753 683/928/752
f 685/930/754 683/928/752 684/929/753
f 686/931/755 684/929/753 681/926/750
f 685/930/754 684/929/753 687/932/756
f 678/923/747 677/922/746 688/933/757
f 680/925/749 678/923/747 689/934/758
f 678/923/747 688/933/757 689/934/758
f 677/922/746 690/935/759 688/933/757
f 677/922/746 691/936/760 690/935/759
f 676/921/745 691/936/760 677/922/746
f 689/934/758 688/933/757 692/937/761
f 688/933/757 690/935/759 693/938/762
f 688/933/757 693/938/762 692/937/761
f 676/921/745 694/939/763 691/936/760
f 695/940/764 694/939/763 676/921/745
f 675/920/744 695/940/764 676/921/745
f 691/936/760 696/941/765 690/935/759
f 690/935/759 697/942/766 693/938/762
f 690/935/759 696/941/765 697/942/766
f 691/936/760 698/943/767 696/941/765
f 694/939/763 698/943/767 691/936/760
f 697/942/766 696/941/765 699/944/768
f 693/938/762 697/942/766 699/944/768
f 700/945/769 696/941/765 698/943/767
f 694/939/763 700/945/769 698/943/767
f 699/944/768 696/941/765 701/946/770
f 693/938/762 699/944/768 702/947/771
f 692/937/761 693/938/762 702/947/771
f 702/947/771 699/944/768 701/946/770
f 703/948/772 700/945/769 694/939/763
f 695/940/764 703/948/772 694/939/763
f 704/949/773 696/941/765 700/945/769
f 703/948/772 704/949/773 700/945/769
f 692/937/761 702/947/771 705/950/774
f 702/947/771 701/946/770 706/951/775
f 705/950/774 702/947/771 706/951/775
f 701/946/770 696/941/765 707/952/776
f 706/951/775 701/946/770 707/952/776
f 708/953/777 692/937/761 705/950/774
f 689/934/758 692/937/761 708/953/777
f 709/954/778 703/948/772 695/940/764
f 710/955/779 704/949/773 703/948/772
f 709/954/778 710/955/779 703/948/772
f 711/956/780 696/941/765 704/949/773
f 710/955/779 711/956/780 704/949/773
f 712/957/781 709/954/778 695/940/764
f 712/957/781 695/940/764 675/920/744
f 705/950/774 706/951/775 713/958/782
f 708/953/777 705/950/774 714/959/783
f 714/959/783 705/950/774 713/958/782
f 715/960/784 708/953/777 714/959/783
f 713/958/782 706/951/775 716/961/785
f 706/951/775 707/952/776 716/961/785
f 707/952/776 696/941/765 717/962/786
f 716/961/785 707/952/776 717/962/786
f 718/963/787 696/941/765 711/956/780
f 717/962/786 696/941/765 719/964/788
f 719/964/788 696/941/765 718/963/787
f 716/961/785 717/962/786 720/965/789
f 720/965/789 717/962/786 719/964/788
f 713/958/782 716/961/785 721/966/790
f 721/966/790 716/961/785 720/965/789
f 722/967/791 718/963/787 711/956/780
f 722/967/791 711/956/780 710/955/779
f 723/968/792 719/964/788 718/963/787
f 720/965/789 719/964/788 723/968/792
f 723/968/792 718/963/787 722/967/791
f 724/969/793 722/967/791 710/955/779
f 724/969/793 710/955/779 709/954/778
f 725/970/794 720/965/789 723/968/792
f 721/966/790 720/965/789 725/970/794
f 726/971/795 723/968/792 722/967/791
f 726/971/795 722/967/791 724/969/793
f 725/970/794 723/968/792 726/971/795
f 727/972/796 713/958/782 721/966/790
f 714/959/783 713/958/782 727/972/796
f 728/973/797 724/969/793 709/954/778
f 728/973/797 709/954/778 712/957/781
f 729/974/798 728/973/797 712/957/781
f 730/975/799 721/966/790 725/970/794
f 727/972/796 721/966/790 730/975/799
f 730/975/799 725/970/794 731/976/800
f 731/976/800 725/970/794 726/971/795
f 732/977/801 727/972/796 730/975/799
f 733/978/802 726/971/795 724/969/793
f 733/978/802 724/969/793 728/973/797
f 731/976/800 726/971/795 733/978/802
f 734/979/803 733/978/802 728/973/797
f 735/980/804 731/976/800 733/978/802
f 729/974/798 736/981/805 728/973/797
f 734/979/803 728/973/797 736/981/805
f 735/980/804 733/978/802 737/982/806
f 734/979/803 737/982/806 733/978/802
f 734/979/803 738/983/807 737/982/806
f 734/979/803 739/984/808 738/983/807
f 734/979/803 740/985/809 739/984/808
f 734/979/803 741/986/810 740/985/809
f 736/981/805 741/986/810 734/979/803
f 741/986/810 742/987/811 740/985/809
f 741/986/810 743/988/812 742/987/811
f 736/981/805 744/989/813 741/986/810
f 744/989/813 743/988/812 741/986/810
f 729/974/798 745/990/814 736/981/805
f 745/990/814 744/989/813 736/981/805
f 729/974/798 746/991/815 745/990/814
f 745/990/814 747/992/816 744/989/813
f 748/993/817 744/989/813 747/992/816
f 744/989/813 748/993/817 743/988/812
f 749/994/818 743/988/812 748/993/817
f 749/994/818 748/993/817 750/995/819
f 750/995/819 748/993/817 751/996/820
f 748/993/817 747/992/816 751/996/820
f 750/995/819 751/996/820 752/997/821
f 753/998/822 749/994/818 750/995/819
f 753/998/822 754/999/823 749/994/818
f 754/999/823 755/1000/824 749/994/818
f 754/999/823 756/1001/825 755/1000/824
f 754/999/823 757/1002/826 756/1001/825
f 754/999/823 758/1003/827 757/1002/826
f 758/1003/827 759/1004/826 757/1002/826
f 758/1003/827 760/1005/828 759/1004/826
f 738/983/807 759/1004/826 760/1005/828
f 738/983/807 760/1005/828 737/982/806
f 761/1006/829 758/1003/827 754/999/823
f 760/1005/828 758/1003/827 762/1007/830
f 761/1006/829 762/1007/830 758/1003/827
f 763/1008/831 754/999/823 753/998/822
f 763/1008/831 761/1006/829 754/999/823
f 764/1009/832 762/1007/830 761/1006/829
f 764/1009/832 765/1010/833 762/1007/830
f 760/1005/828 762/1007/830 766/1011/834
f 766/1011/834 762/1007/830 765/1010/833
f 737/982/806 760/1005/828 766/1011/834
f 766/1011/834 765/1010/833 767/1012/835
f 737/982/806 766/1011/834 735/980/804
f 735/980/804 766/1011/834 767/1012/835
f 735/980/804 767/1012/835 768/1013/836
f 763/1008/831 769/1014/837 761/1006/829
f 769/1014/837 764/1009/832 761/1006/829
f 770/1015/838 763/1008/831 753/998/822
f 771/1016/839 769/1014/837 763/1008/831
f 772/1017/840 763/1008/831 770/1015/838
f 772/1017/840 771/1016/839 763/1008/831
f 770/1015/838 753/998/822 773/1018/841
f 773/1018/841 753/998/822 774/1019/842
f 753/998/822 750/995/819 774/1019/842
f 775/1020/843 772/1017/840 770/1015/838
f 775/1020/843 770/1015/838 776/1021/844
f 776/1021/844 770/1015/838 773/1018/841
f 777/1022/845 772/1017/840 775/1020/843
f 776/1021/844 773/1018/841 778/1023/846
f 777/1022/845 779/1024/847 772/1017/840
f 779/1024/847 771/1016/839 772/1017/840
f 780/1025/848 779/1024/847 777/1022/845
f 778/1023/846 773/1018/841 781/1026/849
f 773/1018/841 774/1019/842 781/1026/849
f 778/1023/846 781/1026/849 782/1027/850
f 780/1025/848 783/1028/851 779/1024/847
f 784/1029/852 783/1028/851 780/1025/848
f 782/1027/850 781/1026/849 785/1030/853
f 782/1027/850 785/1030/853 786/1031/854
f 779/1024/847 787/1032/855 771/1016/839
f 783/1028/851 787/1032/855 779/1024/847
f 784/1029/852 788/1033/856 783/1028/851
f 789/1034/857 788/1033/856 784/1029/852
f 781/1026/849 774/1019/842 790/1035/858
f 781/1026/849 790/1035/858 785/1030/853
f 786/1031/854 785/1030/853 791/1036/859
f 786/1031/854 791/1036/859 792/1037/860
f 783/1028/851 793/1038/861 787/1032/855
f 788/1033/856 793/1038/861 783/1028/851
f 789/1034/857 794/1039/862 788/1033/856
f 795/1040/863 794/1039/862 789/1034/857
f 785/1030/853 790/1035/858 656/901/725
f 785/1030/853 656/901/725 791/1036/859
f 792/1037/860 791/1036/859 796/1041/864
f 792/1037/860 796/1041/864 797/1042/865
f 797/1042/865 798/1043/866 795/1040/863
f 795/1040/863 798/1043/866 794/1039/862
f 797/1042/865 796/1041/864 798/1043/866
f 794/1039/862 799/1044/867 788/1033/856
f 788/1033/856 799/1044/867 793/1038/861
f 791/1036/859 800/1045/868 796/1041/864
f 791/1036/859 656/901/725 800/1045/868
f 796/1041/864 801/1046/869 798/1043/866
f 796/1041/864 800/1045/868 801/1046/869
f 798/1043/866 802/1047/870 794/1039/862
f 794/1039/862 802/1047/870 799/1044/867
f 798/1043/866 801/1046/869 802/1047/870
f 802/1047/870 803/1048/871 799/1044/867
f 801/1046/869 804/1049/872 802/1047/870
f 656/901/725 657/903/727 800/1045/868
f 800/1045/868 657/903/727 687/932/756
f 800/1045/868 805/1050/873 801/1046/869
f 802/1047/870 806/1051/874 803/1048/871
f 802/1047/870 804/1049/872 806/1051/874
f 804/1049/872 807/1052/875 806/1051/874
f 804/1049/872 808/1053/876 807/1052/875
f 804/1049/872 809/1054/877 808/1053/876
f 801/1046/869 810/1055/878 804/1049/872
f 801/1046/869 805/1050/873 810/1055/878
f 805/1050/873 811/1056/879 810/1055/878
f 804/1049/872 812/1057/880 809/1054/877
f 810/1055/878 812/1057/880 804/1049/872
f 812/1057/880 813/1058/877 809/1054/877
f 810/1055/878 814/1059/881 812/1057/880
f 811/1056/879 814/1059/881 810/1055/878
f 811/1056/879 815/1060/882 814/1059/881
f 812/1057/880 816/1061/883 813/1058/877
f 816/1061/883 812/1057/880 814/1059/881
f 817/1062/884 814/1059/881 815/1060/882
f 816/1061/883 814/1059/881 817/1062/884
f 817/1062/884 815/1060/882 818/1063/885
f 819/1064/886 816/1061/883 817/1062/884
f 680/925/749 817/1062/884 818/1063/885
f 819/1064/886 817/1062/884 680/925/749
f 680/925/749 818/1063/885 820/1065/887
f 680/925/749 689/934/758 819/1064/886
f 821/1066/888 819/1064/886 689/934/758
f 821/1066/888 689/934/758 708/953/777
f 821/1066/888 822/1067/889 819/1064/886
f 822/1067/889 813/1058/877 816/1061/883
f 821/1066/888 823/1068/890 822/1067/889
f 821/1066/888 708/953/777 824/1069/891
f 715/960/784 824/1069/891 708/953/777
f 824/1069/891 825/1070/892 821/1066/888
f 821/1066/888 825/1070/892 826/1071/893
f 825/1070/892 827/1072/893 826/1071/893
f 825/1070/892 828/1073/894 827/1072/893
f 824/1069/891 829/1074/895 825/1070/892
f 829/1074/895 828/1073/894 825/1070/892
f 715/960/784 830/1075/896 824/1069/891
f 830/1075/896 829/1074/895 824/1069/891
f 715/960/784 831/1076/897 830/1075/896
f 830/1075/896 832/1077/898 829/1074/895
f 833/1078/899 829/1074/895 832/1077/898
f 829/1074/895 833/1078/899 828/1073/894
f 806/1051/874 828/1073/894 833/1078/899
f 806/1051/874 833/1078/899 803/1048/871
f 803/1048/871 833/1078/899 834/1079/900
f 833/1078/899 832/1077/898 834/1079/900
f 803/1048/871 834/1079/900 835/1080/901
f 807/1052/875 828/1073/894 806/1051/874
f 807/1052/875 827/1072/893 828/1073/894
f 803/1048/871 835/1080/901 836/1081/902
f 803/1048/871 836/1081/902 837/1082/903
f 799/1044/867 803/1048/871 837/1082/903
f 799/1044/867 837/1082/903 838/1083/904
f 799/1044/867 838/1083/904 793/1038/861
f 837/1082/903 839/1084/905 838/1083/904
f 793/1038/861 838/1083/904 840/1085/906
f 838/1083/904 841/1086/907 840/1085/906
f 793/1038/861 840/1085/906 842/1087/908
f 840/1085/906 843/1088/909 842/1087/908
f 841/1086/907 844/1089/910 840/1085/906
f 840/1085/906 844/1089/910 843/1088/909
f 841/1086/907 845/1090/911 844/1089/910
f 846/1091/912 844/1089/910 845/1090/911
f 846/1091/912 845/1090/911 847/1092/913
f 837/1082/903 848/1093/914 839/1084/905
f 836/1081/902 848/1093/914 837/1082/903
f 836/1081/902 849/1094/915 848/1093/914
f 850/1095/916 848/1093/914 849/1094/915
f 850/1095/916 849/1094/915 851/1096/917
f 852/1097/918 844/1089/910 846/1091/912
f 852/1097/918 843/1088/909 844/1089/910
f 843/1088/909 852/1097/918 853/1098/919
f 843/1088/909 853/1098/919 854/1099/920
f 855/1100/921 853/1098/919 852/1097/918
f 855/1100/921 852/1097/918 856/1101/922
f 856/1101/922 852/1097/918 846/1091/912
f 857/1102/923 839/1084/905 848/1093/914
f 857/1102/923 848/1093/914 850/1095/916
f 856/1101/922 846/1091/912 858/1103/924
f 858/1103/924 846/1091/912 847/1092/913
f 858/1103/924 847/1092/913 859/1104/925
f 839/1084/905 857/1102/923 860/1105/926
f 839/1084/905 860/1105/926 861/1106/927
f 862/1107/928 860/1105/926 857/1102/923
f 858/1103/924 859/1104/925 862/1107/928
f 862/1107/928 857/1102/923 863/1108/929
f 863/1108/929 857/1102/923 850/1095/916
f 863/1108/929 850/1095/916 715/960/784
f 715/960/784 850/1095/916 851/1096/917
f 715/960/784 714/959/783 863/1108/929
f 858/1103/924 863/1108/929 714/959/783
f 858/1103/924 714/959/783 727/972/796
f 858/1103/924 727/972/796 856/1101/922
f 732/977/801 856/1101/922 727/972/796
f 732/977/801 855/1100/921 856/1101/922
f 715/960/784 851/1096/917 831/1076/897
f 858/1103/924 862/1107/928 863/1108/929
f 732/977/801 864/1109/930 855/1100/921
f 732/977/801 730/975/799 865/1110/931
f 866/1111/932 867/1112/933 865/1110/931
f 866/1111/932 868/1113/934 867/1112/933
f 869/1114/935 867/1112/933 868/1113/934
f 869/1114/935 868/1113/934 870/1115/936
f 871/1116/937 869/1114/935 870/1115/936
f 871/1116/937 870/1115/936 872/1117/938
f 873/1118/939 869/1114/935 871/1116/937
f 867/1112/933 869/1114/935 874/1119/940
f 867/1112/933 874/1119/940 875/1120/941
f 865/1110/931 875/1120/941 732/977/801
f 876/1121/942 866/1111/932 865/1110/931
f 732/977/801 875/1120/941 877/1122/943
f 875/1120/941 878/1123/943 877/1122/943
f 875/1120/941 874/1119/940 878/1123/943
f 879/1124/944 878/1123/943 874/1119/940
f 879/1124/944 874/1119/940 873/1118/939
f 873/1118/939 874/1119/940 869/1114/935
f 865/1110/931 867/1112/933 875/1120/941
f 876/1121/942 880/1125/945 866/1111/932
f 732/977/801 877/1122/943 864/1109/930
f 842/1087/908 881/1126/946 879/1124/944
f 787/1032/855 842/1087/908 873/1118/939
f 793/1038/861 842/1087/908 787/1032/855
f 787/1032/855 873/1118/939 871/1116/937
f 842/1087/908 879/1124/944 873/1118/939
f 787/1032/855 871/1116/937 771/1016/839
f 771/1016/839 871/1116/937 882/1127/947
f 771/1016/839 882/1127/947 769/1014/837
f 871/1116/937 883/1128/948 882/1127/947
f 883/1128/948 884/1129/949 882/1127/947
f 883/1128/948 885/1130/950 884/1129/949
f 886/1131/951 884/1129/949 885/1130/950
f 886/1131/951 885/1130/950 887/1132/952
f 876/1121/942 886/1131/951 887/1132/952
f 876/1121/942 887/1132/952 880/1125/945
f 888/1133/953 886/1131/951 876/1121/942
f 888/1133/953 889/1134/954 886/1131/951
f 889/1134/954 884/1129/949 886/1131/951
f 889/1134/954 890/1135/955 884/1129/949
f 876/1121/942 731/976/800 888/1133/953
f 876/1121/942 730/975/799 731/976/800
f 876/1121/942 865/1110/931 730/975/799
f 735/980/804 888/1133/953 731/976/800
f 735/980/804 891/1136/956 888/1133/953
f 890/1135/955 889/1134/954 892/1137/957
f 891/1136/956 892/1137/957 889/1134/954
f 891/1136/956 889/1134/954 888/1133/953
f 890/1135/955 892/1137/957 893/1138/958
f 769/1014/837 890/1135/955 893/1138/958
f 882/1127/947 890/1135/955 769/1014/837
f 769/1014/837 893/1138/958 894/1139/959
f 735/980/804 768/1013/836 891/1136/956
f 800/1045/868 687/932/756 805/1050/873
f 687/932/756 684/929/753 895/1140/960
f 896/1141/961 661/906/730 658/902/726
f 896/1141/961 897/1142/962 661/906/730
f 657/903/727 685/930/754 687/932/756
f 657/903/727 898/1143/963 685/930/754
f 680/925/749 820/1065/887 899/1144/964
f 680/925/749 899/1144/964 679/924/748
f 899/1144/964 686/931/755 679/924/748
f 679/924/748 686/931/755 681/926/750
f 899/1144/964 900/1145/965 686/931/755
f 895/1140/960 686/931/755 900/1145/965
f 686/931/755 895/1140/960 684/929/753
f 895/1140/960 900/1145/965 901/1146/966
f 805/1050/873 895/1140/960 901/1146/966
f 687/932/756 895/1140/960 805/1050/873
f 805/1050/873 901/1146/966 902/1147/967
f 805/1050/873 902/1147/967 811/1056/879
f 838/1083/904 903/1148/968 841/1086/907
f 871/1116/937 872/1117/938 883/1128/948
f 769/1014/837 894/1139/959 764/1009/832
f 882/1127/947 884/1129/949 890/1135/955
f 902/1147/969 815/1060/970 811/1056/971
f 902/1147/969 901/1146/972 815/1060/970
f 818/1063/973 815/1060/970 901/1146/972
f 818/1063/973 901/1146/972 900/1145/974
f 820/1065/975 818/1063/973 900/1145/974
f 820/1065/975 900/1145/974 899/1144/973
f 823/1068/976 813/1058/977 822/1067/978
f 823/1068/976 826/1071/977 813/1058/977
f 880/1125/979 868/1113/980 866/1111/981
f 880/1125/979 887/1132/982 868/1113/980
f 887/1132/982 870/1115/983 868/1113/980
f 887/1132/982 885/1130/984 870/1115/983
f 872/1117/985 870/1115/983 885/1130/984
f 872/1117/985 885/1130/984 883/1128/986
f 657/903/727 670/915/739 898/1143/963
f 673/918/742 682/927/751 674/919/743
f 822/1067/889 816/1061/883 819/1064/886
f 821/1066/888 826/1071/893 823/1068/890
f 842/1087/908 854/1099/920 881/1126/946
f 842/1087/908 843/1088/909 854/1099/920
f 904/1149/987 906/1150/988 905/1151/989
f 906/1150/988 904/1149/987 907/1152/990
f 906/1150/988 907/1152/990 908/1153/991
f 908/1153/991 907/1152/990 909/1154/992
f 907/1152/990 904/1149/987 910/1155/993
f 907/1152/990 910/1155/993 911/1156/994
f 904/1149/987 912/1157/3 910/1155/993
f 904/1149/987 905/1158/989 912/1157/3
f 905/1158/989 913/1159/995 912/1157/3
f 905/1158/989 906/1160/988 913/1159/995
f 906/1160/988 914/1161/996 913/1159/995
f 906/1160/988 908/1162/991 914/1161/996
f 908/1162/991 915/1163/11 914/1161/996
f 908/1162/991 909/1164/992 915/1163/11
f 907/1165/990 915/1163/11 909/1164/992
f 907/1165/990 911/1166/994 915/1163/11
f 916/1167/997 918/1168/998 917/1169/999
f 916/1167/997 919/1170/1000 918/1168/998
f 920/1171/1001 919/1170/1000 916/1167/997
f 921/1172/1002 918/1168/998 919/1170/1000
f 921/1172/1002 922/1173/1003 918/1168/998
f 921/1172/1002 923/1174/1004 922/1173/1003
f 920/1171/1001 924/1175/1005 919/1170/1000
f 925/1176/1006 924/1175/1005 920/1171/1001
f 926/1177/1007 921/1172/1002 919/1170/1000
f 926/1177/1007 919/1170/1000 924/1175/1005
f 921/1172/1002 927/1178/1008 923/1174/1004
f 926/1177/1007 927/1178/1008 921/1172/1002
f 925/1176/1006 928/1179/1009 924/1175/1005
f 929/1180/1010 928/1179/1009 925/1176/1006
f 930/1181/1011 926/1177/1007 924/1175/1005
f 930/1181/1011 924/1175/1005 928/1179/1009
f 929/1180/1010 931/1182/1012 928/1179/1009
f 932/1183/1013 931/1182/1012 929/1180/1010
f 933/1184/1014 923/1174/1004 927/1178/1008
f 933/1184/1014 934/1185/1015 923/1174/1004
f 933/1184/1014 935/1186/1016 934/1185/1015
f 926/1177/1007 936/1187/1017 927/1178/1008
f 930/1181/1011 936/1187/1017 926/1177/1007
f 937/1188/1018 930/1181/1011 928/1179/1009
f 937/1188/1018 928/1179/1009 931/1182/1012
f 932/1183/1013 938/1189/1019 931/1182/1012
f 917/1190/999 938/1189/1019 932/1183/1013
f 917/1190/999 918/1191/998 938/1189/1019
f 922/1192/1003 938/1189/1019 918/1191/998
f 939/1193/1020 931/1182/1012 938/1189/1019
f 922/1192/1003 939/1193/1020 938/1189/1019
f 939/1193/1020 937/1188/1018 931/1182/1012
f 933/1184/1014 940/1194/1021 935/1186/1016
f 940/1194/1021 941/1195/1022 935/1186/1016
f 937/1188/1018 942/1196/1023 930/1181/1011
f 930/1181/1011 942/1196/1023 936/1187/1017
f 922/1192/1003 943/1197/1024 939/1193/1020
f 922/1192/1003 923/1198/1004 943/1197/1024
f 934/1199/1015 943/1197/1024 923/1198/1004
f 939/1193/1020 944/1200/1025 937/1188/1018
f 939/1193/1020 943/1197/1024 944/1200/1025
f 937/1188/1018 944/1200/1025 942/1196/1023
f 934/1199/1015 945/1201/1026 943/1197/1024
f 945/1201/1026 944/1200/1025 943/1197/1024
f 946/1202/1027 942/1196/1023 944/1200/1025
f 945/1201/1026 946/1202/1027 944/1200/1025
f 947/1203/1028 936/1187/1017 942/1196/1023
f 946/1202/1027 947/1203/1028 942/1196/1023
f 934/1199/1015 948/1204/1029 945/1201/1026
f 934/1199/1015 935/1205/1016 948/1204/1029
f 945/1201/1026 949/1206/1030 946/1202/1027
f 945/1201/1026 948/1204/1029 949/1206/1030
f 935/1205/1016 950/1207/1031 948/1204/1029
f 935/1205/1016 941/1208/1022 950/1207/1031
f 951/1209/1032 950/1207/1031 941/1208/1022
f 948/1204/1029 950/1207/1031 952/1210/1033
f 948/1204/1029 952/1210/1033 949/1206/1030
f 946/1202/1027 949/1206/1030 953/1211/1034
f 946/1202/1027 953/1211/1034 947/1203/1028
f 947/1203/1028 954/1212/1035 936/1187/1017
f 954/1212/1035 927/1178/1008 936/1187/1017
f 954/1212/1035 933/1184/1014 927/1178/1008
f 954/1212/1035 940/1194/1021 933/1184/1014
f 947/1203/1028 955/1213/1036 954/1212/1035
f 954/1212/1035 955/1213/1036 940/1194/1021
f 947/1203/1028 953/1211/1034 955/1213/1036
f 951/1209/1032 956/1214/1037 950/1207/1031
f 956/1214/1037 952/1210/1033 950/1207/1031
f 949/1206/1030 957/1215/1038 953/1211/1034
f 949/1206/1030 952/1210/1033 957/1215/1038
f 955/1213/1036 958/1216/1039 940/1194/1021
f 940/1194/1021 958/1216/1039 941/1195/1022
f 953/1211/1034 959/1217/1040 955/1213/1036
f 953/1211/1034 957/1215/1038 959/1217/1040
f 955/1213/1036 959/1217/1040 958/1216/1039
f 951/1209/1032 960/1218/1041 956/1214/1037
f 951/1209/1032 961/1219/1042 960/1218/1041
f 956/1214/1037 960/1218/1041 962/1220/1043
f 956/1214/1037 963/1221/1044 952/1210/1033
f 956/1214/1037 962/1220/1043 963/1221/1044
f 963/1221/1044 957/1215/1038 952/1210/1033
f 963/1221/1044 962/1220/1043 964/1222/1045
f 963/1221/1044 965/1223/1046 957/1215/1038
f 963/1221/1044 964/1222/1045 965/1223/1046
f 965/1223/1046 959/1217/1040 957/1215/1038
f 965/1223/1046 964/1222/1045 966/1224/1047
f 965/1223/1046 967/1225/1048 959/1217/1040
f 965/1223/1046 966/1224/1047 967/1225/1048
f 967/1225/1048 958/1216/1039 959/1217/1040
f 967/1225/1048 966/1224/1047 968/1226/1049
f 967/1225/1048 969/1227/1050 958/1216/1039
f 967/1225/1048 968/1226/1049 969/1227/1050
f 969/1227/1050 941/1195/1022 958/1216/1039
f 969/1227/1050 968/1226/1049 961/1228/1042
f 969/1227/1050 951/1229/1032 941/1195/1022
f 969/1227/1050 961/1228/1042 951/1229/1032
f 970/1230/1051 972/1231/1051 971/1232/1051
f 970/1230/1051 973/1233/1051 972/1231/1051
f 974/1234/1052 976/1235/1052 975/1236/1052
f 976/1235/1052 977/1237/1052 975/1236/1052
f 975/1236/1052 977/1237/1052 978/1238/110
f 975/1236/1052 978/1238/110 979/1239/110
f 974/1234/1052 975/1236/1052 979/1239/110
f 974/1234/1052 979/1239/110 980/1240/110
f 557/781/110 980/1240/110 979/1239/110
f 556/779/110 979/1239/110 978/1238/110
f 557/781/110 979/1239/110 556/779/110
f 556/779/110 978/1238/110 981/1241/110
f 977/1237/1052 982/1242/110 978/1238/110
f 977/1237/1052 983/1243/1052 982/1242/110
f 976/1235/1052 984/1244/1052 977/1237/1052
f 984/1244/1052 983/1243/1052 977/1237/1052
f 985/1245/1052 982/1242/110 983/1243/1052
f 985/1245/1052 986/1246/1053 982/1242/110
f 987/1247/110 986/1246/1053 985/1245/1052
f 984/1244/1052 988/1248/1052 983/1243/1052
f 985/1245/1052 983/1243/1052 988/1248/1052
f 989/1249/110 984/1244/1052 976/1235/1052
f 989/1249/110 976/1235/1052 990/1250/1052
f 974/1234/1052 990/1250/1052 976/1235/1052
f 989/1249/110 990/1250/1052 991/1251/110
f 989/1249/110 992/1252/110 984/1244/1052
f 992/1252/110 988/1248/1052 984/1244/1052
f 992/1252/110 993/1253/110 988/1248/1052
f 993/1253/110 994/1254/1052 988/1248/1052
f 985/1245/1052 988/1248/1052 994/1254/1052
f 993/1253/110 995/1255/110 994/1254/1052
f 996/1256/1052 985/1245/1052 994/1254/1052
f 987/1247/110 985/1245/1052 996/1256/1052
f 997/1257/1052 994/1254/1052 995/1255/110
f 996/1256/1052 994/1254/1052 997/1257/1052
f 997/1257/1052 995/1255/110 998/1258/110
f 999/1259/1052 997/1257/1052 998/1258/110
f 999/1259/1052 998/1258/110 1000/1260/110
f 1001/1261/110 999/1259/1052 1000/1260/110
f 1001/1261/110 1002/1262/1052 999/1259/1052
f 1003/1263/1052 997/1257/1052 999/1259/1052
f 1002/1262/1052 1003/1263/1052 999/1259/1052
f 1003/1263/1052 996/1256/1052 997/1257/1052
f 1002/1262/1052 1004/1264/1052 1003/1263/1052
f 1005/1265/110 996/1256/1052 1003/1263/1052
f 1004/1264/1052 1005/1265/110 1003/1263/1052
f 1005/1265/110 987/1247/110 996/1256/1052
f 1004/1264/1052 1006/1266/110 1005/1265/110
f 1007/1267/110 1005/1265/110 1006/1266/110
f 1007/1267/110 1008/1268/110 1005/1265/110
f 1008/1268/110 987/1247/110 1005/1265/110
f 1008/1268/110 1009/1269/110 987/1247/110
f 1010/1270/1054 1012/1271/1055 1011/1272/1056
f 1012/1271/1055 1013/1273/1057 1011/1272/1056
f 1011/1272/1056 1013/1273/1057 1014/1274/123
f 1011/1272/1056 1014/1274/123 1015/1275/123
f 1010/1270/1054 1011/1272/1056 1015/1275/123
f 1016/1276/123 1015/1275/123 1014/1274/123
f 1016/1276/123 1014/1274/123 1017/1277/123
f 1018/1278/123 1015/1275/123 1016/1276/123
f 1018/1278/123 1019/1279/123 1015/1275/123
f 1010/1270/1054 1015/1275/123 1019/1279/123
f 1013/1273/1057 1020/1280/123 1014/1274/123
f 1013/1273/1057 1021/1281/123 1020/1280/123
f 1012/1271/1055 1022/1282/1058 1013/1273/1057
f 1022/1282/1058 1021/1281/123 1013/1273/1057
f 1023/1283/123 1020/1280/123 1021/1281/123
f 1023/1283/123 1024/1284/123 1020/1280/123
f 1025/1285/123 1024/1284/123 1023/1283/123
f 1022/1282/1058 1026/1286/123 1021/1281/123
f 1026/1286/123 1023/1283/123 1021/1281/123
f 1027/1287/1059 1022/1282/1058 1012/1271/1055
f 1027/1287/1059 1012/1271/1055 1028/1288/1054
f 1010/1270/1054 1028/1288/1054 1012/1271/1055
f 1027/1287/1059 1028/1288/1054 1029/1289/123
f 1027/1287/1059 1030/1290/1059 1022/1282/1058
f 1030/1290/1059 1026/1286/123 1022/1282/1058
f 1030/1290/1059 1031/1291/123 1026/1286/123
f 1031/1291/123 1032/1292/123 1026/1286/123
f 1026/1286/123 1032/1292/123 1023/1283/123
f 1031/1291/123 1033/1293/123 1032/1292/123
f 1034/1294/1060 1023/1283/123 1032/1292/123
f 1025/1285/123 1023/1283/123 1034/1294/1060
f 1035/1295/1061 1032/1292/123 1033/1293/123
f 1034/1294/1060 1032/1292/123 1035/1295/1061
f 1035/1295/1061 1033/1293/123 1036/1296/1062
f 1037/1297/1063 1035/1295/1061 1036/1296/1062
f 1037/1297/1063 1036/1296/1062 1038/1298/1062
f 1039/1299/123 1037/1297/1063 1038/1298/1062
f 1039/1299/123 1040/1300/1054 1037/1297/1063
f 1041/1301/1064 1035/1295/1061 1037/1297/1063
f 1040/1300/1054 1041/1301/1064 1037/1297/1063
f 1041/1301/1064 1034/1294/1060 1035/1295/1061
f 1040/1300/1054 1042/1302/1054 1041/1301/1064
f 1043/1303/123 1034/1294/1060 1041/1301/1064
f 1042/1302/1054 1043/1303/123 1041/1301/1064
f 1043/1303/123 1025/1285/123 1034/1294/1060
f 1042/1302/1054 1044/1304/123 1043/1303/123
f 1045/1305/123 1043/1303/123 1044/1304/123
f 1045/1305/123 1046/1306/123 1043/1303/123
f 1046/1306/123 1025/1285/123 1043/1303/123
f 1046/1306/123 1047/1307/123 1025/1285/123
f 558/780/1065 1049/1308/1065 1048/1309/1065
f 558/780/1065 559/782/1065 1049/1308/1065
f 1050/1310/1066 1052/1311/1066 1051/1312/1066
f 1050/1310/1066 1053/1313/1066 1052/1311/1066
f 1001/1314/7 1027/1315/7 1029/1316/7
f 1001/1314/7 1000/1317/7 1027/1315/7
f 1000/1317/7 1030/1318/7 1027/1315/7
f 1000/1317/7 998/1319/7 1030/1318/7
f 998/1319/7 1031/1320/7 1030/1318/7
f 998/1319/7 995/1321/7 1031/1320/7
f 995/1321/7 1033/1322/7 1031/1320/7
f 995/1321/7 993/1323/7 1033/1322/7
f 1036/1324/7 1033/1322/7 993/1323/7
f 1036/1324/7 993/1323/7 992/1325/7
f 1038/1326/7 1036/1324/7 992/1325/7
f 1038/1326/7 992/1325/7 989/1327/7
f 1039/1328/7 1038/1326/7 989/1327/7
f 1039/1328/7 989/1327/7 991/1329/7
f 991/1251/11 1040/1300/11 1039/1299/11
f 991/1251/11 990/1250/11 1040/1300/11
f 990/1250/11 1042/1302/11 1040/1300/11
f 990/1250/11 974/1234/11 1042/1302/11
f 974/1234/11 1044/1304/11 1042/1302/11
f 974/1234/11 980/1240/11 1044/1304/11
f 1045/1305/1067 1044/1304/11 980/1240/11
f 1045/1305/1067 980/1240/11 557/781/1068
f 557/781/1068 1048/1309/1069 1045/1305/1067
f 557/781/1068 558/780/1069 1048/1309/1069
f 1029/1289/3 1002/1330/3 1001/1331/3
f 1029/1289/3 1028/1288/3 1002/1330/3
f 1004/1332/3 1002/1330/3 1028/1288/3
f 1004/1332/3 1028/1288/3 1010/1270/3
f 1010/1270/3 1006/1333/3 1004/1332/3
f 1010/1270/3 1019/1279/3 1006/1333/3
f 1007/1334/1070 1006/1333/3 1019/1279/3
f 1007/1334/1070 1019/1279/3 1018/1278/1071
f 1018/1278/1071 1051/1312/1072 1007/1334/1070
f 1018/1278/1071 1050/1310/1072 1051/1312/1072
f 1054/1335/1073 1056/1336/1073 1055/1337/1073
f 1054/1335/1073 1057/1338/1073 1056/1336/1073
f 1058/1339/1074 1060/1340/1074 1059/1341/1074
f 1058/1339/1074 1061/1342/1074 1060/1340/1074
f 1009/1269/1075 986/1246/1076 987/1247/1077
f 1009/1269/1075 973/1343/1078 986/1246/1076
f 1047/1307/1079 1024/1284/1080 1025/1285/1081
f 1047/1307/1079 971/1232/1082 1024/1284/1080
f 1045/1305/1083 1049/1308/1084 1046/1306/1085
f 1045/1305/1083 1048/1309/1086 1049/1308/1084
f 1047/1307/1087 1049/1308/1087 1055/1337/1087
f 1047/1307/1087 1046/1306/1087 1049/1308/1087
f 971/1232/1088 1057/1338/1089 970/1230/1090
f 971/1232/1088 1056/1336/1091 1057/1338/1089
f 981/1241/1092 1057/1344/1093 1054/1345/1094
f 981/1241/1092 970/1346/1095 1057/1344/1093
f 1007/1267/1096 1052/1347/1097 1008/1268/1098
f 1007/1267/1096 1051/1348/1099 1052/1347/1097
f 1009/1269/1100 1052/1347/1101 1059/1349/1102
f 1009/1269/1100 1008/1268/1103 1052/1347/1101
f 973/1233/1104 1061/1342/1105 972/1231/1106
f 973/1233/1104 1060/1340/1107 1061/1342/1105
f 1017/1277/1108 1061/1342/1109 1058/1339/1110
f 1017/1277/1108 972/1231/1111 1061/1342/1109
f 1016/1276/1112 1050/1310/1113 1018/1278/1114
f 1016/1276/1112 1053/1313/1115 1050/1310/1113
f 559/782/15 1055/1337/15 1049/1308/15
f 559/782/15 1054/1335/15 1055/1337/15
f 1053/1313/15 1059/1341/15 1052/1311/15
f 1053/1313/15 1058/1339/15 1059/1341/15
f 971/1232/1116 1055/1337/1117 1056/1336/1118
f 971/1232/1116 1047/1307/1119 1055/1337/1117
f 556/779/1120 1054/1345/1121 559/782/1121
f 556/779/1120 981/1241/1120 1054/1345/1121
f 973/1343/1122 1059/1349/1123 1060/1350/1124
f 973/1343/1122 1009/1269/1125 1059/1349/1123
f 1016/1276/1087 1058/1339/1087 1053/1313/1087
f 1016/1276/1087 1017/1277/1087 1058/1339/1087
f 970/1346/1126 986/1246/1126 973/1343/1126
f 970/1346/1126 982/1242/1126 986/1246/1126
f 972/1231/1127 1024/1284/1127 971/1232/1127
f 972/1231/1127 1020/1280/1127 1024/1284/1127
f 981/1241/1128 982/1242/1129 970/1346/1130
f 981/1241/1128 978/1238/1131 982/1242/1129
f 1017/1277/1132 1020/1280/1133 972/1231/1134
f 1017/1277/1132 1014/1274/1135 1020/1280/1133
f 1062/1351/11 1064/1352/11 1063/1353/1136
f 1062/1351/11 1063/1353/1136 1065/1354/1136
f 1065/1354/1136 1063/1353/1136 1066/1355/1137
f 1065/1354/1136 1066/1355/1137 1067/1356/1138
f 1067/1356/1138 1066/1355/1137 1068/1357/110
f 1067/1356/1138 1068/1357/110 1069/1358/110
f 1069/1358/110 1068/1357/110 1070/1359/1139
f 1069/1358/110 1070/1359/1139 1071/1360/1139
f 1071/1360/1139 1070/1359/1139 1072/1361/1140
f 1071/1360/1139 1072/1361/1140 1073/1362/1140
f 1073/1362/1140 1072/1361/1140 1074/1363/3
f 1073/1362/1140 1074/1363/3 1075/1364/3
f 1075/1364/3 1074/1363/3 1076/1365/1141
f 1075/1364/3 1076/1365/1141 1077/1366/1141
f 1077/1366/1141 1076/1365/1141 1078/1367/1142
f 1077/1366/1141 1078/1367/1142 1079/1368/1142
f 1079/1368/1142 1078/1367/1142 1080/1369/123
f 1079/1368/1142 1080/1369/123 1081/1370/123
f 1081/1370/123 1080/1369/123 1082/1371/1143
f 1081/1370/123 1082/1371/1143 1083/1372/1144
f 1083/1372/1144 1082/1371/1143 1084/1373/1145
f 1083/1372/1144 1084/1373/1145 1085/1374/1146
f 1085/1374/1146 1084/1373/1145 1064/1375/11
f 1085/1374/1146 1064/1375/11 1062/1376/11
f 1086/1377/3 1088/1378/1147 1087/1379/1148
f 1086/1377/3 1087/1379/1148 1089/1380/1140
f 1089/1380/1140 1087/1379/1148 1090/1381/1149
f 1089/1380/1140 1091/1382/1150 1086/1377/3
f 1089/1380/1140 1090/1381/1149 1092/1383/1139
f 1092/1383/1139 1090/1381/1149 1093/1384/1151
f 1089/1380/1140 1094/1385/1152 1091/1382/1150
f 1092/1383/1139 1094/1385/1152 1089/1380/1140
f 1092/1383/1139 1093/1384/1151 1095/1386/110
f 1095/1386/110 1093/1384/1151 1096/1387/1153
f 1092/1383/1139 1097/1388/1154 1094/1385/1152
f 1095/1386/110 1097/1388/1154 1092/1383/1139
f 1095/1386/110 1096/1387/1153 1098/1389/1137
f 1098/1389/1137 1096/1387/1153 1099/1390/1155
f 1095/1386/110 1100/1391/110 1097/1388/1154
f 1098/1389/1137 1100/1391/110 1095/1386/110
f 1098/1389/1137 1101/1392/1156 1100/1391/110
f 1102/1393/1157 1097/1388/1154 1100/1391/110
f 1098/1389/1137 1099/1390/1155 1103/1394/1136
f 1103/1394/1136 1101/1392/1156 1098/1389/1137
f 1103/1394/1136 1099/1390/1155 1104/1395/1158
f 1103/1394/1136 1104/1395/1158 1105/1396/11
f 1105/1396/11 1104/1395/1158 1106/1397/1159
f 1102/1393/1157 1100/1391/110 1107/1398/110
f 1107/1398/110 1100/1391/110 1101/1392/1156
f 1105/1396/11 1108/1399/1160 1103/1394/1136
f 1103/1394/1136 1108/1399/1160 1101/1392/1156
f 1105/1396/11 1106/1397/1159 1109/1400/1145
f 1109/1400/1145 1106/1397/1159 1110/1401/1161
f 1105/1396/11 1111/1402/1162 1108/1399/1160
f 1109/1400/1145 1111/1402/1162 1105/1396/11
f 1109/1400/1145 1110/1401/1161 1112/1403/1144
f 1112/1403/1144 1110/1401/1161 1113/1404/1163
f 1109/1400/1145 1114/1405/1145 1111/1402/1162
f 1112/1403/1144 1114/1405/1145 1109/1400/1145
f 1115/1406/1164 1111/1402/1162 1114/1405/1145
f 1112/1403/1144 1113/1404/1163 1116/1407/123
f 1116/1407/123 1113/1404/1163 1117/1408/1165
f 1112/1403/1144 1118/1409/1144 1114/1405/1145
f 1116/1407/123 1118/1409/1144 1112/1403/1144
f 1116/1407/123 1117/1408/1165 1119/1410/1166
f 1119/1410/1166 1117/1408/1165 1120/1411/1167
f 1115/1406/1164 1114/1405/1145 1121/1412/1145
f 1121/1412/1145 1114/1405/1145 1118/1409/1144
f 1116/1407/123 1122/1413/123 1118/1409/1144
f 1119/1410/1166 1122/1413/123 1116/1407/123
f 1119/1410/1166 1120/1411/1167 1123/1414/1141
f 1123/1414/1141 1120/1411/1167 1088/1415/1147
f 1123/1414/1141 1088/1415/1147 1086/1416/3
f 1123/1414/1141 1124/1417/1166 1119/1410/1166
f 1119/1410/1166 1124/1417/1166 1122/1413/123
f 1086/1416/3 1125/1418/1141 1123/1414/1141
f 1123/1414/1141 1125/1418/1141 1124/1417/1166
f 1086/1416/3 1091/1419/1150 1125/1418/1141
f 1126/1420/1144 1118/1409/1144 1122/1413/123
f 1121/1412/1145 1118/1409/1144 1126/1420/1144
f 1127/1421/123 1122/1413/123 1124/1417/1166
f 1126/1420/1144 1122/1413/123 1127/1421/123
f 1128/1422/1141 1125/1418/1141 1091/1419/1150
f 1128/1422/1141 1091/1419/1150 1129/1423/1168
f 1130/1424/1166 1124/1417/1166 1125/1418/1141
f 1127/1421/123 1124/1417/1166 1130/1424/1166
f 1130/1424/1166 1125/1418/1141 1128/1422/1141
f 1131/1425/1141 1128/1422/1141 1129/1423/1168
f 1131/1425/1141 1129/1423/1168 1132/1426/3
f 1133/1427/1166 1130/1424/1166 1128/1422/1141
f 1133/1427/1166 1128/1422/1141 1131/1425/1141
f 1134/1428/123 1127/1421/123 1130/1424/1166
f 1134/1428/123 1130/1424/1166 1133/1427/1166
f 1135/1429/1144 1126/1420/1144 1127/1421/123
f 1135/1429/1144 1127/1421/123 1134/1428/123
f 1136/1430/1145 1121/1412/1145 1126/1420/1144
f 1136/1430/1145 1126/1420/1144 1135/1429/1144
f 1132/1426/3 1137/1431/1169 1131/1425/1141
f 1132/1426/3 1138/1432/1170 1137/1431/1169
f 1131/1425/1141 1139/1433/1171 1133/1427/1166
f 1131/1425/1141 1137/1431/1169 1139/1433/1171
f 1133/1427/1166 1140/1434/1172 1134/1428/123
f 1133/1427/1166 1139/1433/1171 1140/1434/1172
f 1134/1428/123 1141/1435/1173 1135/1429/1144
f 1134/1428/123 1140/1434/1172 1141/1435/1173
f 1138/1432/1170 1142/1436/1174 1137/1431/1169
f 1138/1432/1170 1143/1437/1175 1142/1436/1174
f 1137/1431/1169 1144/1438/1176 1139/1433/1171
f 1137/1431/1169 1142/1436/1174 1144/1438/1176
f 1139/1433/1171 1145/1439/1177 1140/1434/1172
f 1139/1433/1171 1144/1438/1176 1145/1439/1177
f 1143/1437/1175 1146/1440/1178 1142/1436/1174
f 1143/1437/1175 1147/1441/1179 1146/1440/1178
f 1142/1436/1174 1148/1442/1180 1144/1438/1176
f 1142/1436/1174 1146/1440/1178 1148/1442/1180
f 775/1443/843 1146/1440/1178 1147/1441/1179
f 775/1443/843 1147/1441/1179 777/1444/845
f 776/1445/844 1146/1440/1178 775/1443/843
f 776/1445/844 1148/1442/1180 1146/1440/1178
f 778/1446/846 1148/1442/1180 776/1445/844
f 1144/1438/1176 1148/1442/1180 1149/1447/1181
f 778/1446/846 1149/1447/1181 1148/1442/1180
f 1144/1438/1176 1149/1447/1181 1145/1439/1177
f 782/1448/850 1149/1447/1181 778/1446/846
f 782/1448/850 1150/1449/1182 1149/1447/1181
f 1145/1439/1177 1149/1447/1181 1150/1449/1182
f 786/1450/854 1150/1449/1182 782/1448/850
f 1145/1439/1177 1150/1449/1182 1151/1451/1183
f 1140/1434/1172 1145/1439/1177 1151/1451/1183
f 1140/1434/1172 1151/1451/1183 1141/1435/1173
f 786/1450/854 1152/1452/1184 1150/1449/1182
f 1151/1451/1183 1150/1449/1182 1152/1452/1184
f 792/1453/860 1152/1452/1184 786/1450/854
f 1141/1435/1173 1151/1451/1183 1153/1454/1185
f 1151/1451/1183 1152/1452/1184 1153/1454/1185
f 792/1453/860 1154/1455/1186 1152/1452/1184
f 1153/1454/1185 1152/1452/1184 1154/1455/1186
f 797/1456/865 1154/1455/1186 792/1453/860
f 1141/1435/1173 1153/1454/1185 1155/1457/1187
f 1135/1429/1144 1141/1435/1173 1155/1457/1187
f 1135/1429/1144 1155/1457/1187 1136/1430/1145
f 797/1456/865 1156/1458/1188 1154/1455/1186
f 795/1459/863 1156/1458/1188 797/1456/865
f 1153/1454/1185 1154/1455/1186 1157/1460/1189
f 1155/1457/1187 1153/1454/1185 1157/1460/1189
f 1157/1460/1189 1154/1455/1186 1156/1458/1188
f 1136/1430/1145 1155/1457/1187 1158/1461/1190
f 1155/1457/1187 1157/1460/1189 1158/1461/1190
f 795/1459/863 1159/1462/1191 1156/1458/1188
f 789/1463/857 1159/1462/1191 795/1459/863
f 1157/1460/1189 1156/1458/1188 1160/1464/1192
f 1158/1461/1190 1157/1460/1189 1160/1464/1192
f 1160/1464/1192 1156/1458/1188 1159/1462/1191
f 1136/1430/1145 1158/1461/1190 1161/1465/11
f 1161/1465/11 1121/1412/1145 1136/1430/1145
f 1161/1465/11 1115/1406/1164 1121/1412/1145
f 789/1463/857 1162/1466/1193 1159/1462/1191
f 784/1467/852 1162/1466/1193 789/1463/857
f 1158/1461/1190 1160/1464/1192 1163/1468/1194
f 1161/1465/11 1158/1461/1190 1163/1468/1194
f 1160/1464/1192 1159/1462/1191 1164/1469/1195
f 1164/1469/1195 1159/1462/1191 1162/1466/1193
f 1163/1468/1194 1160/1464/1192 1164/1469/1195
f 784/1467/852 1165/1470/1196 1162/1466/1193
f 780/1471/848 1165/1470/1196 784/1467/852
f 1161/1465/11 1163/1468/1194 1166/1472/1136
f 1166/1472/1136 1115/1406/1164 1161/1465/11
f 1163/1468/1194 1164/1469/1195 1167/1473/1197
f 1166/1472/1136 1163/1468/1194 1167/1473/1197
f 1164/1469/1195 1162/1466/1193 1168/1474/1198
f 1168/1474/1198 1162/1466/1193 1165/1470/1196
f 1167/1473/1197 1164/1469/1195 1168/1474/1198
f 780/1471/848 1169/1475/1199 1165/1470/1196
f 777/1476/845 1169/1475/1199 780/1471/848
f 777/1476/845 1147/1477/1179 1169/1475/1199
f 1168/1474/1198 1165/1470/1196 1170/1478/1200
f 1170/1478/1200 1165/1470/1196 1169/1475/1199
f 1171/1479/1201 1169/1475/1199 1147/1477/1179
f 1170/1478/1200 1169/1475/1199 1171/1479/1201
f 1171/1479/1201 1147/1477/1179 1143/1480/1175
f 1167/1473/1197 1168/1474/1198 1172/1481/1202
f 1172/1481/1202 1168/1474/1198 1170/1478/1200
f 1166/1472/1136 1167/1473/1197 1173/1482/1137
f 1173/1482/1137 1167/1473/1197 1172/1481/1202
f 1174/1483/1203 1170/1478/1200 1171/1479/1201
f 1172/1481/1202 1170/1478/1200 1174/1483/1203
f 1175/1484/1204 1171/1479/1201 1143/1480/1175
f 1174/1483/1203 1171/1479/1201 1175/1484/1204
f 1175/1484/1204 1143/1480/1175 1138/1485/1170
f 1176/1486/110 1172/1481/1202 1174/1483/1203
f 1173/1482/1137 1172/1481/1202 1176/1486/110
f 1173/1482/1137 1177/1487/1205 1166/1472/1136
f 1166/1472/1136 1177/1487/1205 1115/1406/1164
f 1178/1488/1206 1174/1483/1203 1175/1484/1204
f 1176/1486/110 1174/1483/1203 1178/1488/1206
f 1179/1489/1140 1175/1484/1204 1138/1485/1170
f 1178/1488/1206 1175/1484/1204 1179/1489/1140
f 1179/1489/1140 1138/1485/1170 1132/1490/3
f 1176/1486/110 1180/1491/1207 1173/1482/1137
f 1173/1482/1137 1180/1491/1207 1177/1487/1205
f 1178/1488/1206 1107/1398/110 1176/1486/110
f 1176/1486/110 1107/1398/110 1180/1491/1207
f 1178/1488/1206 1102/1393/1157 1107/1398/110
f 1179/1489/1140 1102/1393/1157 1178/1488/1206
f 1107/1398/110 1101/1392/1156 1180/1491/1207
f 1132/1490/3 1181/1492/1208 1179/1489/1140
f 1179/1489/1140 1181/1492/1208 1102/1393/1157
f 1132/1490/3 1129/1493/1168 1181/1492/1208
f 1177/1487/1205 607/1494/688 1115/1406/1164
f 1177/1487/1205 604/1495/685 607/1494/688
f 1180/1491/1207 604/1495/685 1177/1487/1205
f 1115/1406/1164 607/1494/688 606/1496/687
f 1180/1491/1207 603/1497/684 604/1495/685
f 1101/1392/1156 603/1497/684 1180/1491/1207
f 1115/1406/1164 606/1496/687 1111/1402/1162
f 1101/1392/1156 563/1498/644 603/1497/684
f 1111/1402/1162 606/1496/687 560/1499/641
f 1108/1399/1160 563/1498/644 1101/1392/1156
f 1111/1402/1162 560/1499/641 1108/1399/1160
f 1108/1399/1160 560/1499/641 563/1498/644
f 1181/1492/1208 611/1500/692 1102/1393/1157
f 1181/1492/1208 652/1501/721 611/1500/692
f 1102/1393/1157 611/1500/692 608/1502/689
f 1129/1493/1168 652/1501/721 1181/1492/1208
f 1102/1393/1157 608/1502/689 1097/1388/1154
f 1129/1493/1168 654/1503/723 652/1501/721
f 1097/1388/1154 608/1502/689 617/1504/698
f 1091/1382/1150 654/1503/723 1129/1493/1168
f 1097/1388/1154 617/1504/698 1094/1385/1152
f 1091/1382/1150 655/1505/724 654/1503/723
f 1094/1385/1152 655/1505/724 1091/1382/1150
f 1094/1385/1152 617/1504/698 655/1505/724
f 826/1071/977 809/1054/1209 813/1058/977
f 826/1071/977 827/1072/1209 809/1054/1209
f 808/1053/1210 809/1054/1209 827/1072/1209
f 808/1053/1210 827/1072/1209 807/1052/1211
f 1182/1506/1212 1184/1507/1213 1183/1508/1213
f 1182/1506/1212 1185/1509/1214 1184/1507/1213
f 1186/1510/1215 1184/1507/1213 1185/1509/1214
f 1186/1510/1215 1185/1509/1214 1187/1511/1216
f 1185/1509/1214 1182/1506/1212 1188/1512/1217
f 1187/1511/1216 1185/1509/1214 1189/1513/1218
f 1185/1509/1214 1188/1512/1217 1189/1513/1218
f 1190/1514/1219 1188/1512/1217 1182/1506/1212
f 1190/1514/1219 1182/1506/1212 896/1141/961
f 1189/1513/1218 1188/1512/1217 1191/1515/1220
f 1189/1513/1218 1191/1515/1220 1192/1516/1221
f 1193/1517/1222 1191/1515/1220 1188/1512/1217
f 1193/1517/1222 1188/1512/1217 1190/1514/1219
f 1194/1518/1223 1193/1517/1222 1190/1514/1219
f 790/1035/858 1190/1514/1219 896/1141/961
f 790/1035/858 1194/1518/1223 1190/1514/1219
f 1194/1518/1223 1195/1519/1224 1193/1517/1222
f 790/1035/858 896/1141/961 656/901/725
f 656/901/725 896/1141/961 658/902/726
f 774/1019/842 1194/1518/1223 790/1035/858
f 774/1019/842 1196/1520/1225 1194/1518/1223
f 774/1019/842 750/995/819 1196/1520/1225
f 750/995/819 1197/1521/1226 1196/1520/1225
f 750/995/819 752/997/821 1197/1521/1226
f 1197/1521/1226 1198/1522/1227 1196/1520/1225
f 1197/1521/1226 1199/1523/1228 1198/1522/1227
f 1196/1520/1225 1200/1524/1229 1194/1518/1223
f 1196/1520/1225 1198/1522/1227 1200/1524/1229
f 1194/1518/1223 1200/1524/1229 1201/1525/1230
f 1194/1518/1223 1201/1525/1230 1195/1519/1224
f 1202/1526/1231 1198/1522/1227 1199/1523/1228
f 1202/1526/1231 1199/1523/1228 1203/1527/1232
f 1204/1528/1233 1200/1524/1229 1198/1522/1227
f 1204/1528/1233 1198/1522/1227 1202/1526/1231
f 1200/1524/1229 1204/1528/1233 1205/1529/1234
f 1200/1524/1229 1205/1529/1234 1201/1525/1230
f 1206/1530/1235 1205/1529/1234 1204/1528/1233
f 1207/1531/1236 1204/1528/1233 1202/1526/1231
f 1206/1530/1235 1204/1528/1233 1207/1531/1236
f 1208/1532/1237 1206/1530/1235 1207/1531/1236
f 1207/1531/1236 1202/1526/1231 729/974/798
f 729/974/798 1203/1527/1232 746/991/815
f 729/974/798 1202/1526/1231 1203/1527/1232
f 729/974/798 712/957/781 1207/1531/1236
f 1208/1532/1237 1207/1531/1236 712/957/781
f 1208/1532/1237 1209/1533/1238 1206/1530/1235
f 1208/1532/1237 712/957/781 675/920/744
f 1208/1532/1237 675/920/744 1187/1511/1216
f 665/910/734 1187/1511/1216 675/920/744
f 665/910/734 1186/1510/1215 1187/1511/1216
f 1187/1511/1216 1189/1513/1218 1208/1532/1237
f 1208/1532/1237 1189/1513/1218 1192/1516/1221
f 665/910/734 666/911/735 1186/1510/1215
f 1208/1532/1237 1192/1516/1221 1209/1533/1238
f 666/911/1239 1184/1507/1240 1186/1510/1241
f 666/911/1239 664/909/1242 1184/1507/1240
f 664/909/1242 1183/1508/1243 1184/1507/1240
f 664/909/1242 662/907/1243 1183/1508/1243
f 897/1142/1244 1183/1508/1243 662/907/1243
f 897/1142/1244 662/907/1243 661/906/1244
f 674/919/1245 669/914/1246 671/916/1247
f 674/919/1245 682/927/1248 669/914/1246
f 682/927/1248 670/915/1249 669/914/1246
f 682/927/1248 683/928/1250 670/915/1249
f 898/1143/1251 670/915/1249 683/928/1250
f 898/1143/1251 683/928/1250 685/930/1252
f 831/1076/1253 832/1077/1254 830/1075/1255
f 831/1076/1253 851/1096/1256 832/1077/1254
f 851/1096/1256 834/1079/1257 832/1077/1254
f 851/1096/1256 849/1094/1258 834/1079/1257
f 835/1080/1259 849/1094/1258 836/1081/1260
f 835/1080/1259 834/1079/1257 849/1094/1258
f 859/1104/1261 860/1105/1262 862/1107/1263
f 859/1104/1261 847/1092/1264 860/1105/1262
f 847/1092/1264 861/1106/1265 860/1105/1262
f 847/1092/1264 845/1090/1266 861/1106/1265
f 903/1148/1267 861/1106/1265 845/1090/1266
f 903/1148/1267 845/1090/1266 841/1086/1268
f 864/1109/1269 853/1098/1270 855/1100/1269
f 864/1109/1269 877/1122/1271 853/1098/1270
f 877/1122/1271 854/1099/1272 853/1098/1270
f 877/1122/1271 878/1123/1272 854/1099/1272
f 881/1126/1273 854/1099/1272 878/1123/1272
f 881/1126/1273 878/1123/1272 879/1124/1273
f 768/1013/1274 892/1137/1275 891/1136/1276
f 768/1013/1274 767/1012/1277 892/1137/1275
f 767/1012/1277 893/1138/1278 892/1137/1275
f 767/1012/1277 765/1010/1279 893/1138/1278
f 894/1139/1280 893/1138/1278 765/1010/1279
f 894/1139/1280 765/1010/1279 764/1009/1281
f 739/984/1282 759/1004/1283 738/983/1284
f 739/984/1282 740/985/1283 759/1004/1283
f 740/985/1283 757/1002/1285 759/1004/1283
f 740/985/1283 742/987/1285 757/1002/1285
f 756/1001/1285 757/1002/1285 742/987/1285
f 756/1001/1285 742/987/1285 755/1000/1285
f 746/991/1286 747/992/1287 745/990/1288
f 746/991/1286 1203/1527/1289 747/992/1287
f 1203/1527/1289 751/996/1290 747/992/1287
f 1203/1527/1289 1199/1523/1291 751/996/1290
f 752/997/1292 1199/1523/1291 1197/1521/1293
f 752/997/1292 751/996/1290 1199/1523/1291
f 1209/1533/1294 1205/1529/1295 1206/1530/1296
f 1209/1533/1294 1192/1516/1295 1205/1529/1295
f 1192/1516/1295 1201/1525/1297 1205/1529/1295
f 1192/1516/1295 1191/1515/1298 1201/1525/1297
f 1195/1519/1299 1201/1525/1297 1191/1515/1298
f 1195/1519/1299 1191/1515/1298 1193/1517/1300
f 896/1141/961 1183/1508/1213 897/1142/962
f 896/1141/961 1182/1506/1212 1183/1508/1213
f 838/1083/904 861/1106/927 903/1148/968
f 838/1083/904 839/1084/905 861/1106/927
f 755/1000/824 743/988/812 749/994/818
f 755/1000/824 742/987/811 743/988/812
f 1087/1534/1148 1093/1535/1151 1090/1536/1149
f 1088/1537/1147 1093/1535/1151 1087/1534/1148
f 1120/1538/1167 1093/1535/1151 1088/1537/1147
f 1117/1539/1165 1093/1535/1151 1120/1538/1167
f 1113/1540/1163 1093/1535/1151 1117/1539/1165
f 1110/1541/1161 1093/1535/1151 1113/1540/1163
f 1106/1542/1159 1093/1535/1151 1110/1541/1161
f 1104/1543/1158 1093/1535/1151 1106/1542/1159
f 1099/1544/1155 1093/1535/1151 1104/1543/1158
f 1096/1545/1153 1093/1535/1151 1099/1544/1155
f 917/1169/999 911/1156/994 910/1155/993
f 917/1169/999 910/1155/993 916/1167/997
f 916/1167/997 910/1155/993 912/1157/3
f 916/1167/997 912/1157/3 920/1171/1001
f 920/1171/1001 912/1157/3 913/1159/995
f 920/1171/1001 913/1159/995 925/1176/1006
f 925/1176/1006 913/1159/995 914/1161/996
f 925/1176/1006 914/1161/996 929/1180/1010
f 929/1180/1010 914/1161/996 915/1163/11
f 929/1180/1010 915/1163/11 932/1183/1013
f 932/1183/1013 915/1163/11 911/1166/994
f 932/1183/1013 911/1166/994 917/1190/999
f 1210/1546/1301 1212/1547/1302 1211/1548/994
f 1210/1546/1301 1213/1549/1303 1212/1547/1302
f 1213/1549/1303 1210/1546/1301 961/1228/1042
f 1213/1549/1303 1214/1550/3 1212/1547/1302
f 1213/1549/1303 961/1228/1042 968/1226/1049
f 1213/1549/1303 1215/1551/1304 1214/1550/3
f 1215/1551/1304 1213/1549/1303 968/1226/1049
f 1215/1551/1304 1216/1552/1305 1214/1550/3
f 1215/1551/1304 968/1226/1049 966/1224/1047
f 1215/1551/1304 1217/1553/1306 1216/1552/1305
f 1217/1553/1306 1215/1551/1304 966/1224/1047
f 1217/1553/1306 1218/1554/1307 1216/1552/1305
f 1217/1553/1306 966/1224/1047 964/1222/1045
f 1217/1553/1306 1219/1555/1308 1218/1554/1307
f 1219/1555/1308 1217/1553/1306 964/1222/1045
f 1219/1555/1308 1220/1556/11 1218/1554/1307
f 1219/1555/1308 964/1222/1045 962/1220/1043
f 1219/1555/1308 1221/1557/1309 1220/1556/11
f 1221/1557/1309 1219/1555/1308 962/1220/1043
f 1221/1557/1309 1211/1558/994 1220/1556/11
f 1221/1557/1309 962/1220/1043 960/1218/1041
f 1221/1557/1309 1210/1559/1301 1211/1558/994
f 1210/1559/1301 1221/1557/1309 960/1218/1041
f 1210/1559/1301 960/1218/1041 961/1219/1042
f 1222/1560/1310 1224/1561/1311 1223/1562/1312
f 1225/1563/1313 1223/1562/1312 1226/1564/1314
f 1226/1564/1314 1223/1562/1312 1227/1565/1315
f 1223/1562/1312 1228/1566/1316 1227/1565/1315
f 1223/1562/1312 1224/1561/1311 1228/1566/1316
f 1224/1561/1311 1229/1567/1317 1228/1566/1316
f 1229/1567/1317 1224/1561/1311 1230/1568/1318
f 1222/1560/1310 1230/1568/1318 1224/1561/1311
f 1225/1563/1313 1222/1560/1310 1223/1562/1312
f 1231/1569/1319 1229/1567/1317 1230/1568/1318
f 1231/1569/1319 1230/1568/1318 1222/1560/1310
f 1228/1566/1316 1229/1567/1317 1232/1570/1320
f 1233/1571/1321 1229/1567/1317 1231/1569/1319
f 1234/1572/1322 1231/1569/1319 1222/1560/1310
f 1234/1572/1322 1222/1560/1310 1225/1563/1313
f 1228/1566/1316 1232/1570/1320 1235/1573/1323
f 1227/1565/1315 1228/1566/1316 1235/1573/1323
f 1236/1574/1324 1235/1573/1323 1232/1570/1320
f 1227/1565/1315 1235/1573/1323 1236/1574/1324
f 1236/1574/1324 1232/1570/1320 1233/1571/1321
f 1237/1575/1325 1227/1565/1315 1236/1574/1324
f 1226/1564/1314 1227/1565/1315 1237/1575/1325
f 1238/1576/1326 1231/1569/1319 1234/1572/1322
f 1238/1576/1326 1233/1571/1321 1231/1569/1319
f 1239/1577/1327 1236/1574/1324 1233/1571/1321
f 1237/1575/1325 1236/1574/1324 1239/1577/1327
f 1239/1577/1327 1233/1571/1321 1238/1576/1326
f 1240/1578/1328 1226/1564/1314 1237/1575/1325
f 1241/1579/1329 1237/1575/1325 1239/1577/1327
f 1240/1578/1328 1237/1575/1325 1241/1579/1329
f 1242/1580/1330 1239/1577/1327 1238/1576/1326
f 1241/1579/1329 1239/1577/1327 1242/1580/1330
f 1243/1581/1331 1238/1576/1326 1234/1572/1322
f 1242/1580/1330 1238/1576/1326 1243/1581/1331
f 1244/1582/1332 1226/1564/1314 1240/1578/1328
f 1244/1582/1332 1225/1563/1313 1226/1564/1314
f 1245/1583/1333 1234/1572/1322 1225/1563/1313
f 1243/1581/1331 1234/1572/1322 1245/1583/1333
f 1245/1583/1333 1225/1563/1313 1244/1582/1332
f 1246/1584/1334 1240/1578/1328 1241/1579/1329
f 1246/1584/1334 1244/1582/1332 1240/1578/1328
f 1246/1584/1334 1247/1585/1335 1244/1582/1332
f 1248/1586/1336 1244/1582/1332 1247/1585/1335
f 1248/1586/1336 1245/1583/1333 1244/1582/1332
f 1249/1587/1337 1245/1583/1333 1248/1586/1336
f 1249/1587/1337 1243/1581/1331 1245/1583/1333
f 1246/1584/1334 1241/1579/1329 1250/1588/1338
f 1250/1588/1338 1241/1579/1329 1242/1580/1330
f 1251/1589/1339 1243/1581/1331 1249/1587/1337
f 1251/1589/1339 1242/1580/1330 1243/1581/1331
f 1250/1588/1338 1242/1580/1330 1251/1589/1339
f 1250/1588/1338 1251/1589/1339 1252/1590/1340
f 1251/1589/1339 1253/1591/1341 1252/1590/1340
f 1251/1589/1339 1249/1592/1337 1253/1591/1341
f 1249/1592/1337 1254/1593/1342 1253/1591/1341
f 1249/1592/1337 1248/1594/1336 1254/1593/1342
f 1248/1594/1336 1255/1595/1343 1254/1593/1342
f 1248/1594/1336 1247/1596/1335 1255/1595/1343
f 1250/1588/1338 1252/1590/1340 1256/1597/1344
f 1246/1598/1334 1250/1588/1338 1256/1597/1344
f 1246/1598/1334 1256/1597/1344 1257/1599/1345
f 1255/1600/1343 1246/1598/1334 1257/1599/1345
f 1255/1600/1343 1247/1601/1335 1246/1598/1334
f 1252/1590/1340 1258/1602/1346 1256/1597/1344
f 1252/1590/1340 1259/1603/1347 1258/1602/1346
f 1253/1604/1341 1259/1603/1347 1252/1590/1340
f 1256/1597/1344 1258/1602/1346 1260/1605/1348
f 1256/1597/1344 1260/1605/1348 1257/1606/1345
f 1253/1604/1341 1261/1607/1349 1259/1603/1347
f 1254/1608/1342 1261/1607/1349 1253/1604/1341
f 1257/1606/1345 1260/1605/1348 1262/1609/1350
f 1257/1606/1345 1262/1609/1350 1255/1610/1343
f 1255/1610/1343 1263/1611/1351 1254/1608/1342
f 1254/1608/1342 1263/1611/1351 1261/1607/1349
f 1255/1610/1343 1262/1609/1350 1263/1611/1351
f 1259/1603/1347 1264/1612/1352 1258/1602/1346
f 1258/1602/1346 1265/1613/1353 1260/1605/1348
f 1258/1602/1346 1264/1612/1352 1265/1613/1353
f 1261/1607/1349 1266/1614/1354 1259/1603/1347
f 1259/1603/1347 1266/1614/1354 1264/1612/1352
f 1263/1611/1351 1267/1615/1355 1261/1607/1349
f 1261/1607/1349 1267/1615/1355 1266/1614/1354
f 1262/1609/1350 1268/1616/1356 1263/1611/1351
f 1263/1611/1351 1268/1616/1356 1267/1615/1355
f 1260/1605/1348 1269/1617/1357 1262/1609/1350
f 1260/1605/1348 1265/1613/1353 1269/1617/1357
f 1262/1609/1350 1269/1617/1357 1268/1616/1356
f 1265/1613/1353 1270/1618/1358 1269/1617/1357
f 1264/1612/1352 1271/1619/1359 1265/1613/1353
f 1265/1613/1353 1271/1619/1359 1270/1618/1358
f 1271/1619/1359 1272/1620/1360 1270/1618/1358
f 1270/1618/1358 1272/1620/1360 1273/1621/1361
f 1266/1614/1354 1274/1622/1362 1264/1612/1352
f 1264/1612/1352 1274/1622/1362 1271/1619/1359
f 1267/1615/1355 1275/1623/1363 1266/1614/1354
f 1266/1614/1354 1275/1623/1363 1274/1622/1362
f 1274/1622/1362 1276/1624/1364 1271/1619/1359
f 1277/1625/1365 1272/1620/1360 1276/1624/1364
f 1274/1622/1362 1277/1625/1365 1276/1624/1364
f 1272/1620/1360 1277/1625/1365 1273/1621/1361
f 1275/1623/1363 1277/1625/1365 1274/1622/1362
f 1269/1617/1357 1278/1626/1366 1268/1616/1356
f 1269/1617/1357 1270/1618/1358 1278/1626/1366
f 1270/1618/1358 1273/1621/1361 1278/1626/1366
f 1268/1616/1356 1279/1627/1367 1267/1615/1355
f 1267/1615/1355 1279/1627/1367 1275/1623/1363
f 1268/1616/1356 1278/1626/1366 1279/1627/1367
f 1278/1626/1366 1280/1628/1368 1279/1627/1367
f 1278/1626/1366 1273/1621/1361 1280/1628/1368
f 1273/1621/1361 1277/1625/1365 1281/1629/1369
f 1275/1623/1363 1281/1629/1369 1277/1625/1365
f 1279/1627/1367 1281/1629/1369 1275/1623/1363
f 1273/1621/1361 1281/1629/1369 1280/1628/1368
f 1279/1627/1367 1280/1628/1368 1281/1629/1369
f 1233/1571/1321 1232/1570/1320 1229/1567/1317
f 1271/1619/1359 1276/1624/1364 1272/1620/1360
f 1282/1630/1370 1284/1631/1371 1283/1632/1372
f 1285/1633/1373 1284/1631/1371 1282/1630/1370
f 1285/1633/1373 1286/1634/1374 1284/1631/1371
f 1287/1635/1375 1289/1636/1376 1288/1637/1377
f 1287/1635/1375 1290/1638/1378 1289/1636/1376
f 1291/1639/1379 1293/1640/1380 1292/1641/1381
f 1291/1639/1379 1294/1642/1382 1293/1640/1380
f 1295/1643/1383 1297/1644/1384 1296/1645/1385
f 1296/1645/1385 1297/1644/1384 1290/1638/1386
f 1296/1645/1385 1290/1638/1386 1287/1635/1387
f 1298/1646/1388 1286/1634/1389 1285/1633/1390
f 1298/1646/1388 1299/1647/1391 1286/1634/1389
f 1299/1647/1392 1293/1640/1393 1294/1642/1394
f 1293/1640/1393 1299/1647/1392 1289/1636/1395
f 1289/1636/1395 1299/1647/1392 1298/1646/1396
f 1289/1636/1395 1298/1646/1396 1288/1637/1397
f 1300/1648/1398 1288/1637/1397 1298/1646/1396
f 1300/1648/1399 1298/1646/1400 1301/1649/1400
f 1291/1639/1401 1299/1647/1402 1294/1642/1403
f 1291/1639/1401 1286/1634/1404 1299/1647/1402
f 1290/1638/1405 1293/1640/1406 1289/1636/1407
f 1290/1638/1405 1292/1641/1408 1293/1640/1406
f 1290/1638/1409 1302/1650/1410 1292/1641/1411
f 1290/1638/1409 1297/1651/1412 1302/1650/1410
f 1292/1641/1413 1303/1652/1413 1291/1639/1413
f 1292/1641/1413 1302/1653/1413 1303/1652/1413
f 1303/1654/1414 1286/1634/1415 1291/1639/1416
f 1303/1654/1414 1284/1655/1417 1286/1634/1415
f 1304/1656/1418 1306/1657/1419 1305/1658/1419
f 1304/1656/1420 1307/1659/1421 1306/1657/1422
f 1304/1656/1420 1308/1660/1423 1307/1659/1421
f 1309/1661/1424 1306/1657/1425 1310/1662/1426
f 1309/1661/1424 1305/1658/1427 1306/1657/1425
f 1311/1663/3 1313/1664/1428 1312/1665/1429
f 1314/1666/1430 1312/1665/1429 1313/1664/1428
f 1314/1666/1430 1315/1667/1431 1312/1665/1429
f 1314/1666/1430 1316/1668/1432 1315/1667/1431
f 1316/1668/1432 1314/1666/1430 1317/1669/1433
f 1311/1663/1434 1318/1670/1435 1313/1664/1436
f 1311/1663/1434 1319/1671/1437 1318/1670/1435
f 1312/1665/1438 1321/1672/1439 1320/1673/1440
f 1312/1665/1441 1315/1667/1442 1321/1672/1443
f 1322/1674/1444 1314/1666/1445 1313/1664/1446
f 1322/1674/1444 1323/1675/1447 1314/1666/1445
f 1324/1676/1448 1317/1669/1449 1325/1677/1450
f 1324/1676/1448 1316/1668/1451 1317/1669/1449
f 1326/1678/1452 1328/1679/1453 1327/1680/1454
f 1326/1678/1452 1329/1681/1455 1328/1679/1453
f 1327/1680/1456 1330/1682/1456 1326/1678/1456
f 1330/1682/1456 1327/1680/1456 1331/1683/1456
f 1331/1683/1456 1327/1680/1456 1332/1684/1456
f 1331/1683/1456 1332/1684/1456 1325/1677/1456
f 1325/1677/1456 1332/1684/1456 1333/1685/1456
f 1325/1677/1456 1333/1685/1456 1324/1676/1456
f 1334/1686/1457 1336/1687/1458 1335/1688/1459
f 1334/1686/1457 1337/1689/1460 1336/1687/1458
f 1338/1690/1461 1283/1691/1372 1284/1692/1371
f 1339/1693/1462 1338/1690/1461 1284/1692/1371
f 1339/1693/1462 1284/1692/1371 1340/1694/1463
f 1341/1695/1464 1343/1696/1465 1342/1697/1466
f 1341/1695/1464 1344/1698/1467 1343/1696/1465
f 1295/1699/1383 1345/1700/1468 1297/1701/1384
f 1345/1700/1468 1335/1688/1469 1297/1701/1384
f 1345/1700/1468 1334/1686/1470 1335/1688/1469
f 1346/1702/1471 1340/1694/1472 1347/1703/1473
f 1346/1702/1471 1339/1693/1474 1340/1694/1472
f 1343/1696/11 1347/1703/1475 1342/1697/11
f 1347/1703/1475 1343/1696/11 1336/1687/1476
f 1347/1703/1475 1336/1687/1476 1346/1702/1477
f 1346/1702/1477 1336/1687/1476 1337/1689/1478
f 1348/1704/1479 1346/1702/1477 1337/1689/1478
f 1348/1704/1479 1349/1705/1480 1346/1702/1477
f 1341/1695/1481 1347/1703/1482 1340/1694/1483
f 1341/1695/1481 1342/1697/1484 1347/1703/1482
f 1335/1688/1485 1343/1696/1486 1344/1698/1487
f 1335/1688/1485 1336/1687/1488 1343/1696/1486
f 1335/1688/1489 1302/1706/1490 1297/1707/1491
f 1335/1688/1489 1344/1698/1492 1302/1706/1490
f 1344/1698/1493 1303/1708/1493 1302/1709/1493
f 1344/1698/1493 1341/1695/1493 1303/1708/1493
f 1303/1710/1494 1340/1694/1495 1284/1711/1496
f 1303/1710/1494 1341/1695/1497 1340/1694/1495
f 1350/1712/1498 1352/1713/1499 1351/1714/1500
f 1350/1712/1498 1351/1714/1500 1353/1715/1501
f 1354/1716/1502 1350/1712/1502 1353/1715/1502
f 1309/1717/1503 1351/1714/1504 1352/1713/1505
f 1309/1717/1506 1310/1718/1507 1351/1714/1508
f 1355/1719/11 1356/1720/11 1357/1721/11
f 1356/1720/1509 1358/1722/1510 1357/1721/1511
f 1359/1723/1512 1358/1722/1510 1356/1720/1509
f 1360/1724/1513 1358/1722/1510 1359/1723/1512
f 1358/1722/1510 1360/1724/1513 1361/1725/1514
f 1355/1719/1515 1363/1726/1516 1362/1727/1517
f 1355/1719/1515 1357/1721/1518 1363/1726/1516
f 1356/1720/1519 1321/1728/1520 1359/1723/1521
f 1356/1720/1519 1320/1729/1522 1321/1728/1520
f 1322/1730/1523 1358/1722/1524 1323/1731/1525
f 1322/1730/1523 1357/1721/1526 1358/1722/1524
f 1364/1732/1527 1361/1725/1528 1360/1724/1529
f 1364/1732/1527 1365/1733/1530 1361/1725/1528
f 1366/1734/1531 1328/1735/1532 1329/1736/1533
f 1366/1734/1531 1367/1737/1534 1328/1735/1532
f 1368/1738/1535 1367/1737/1535 1366/1734/1535
f 1367/1737/1535 1368/1738/1535 1369/1739/1535
f 1367/1737/1535 1369/1739/1535 1370/1740/1535
f 1370/1740/1535 1369/1739/1535 1365/1733/1535
f 1370/1740/1535 1365/1733/1535 1371/1741/1535
f 1371/1741/1535 1365/1733/1535 1364/1732/1535
f 1322/1742/1536 1313/1743/1537 1318/1744/1538
f 1363/1745/1539 1322/1742/1536 1318/1744/1538
f 1357/1746/1540 1322/1742/1536 1363/1745/1539
f 1304/1747/1541 1305/1748/1542 1309/1749/1543
f 1304/1747/1544 1309/1749/1545 1372/1750/1546
f 1372/1750/1546 1309/1749/1545 1352/1751/1547
f 1372/1750/1546 1352/1751/1547 1350/1752/1548
f 1311/1753/1549 1362/1754/1550 1319/1755/1551
f 1311/1753/1549 1355/1756/1552 1362/1754/1550
f 1358/1757/1553 1314/1758/1554 1323/1759/1555
f 1361/1760/1556 1314/1758/1554 1358/1757/1553
f 1361/1760/1556 1317/1761/1556 1314/1758/1554
f 1364/1762/1557 1333/1763/1557 1371/1764/1557
f 1364/1762/1557 1324/1765/1557 1333/1763/1557
f 1370/1766/1558 1332/1767/1558 1327/1768/1559
f 1370/1766/1558 1327/1768/1559 1367/1769/1559
f 1367/1769/1559 1327/1768/1559 1328/1770/1560
f 1326/1771/1561 1366/1772/1562 1329/1773/1563
f 1326/1771/1561 1368/1774/1564 1366/1772/1562
f 1326/1771/1561 1330/1775/1564 1368/1774/1564
f 1331/1776/1565 1368/1774/1565 1330/1775/1565
f 1331/1776/1565 1369/1777/1565 1368/1774/1565
f 1373/1778/1566 1374/1779/1567 1285/1780/1568
f 1373/1778/1566 1285/1780/1568 1282/1781/1569
f 1375/1782/1570 1373/1778/1566 1282/1781/1569
f 1375/1782/1570 1282/1781/1569 1283/1783/1571
f 1376/1784/1572 1375/1782/1570 1283/1783/1571
f 1376/1784/1572 1283/1783/1571 1338/1785/1573
f 1377/1786/1574 1376/1784/1572 1338/1785/1573
f 1377/1786/1574 1338/1785/1573 1339/1787/1575
f 1349/1788/1576 1339/1787/1577 1346/1789/1578
f 1349/1788/1576 1377/1786/1579 1339/1787/1577
f 1378/1790/1580 1296/1791/1581 1287/1792/1582
f 1378/1790/1580 1379/1793/1583 1296/1791/1581
f 1379/1793/1583 1295/1794/1584 1296/1791/1581
f 1379/1793/1583 1380/1795/1585 1295/1794/1584
f 1380/1795/1585 1345/1796/1586 1295/1794/1584
f 1380/1795/1585 1381/1797/1587 1345/1796/1586
f 1381/1797/1587 1334/1798/1588 1345/1796/1586
f 1381/1797/1587 1382/1799/1589 1334/1798/1588
f 1374/1779/1590 1298/1800/1591 1285/1780/1592
f 1374/1779/1590 1301/1801/1593 1298/1800/1591
f 1300/1802/1594 1287/1792/1595 1288/1803/1596
f 1300/1802/1594 1378/1790/1597 1287/1792/1595
f 1382/1799/1598 1337/1804/1599 1334/1798/1600
f 1382/1799/1598 1348/1805/1601 1337/1804/1599
f 1317/1761/1602 1365/1806/1602 1325/1807/1602
f 1317/1761/1602 1361/1760/1602 1365/1806/1602
f 1332/1767/1603 1371/1764/1603 1333/1763/1603
f 1332/1767/1603 1370/1766/1603 1371/1764/1603
f 1369/1777/1604 1325/1807/1604 1365/1806/1604
f 1369/1777/1604 1331/1776/1604 1325/1807/1604
f 1324/1765/1605 1360/1808/1605 1316/1809/1605
f 1324/1765/1605 1364/1762/1605 1360/1808/1605
f 1321/1810/1606 1360/1808/1607 1359/1811/1608
f 1360/1808/1607 1321/1810/1606 1316/1809/1609
f 1316/1809/1609 1321/1810/1606 1315/1812/1610
f 1318/1813/1611 1362/1727/1611 1363/1726/1611
f 1318/1813/1611 1319/1814/1611 1362/1727/1611
f 1383/1815/1612 1385/1816/1613 1384/1817/1614
f 1383/1815/1612 1386/1818/1615 1385/1816/1613
f 1387/1819/1616 1383/1815/1612 1384/1817/1614
f 1386/1818/1615 1388/1820/1617 1385/1816/1613
f 1387/1819/1616 1384/1817/1614 1389/1821/1618
f 1386/1818/1615 1390/1822/1619 1388/1820/1617
f 1391/1823/1620 1387/1819/1616 1389/1821/1618
f 1390/1822/1619 1392/1824/1621 1388/1820/1617
f 1391/1823/1620 1389/1821/1618 1393/1825/1622
f 1390/1822/1619 1394/1826/1623 1392/1824/1621
f 1395/1827/1624 1391/1823/1620 1393/1825/1622
f 1394/1826/1623 1396/1828/1625 1392/1824/1621
f 1395/1827/1624 1393/1825/1622 1397/1829/1626
f 1394/1826/1623 1398/1830/1627 1396/1828/1625
f 1399/1831/1628 1395/1827/1624 1397/1829/1626
f 1398/1830/1627 1400/1832/1629 1396/1828/1625
f 1399/1831/1628 1397/1829/1626 1401/1833/1630
f 1398/1830/1627 1402/1834/1631 1400/1832/1629
f 1403/1835/1632 1399/1831/1628 1401/1833/1630
f 1402/1834/1631 1404/1836/1633 1400/1832/1629
f 1403/1835/1632 1401/1833/1630 1405/1837/1634
f 1402/1834/1631 1406/1838/1635 1404/1836/1633
f 1407/1839/1636 1403/1835/1632 1405/1837/1634
f 1406/1838/1635 1408/1840/1637 1404/1836/1633
f 1407/1839/1636 1405/1837/1634 1409/1841/1638
f 1406/1838/1635 1410/1842/1639 1408/1840/1637
f 1411/1843/1640 1407/1839/1636 1409/1841/1638
f 1410/1842/1639 1412/1844/1641 1408/1840/1637
f 1411/1843/1640 1409/1841/1638 1413/1845/1642
f 1410/1842/1639 1414/1846/1641 1412/1844/1641
f 1414/1846/1641 1411/1843/1640 1413/1845/1642
f 1414/1846/1641 1413/1845/1642 1412/1844/1641
f 1414/1846/1643 1300/1802/1644 1415/1847/1645
f 1414/1846/1643 1410/1842/1646 1300/1802/1644
f 1411/1843/1647 1414/1846/1643 1415/1847/1645
f 1378/1790/1648 1300/1802/1644 1410/1842/1646
f 1411/1843/1647 1415/1847/1645 1301/1801/1649
f 1378/1790/1648 1410/1842/1646 1406/1838/1650
f 1407/1839/1651 1411/1843/1652 1301/1801/1653
f 1379/1793/1654 1378/1790/1648 1406/1838/1650
f 1407/1839/1651 1301/1801/1653 1374/1779/1655
f 1379/1793/1654 1406/1838/1650 1402/1834/1656
f 1403/1835/1657 1407/1839/1651 1374/1779/1655
f 1380/1795/1658 1379/1793/1654 1402/1834/1656
f 1403/1835/1657 1374/1779/1655 1373/1778/1659
f 1380/1795/1658 1402/1834/1656 1398/1830/1660
f 1373/1778/1659 1399/1831/1661 1403/1835/1657
f 1381/1797/1662 1380/1795/1658 1398/1830/1660
f 1373/1778/1659 1375/1782/1663 1399/1831/1661
f 1381/1797/1662 1398/1830/1660 1394/1826/1664
f 1375/1782/1663 1395/1827/1665 1399/1831/1661
f 1394/1826/1664 1382/1799/1666 1381/1797/1662
f 1375/1782/1663 1376/1784/1667 1395/1827/1665
f 1394/1826/1664 1390/1822/1668 1382/1799/1666
f 1376/1784/1667 1391/1823/1669 1395/1827/1665
f 1390/1822/1668 1348/1805/1670 1382/1799/1666
f 1376/1784/1667 1377/1786/1671 1391/1823/1669
f 1390/1822/1668 1386/1818/1672 1348/1805/1670
f 1377/1786/1671 1387/1819/1673 1391/1823/1669
f 1386/1818/1674 1416/1848/1675 1348/1805/1676
f 1377/1786/1671 1349/1788/1677 1387/1819/1673
f 1386/1818/1674 1383/1815/1678 1416/1848/1675
f 1383/1815/1678 1387/1819/1673 1349/1788/1677
f 1383/1815/1678 1349/1788/1677 1416/1848/1675
